source_id	original_url_or_path	source_type	title_or_subject	date	evidence_status	currentness	new_route	new_section_or_record	treatment	reason	implemented	verified
FILE-1	01-understand/UNDERSTAND.md	text/plain	Stage 1 understanding report and initial evidence guide	Stage 1 working artifact; pre-Stage 2	Strong inference	dated-or-historical		Evidence and verification	consolidated	Source supports the reconciled site record, coverage ledger, verification, or a broader canonical responsibility without needing its own public page.	yes	yes
FILE-2	02-collect/.DS_Store	application/octet-stream	macOS Finder metadata; no substantive Garden Gate content	System metadata; date not content-relevant	Do not publish	excluded			exclude-obsolete	Stage 3/4 identifies this material as unsafe, unsupported, obsolete, empty, retired, or rights-limited.	yes	yes
FILE-3	02-collect/COLLECT.md	text/plain	Stage 2 collection report and reconciliation summary	Stage 2 working artifact, 2026-08-27	Strong inference	dated-or-historical		Evidence and verification	consolidated	Source supports the reconciled site record, coverage ledger, verification, or a broader canonical responsibility without needing its own public page.	yes	yes
FILE-4	02-collect/HOMEPAGE-SOURCE-NOTES.md	text/plain	Stage 2 homepage-relevant evidence notes	Stage 2 working artifact, 2026-08-27	Strong inference	dated-or-historical		Evidence and verification	consolidated	Source supports the reconciled site record, coverage ledger, verification, or a broader canonical responsibility without needing its own public page.	yes	yes
FILE-5	02-collect/SOURCE-MAP.md	text/plain	Stage 2 source authority and coverage map	Stage 2 working artifact, 2026-08-27	Strong inference	dated-or-historical		Evidence and verification	consolidated	Source supports the reconciled site record, coverage ledger, verification, or a broader canonical responsibility without needing its own public page.	yes	yes
FILE-6	02-collect/assets/.DS_Store	application/octet-stream	macOS Finder metadata; no substantive Garden Gate content	System metadata; date not content-relevant	Do not publish	excluded			exclude-obsolete	Stage 3/4 identifies this material as unsafe, unsupported, obsolete, empty, retired, or rights-limited.	yes	yes
FILE-7	02-collect/assets/ASSET-INVENTORY.tsv	text/plain	Canonical 284-row media inventory	Stage 2 capture, 2026-08-27; underlying media dates vary	Verified current public information	dated-or-historical			deferred	Photograph or media record remains available to the approved image library; only final selected photographs are published and documented in IMAGE-USAGE.tsv.	yes	yes
FILE-8	02-collect/assets/ASSET-SOURCES.tsv	text/plain	672-row media-to-source occurrence map	Stage 2 capture, 2026-08-27; underlying media dates vary	Verified current public information	dated-or-historical			deferred	Photograph or media record remains available to the approved image library; only final selected photographs are published and documented in IMAGE-USAGE.tsv.	yes	yes
FILE-9	02-collect/assets/README.md	text/plain	Asset collection structure and rights/readme notes	Stage 2 working artifact, 2026-08-27	Strong inference	dated-or-historical			deferred	Photograph or media record remains available to the approved image library; only final selected photographs are published and documented in IMAGE-USAGE.tsv.	yes	yes
FILE-10	02-collect/assets/official-site-images/.DS_Store	application/octet-stream	macOS Finder metadata; no substantive Garden Gate content	System metadata; date not content-relevant	Do not publish	excluded			exclude-obsolete	Stage 3/4 identifies this material as unsafe, unsupported, obsolete, empty, retired, or rights-limited.	yes	yes
FILE-11	02-collect/assets/official-site-images/brand-unverified/ASSET-010--favicon.png	image/png	ASSET-010: Partnership/support reference — green “G” favicon/brand mark	Current-page asset; image date mostly unstated	Do not publish	excluded			exclude-obsolete	Stage 3/4 identifies this material as unsafe, unsupported, obsolete, empty, retired, or rights-limited.	yes	yes
FILE-12	02-collect/assets/official-site-images/restricted-child-rights/ASSET-003--Felix-Neck-Tree-Climbing-GG.jpg	image/jpeg	ASSET-003: Outdoor/place-based learning — children climbing a large tree outdoors	Current-page asset; image date mostly unstated	Historical evidence	dated-or-historical			deferred	Photograph or media record remains available to the approved image library; only final selected photographs are published and documented in IMAGE-USAGE.tsv.	yes	yes
FILE-13	02-collect/assets/official-site-images/restricted-child-rights/ASSET-004--GG-Founders1.jpg	image/jpeg	ASSET-004: Educator learning — founders at a professional-learning display	Historical professional-development archive; event date not established here	Historical evidence	dated-or-historical			deferred	Photograph or media record remains available to the approved image library; only final selected photographs are published and documented in IMAGE-USAGE.tsv.	yes	yes
FILE-14	02-collect/assets/official-site-images/restricted-child-rights/ASSET-005--Garden-Gate-CDC-Web-Banner.jpg	image/jpeg	ASSET-005: Studio/project learning — child painting with watercolor and flowers	Current-page asset; image date mostly unstated	Historical evidence	dated-or-historical			deferred	Photograph or media record remains available to the approved image library; only final selected photographs are published and documented in IMAGE-USAGE.tsv.	yes	yes
FILE-15	02-collect/assets/official-site-images/restricted-child-rights/ASSET-006--Exploring-Projects.jpg	image/jpeg	ASSET-006: Studio/project learning — child painting at a work table	Current-page asset; image date mostly unstated	Historical evidence	dated-or-historical			deferred	Photograph or media record remains available to the approved image library; only final selected photographs are published and documented in IMAGE-USAGE.tsv.	yes	yes
FILE-16	02-collect/assets/official-site-images/restricted-child-rights/ASSET-007--Creative-Clay.jpg	image/jpeg	ASSET-007: Studio/project learning — child working clay with tools	Current-page asset; image date mostly unstated	Historical evidence	dated-or-historical			deferred	Photograph or media record remains available to the approved image library; only final selected photographs are published and documented in IMAGE-USAGE.tsv.	yes	yes
FILE-17	02-collect/assets/official-site-images/restricted-child-rights/ASSET-008--.1Tye-Dye.jpg	image/jpeg	ASSET-008: Outdoor/place-based learning — tie-dyed textiles displayed outdoors	Current-page asset; image date mostly unstated	Historical evidence	dated-or-historical			deferred	Photograph or media record remains available to the approved image library; only final selected photographs are published and documented in IMAGE-USAGE.tsv.	yes	yes
FILE-18	02-collect/assets/official-site-images/restricted-child-rights/ASSET-009--GG-Building1.jpg	image/jpeg	ASSET-009: Outdoor/place-based learning — former Garden Gate building and fenced yard	Historical former-site image on the current press collection	Historical evidence	dated-or-historical			deferred	Photograph or media record remains available to the approved image library; only final selected photographs are published and documented in IMAGE-USAGE.tsv.	yes	yes
FILE-19	02-collect/assets/official-site-images/restricted-child-rights/ASSET-012--119641759_3713752725301412_6149950435623913334_o.jpg	image/jpeg	ASSET-012: Studio/project learning — children collaborating in a studio classroom	Archive context, approximately 2020–22	Historical evidence	dated-or-historical			deferred	Photograph or media record remains available to the approved image library; only final selected photographs are published and documented in IMAGE-USAGE.tsv.	yes	yes
FILE-20	02-collect/assets/official-site-images/restricted-child-rights/ASSET-013--119641759_3713752725301412_6149950435623913334_o.jpg	image/jpeg	ASSET-013: Studio/project learning — variant of the same studio-classroom scene	Archive context, approximately 2020–22	Historical evidence	dated-or-historical			deferred	Photograph or media record remains available to the approved image library; only final selected photographs are published and documented in IMAGE-USAGE.tsv.	yes	yes
FILE-21	02-collect/assets/official-site-images/restricted-child-rights/ASSET-014--fullsizeoutput_10d8.jpg	image/jpeg	ASSET-014: Educator learning — professional-development group and event display	Archive context, approximately 2020–22	Historical evidence	dated-or-historical			deferred	Photograph or media record remains available to the approved image library; only final selected photographs are published and documented in IMAGE-USAGE.tsv.	yes	yes
FILE-22	02-collect/assets/official-site-images/restricted-child-rights/ASSET-015--IMG_0567.jpg	image/jpeg	ASSET-015: Outdoor/place-based learning — teacher leading children across an open field	Archive context, approximately 2020–22	Historical evidence	dated-or-historical			deferred	Photograph or media record remains available to the approved image library; only final selected photographs are published and documented in IMAGE-USAGE.tsv.	yes	yes
FILE-23	02-collect/assets/official-site-images/restricted-child-rights/ASSET-016--IMG_0567.jpg	image/jpeg	ASSET-016: Outdoor/place-based learning — teacher leading children across an open field	Archive context, approximately 2020–22	Historical evidence	dated-or-historical			duplicate	Duplicate of 02-collect/assets/official-site-images/restricted-child-rights/ASSET-015--IMG_0567.jpg; represented once through the controlling record.	yes	yes
FILE-24	02-collect/assets/official-site-images/restricted-child-rights/ASSET-017--fullsizeoutput_10d8.jpg	image/jpeg	ASSET-017: Educator learning — professional-development group portrait	Archive context, approximately 2020–22	Historical evidence	dated-or-historical			deferred	Photograph or media record remains available to the approved image library; only final selected photographs are published and documented in IMAGE-USAGE.tsv.	yes	yes
FILE-25	02-collect/assets/official-site-images/restricted-child-rights/ASSET-018--pasted-image-0.png	image/png	ASSET-018: Outdoor/place-based learning — masked staff and child at a former-site setting	Archive context, approximately 2020–22	Historical evidence	dated-or-historical			deferred	Photograph or media record remains available to the approved image library; only final selected photographs are published and documented in IMAGE-USAGE.tsv.	yes	yes
FILE-26	02-collect/assets/official-site-images/restricted-child-rights/ASSET-019--pasted-image-0.jpg	image/jpeg	ASSET-019: Outdoor/place-based learning — masked staff and child at a former-site setting	Archive context, approximately 2020–22	Historical evidence	dated-or-historical			deferred	Photograph or media record remains available to the approved image library; only final selected photographs are published and documented in IMAGE-USAGE.tsv.	yes	yes
FILE-27	02-collect/assets/official-site-images/restricted-child-rights/ASSET-020--478997_624519357558113_1511819515_o.jpg	image/jpeg	ASSET-020: Documentation and children’s thinking — handwritten learning-documentation note	Archive context, approximately 2020–22	Historical evidence	dated-or-historical			deferred	Photograph or media record remains available to the approved image library; only final selected photographs are published and documented in IMAGE-USAGE.tsv.	yes	yes
FILE-28	02-collect/assets/official-site-images/restricted-child-rights/ASSET-021--478997_624519357558113_1511819515_o.jpg	image/jpeg	ASSET-021: Documentation and children’s thinking — handwritten learning-documentation note	Archive context, approximately 2020–22	Historical evidence	dated-or-historical			duplicate	Duplicate of 02-collect/assets/official-site-images/restricted-child-rights/ASSET-020--478997_624519357558113_1511819515_o.jpg; represented once through the controlling record.	yes	yes
FILE-29	02-collect/assets/official-site-images/restricted-child-rights/ASSET-022--Facebook-Post-1.jpg	image/jpeg	ASSET-022: Historical program promotion — dated 2021–22 Kindergarten enrollment graphic	Archive context, approximately 2020–22	Historical evidence	dated-or-historical			deferred	Photograph or media record remains available to the approved image library; only final selected photographs are published and documented in IMAGE-USAGE.tsv.	yes	yes
FILE-30	02-collect/assets/official-site-images/restricted-child-rights/ASSET-023--Facebook-Post-281-29.jpg	image/jpeg	ASSET-023: Historical program promotion — dated 2021–22 Kindergarten enrollment graphic	Archive context, approximately 2020–22	Historical evidence	dated-or-historical			deferred	Photograph or media record remains available to the approved image library; only final selected photographs are published and documented in IMAGE-USAGE.tsv.	yes	yes
FILE-31	02-collect/assets/official-site-images/restricted-child-rights/ASSET-024--69036749_2713438491999512_6248344634406207488_n.jpg	image/jpeg	ASSET-024: Outdoor/place-based learning — child and adult examining an outdoor display	Historical story context, approximately 2019–22	Historical evidence	dated-or-historical			deferred	Photograph or media record remains available to the approved image library; only final selected photographs are published and documented in IMAGE-USAGE.tsv.	yes	yes
FILE-32	02-collect/assets/official-site-images/restricted-child-rights/ASSET-025--62025634_2575479522462077_6798825971349716992_n.jpg	image/jpeg	ASSET-025: Studio/project learning — adult and child viewing work in a gallery	Historical story context, approximately 2019–22	Historical evidence	dated-or-historical			deferred	Photograph or media record remains available to the approved image library; only final selected photographs are published and documented in IMAGE-USAGE.tsv.	yes	yes
FILE-33	02-collect/assets/official-site-images/restricted-child-rights/ASSET-029--Facebook-Post.jpg	image/jpeg	ASSET-029: Partnership/support reference — Martha’s Vineyard Community Services graphic	Current donation page; relationship date unstated	Do not publish	excluded			exclude-obsolete	Stage 3/4 identifies this material as unsafe, unsupported, obsolete, empty, retired, or rights-limited.	yes	yes
FILE-34	02-collect/assets/official-site-images/restricted-child-rights/ASSET-032--IMG_4258.jpg	image/jpeg	ASSET-032: Studio/project learning — children collaborating with open-ended materials	Year End Report 2022	Historical evidence	dated-or-historical			deferred	Photograph or media record remains available to the approved image library; only final selected photographs are published and documented in IMAGE-USAGE.tsv.	yes	yes
FILE-35	02-collect/assets/official-site-images/restricted-child-rights/ASSET-033--IMG_5063.jpg	image/jpeg	ASSET-033: Studio/project learning — children exploring loose parts at a table	September 2023 newsletter archive	Historical evidence	dated-or-historical			deferred	Photograph or media record remains available to the approved image library; only final selected photographs are published and documented in IMAGE-USAGE.tsv.	yes	yes
FILE-36	02-collect/assets/official-site-images/restricted-child-rights/ASSET-034--IMG_5075.jpg	image/jpeg	ASSET-034: Studio/project learning — child working at an illuminated easel	September 2023 newsletter archive	Historical evidence	dated-or-historical			deferred	Photograph or media record remains available to the approved image library; only final selected photographs are published and documented in IMAGE-USAGE.tsv.	yes	yes
FILE-37	02-collect/assets/official-site-images/restricted-child-rights/ASSET-035--IMG_5022.jpg	image/jpeg	ASSET-035: Studio/project learning — children constructing with wood and blocks	September 2023 newsletter archive	Historical evidence	dated-or-historical			deferred	Photograph or media record remains available to the approved image library; only final selected photographs are published and documented in IMAGE-USAGE.tsv.	yes	yes
FILE-38	02-collect/assets/official-site-images/restricted-child-rights/ASSET-036--IMG_4990.jpg	image/jpeg	ASSET-036: Outdoor/place-based learning — children building with crates on an outdoor stage	September 2023 newsletter archive	Historical evidence	dated-or-historical			deferred	Photograph or media record remains available to the approved image library; only final selected photographs are published and documented in IMAGE-USAGE.tsv.	yes	yes
FILE-39	02-collect/assets/official-site-images/restricted-child-rights/ASSET-037--IMG_4956.jpg	image/jpeg	ASSET-037: Studio/project learning — young children mixing and measuring materials	September 2023 newsletter archive	Historical evidence	dated-or-historical			deferred	Photograph or media record remains available to the approved image library; only final selected photographs are published and documented in IMAGE-USAGE.tsv.	yes	yes
FILE-40	02-collect/assets/official-site-images/restricted-child-rights/ASSET-038--IMG_4976.jpg	image/jpeg	ASSET-038: Studio/project learning — mixed-age collaborative classroom activity	September 2023 newsletter archive	Historical evidence	dated-or-historical			deferred	Photograph or media record remains available to the approved image library; only final selected photographs are published and documented in IMAGE-USAGE.tsv.	yes	yes
FILE-41	02-collect/assets/official-site-images/restricted-child-rights/ASSET-039--IMG_4964.jpg	image/jpeg	ASSET-039: Studio/project learning — teacher reading with a small group	September 2023 newsletter archive	Historical evidence	dated-or-historical			deferred	Photograph or media record remains available to the approved image library; only final selected photographs are published and documented in IMAGE-USAGE.tsv.	yes	yes
FILE-42	02-collect/assets/official-site-images/restricted-child-rights/ASSET-040--IMG_4896.jpg	image/jpeg	ASSET-040: Outdoor/place-based learning — children investigating a large tree outdoors	September 2023 newsletter archive	Historical evidence	dated-or-historical			deferred	Photograph or media record remains available to the approved image library; only final selected photographs are published and documented in IMAGE-USAGE.tsv.	yes	yes
FILE-43	02-collect/assets/official-site-images/restricted-child-rights/ASSET-041--IMG_4855.jpg	image/jpeg	ASSET-041: Studio/project learning — children painting with jars of color	September 2023 newsletter archive	Historical evidence	dated-or-historical			deferred	Photograph or media record remains available to the approved image library; only final selected photographs are published and documented in IMAGE-USAGE.tsv.	yes	yes
FILE-44	02-collect/assets/official-site-images/restricted-child-rights/ASSET-042--IMG_4848.jpg	image/jpeg	ASSET-042: Studio/project learning — children arranging natural loose parts	September 2023 newsletter archive	Historical evidence	dated-or-historical			deferred	Photograph or media record remains available to the approved image library; only final selected photographs are published and documented in IMAGE-USAGE.tsv.	yes	yes
FILE-45	02-collect/assets/official-site-images/restricted-child-rights/ASSET-043--IMG_4877.jpg	image/jpeg	ASSET-043: Outdoor/place-based learning — children walking together on a wooded trail	September 2023 newsletter archive	Historical evidence	dated-or-historical			deferred	Photograph or media record remains available to the approved image library; only final selected photographs are published and documented in IMAGE-USAGE.tsv.	yes	yes
FILE-46	02-collect/assets/official-site-images/restricted-child-rights/ASSET-044--IMG_4866.jpg	image/jpeg	ASSET-044: Outdoor/place-based learning — children measuring or documenting a tree	September 2023 newsletter archive	Historical evidence	dated-or-historical			deferred	Photograph or media record remains available to the approved image library; only final selected photographs are published and documented in IMAGE-USAGE.tsv.	yes	yes
FILE-47	02-collect/assets/official-site-images/restricted-child-rights/ASSET-045--IMG_4834.jpg	image/jpeg	ASSET-045: Studio/project learning — children painting together at a studio table	September 2023 newsletter archive	Historical evidence	dated-or-historical			deferred	Photograph or media record remains available to the approved image library; only final selected photographs are published and documented in IMAGE-USAGE.tsv.	yes	yes
FILE-48	02-collect/assets/official-site-images/restricted-child-rights/ASSET-046--IMG_4718.jpg	image/jpeg	ASSET-046: Studio/project learning — child presenting a colorful block construction	September 2023 newsletter archive	Historical evidence	dated-or-historical			deferred	Photograph or media record remains available to the approved image library; only final selected photographs are published and documented in IMAGE-USAGE.tsv.	yes	yes
FILE-49	02-collect/assets/official-site-images/restricted-child-rights/ASSET-047--IMG_7769.jpg	image/jpeg	ASSET-047: Studio/project learning — teacher and children in a classroom exchange	September 2023 newsletter archive	Historical evidence	dated-or-historical			deferred	Photograph or media record remains available to the approved image library; only final selected photographs are published and documented in IMAGE-USAGE.tsv.	yes	yes
FILE-50	02-collect/assets/official-site-images/restricted-child-rights/ASSET-048--IMG_7766.jpg	image/jpeg	ASSET-048: Studio/project learning — large group gathered with an educator	September 2023 newsletter archive	Historical evidence	dated-or-historical			deferred	Photograph or media record remains available to the approved image library; only final selected photographs are published and documented in IMAGE-USAGE.tsv.	yes	yes
FILE-51	02-collect/assets/official-site-images/restricted-child-rights/ASSET-049--IMG_6276.jpg	image/jpeg	ASSET-049: Outdoor/place-based learning — children examining a small object outdoors	September 2023 newsletter archive	Historical evidence	dated-or-historical			deferred	Photograph or media record remains available to the approved image library; only final selected photographs are published and documented in IMAGE-USAGE.tsv.	yes	yes
FILE-52	02-collect/assets/official-site-images/restricted-child-rights/ASSET-050--IMG_6254.jpg	image/jpeg	ASSET-050: Studio/project learning — child composing with translucent shapes on light	September 2023 newsletter archive	Historical evidence	dated-or-historical			deferred	Photograph or media record remains available to the approved image library; only final selected photographs are published and documented in IMAGE-USAGE.tsv.	yes	yes
FILE-53	02-collect/assets/official-site-images/restricted-child-rights/ASSET-051--IMG_4280.jpg	image/jpeg	ASSET-051: Studio/project learning — children painting together at a small table	September 2023 newsletter archive	Historical evidence	dated-or-historical			deferred	Photograph or media record remains available to the approved image library; only final selected photographs are published and documented in IMAGE-USAGE.tsv.	yes	yes
FILE-54	02-collect/assets/official-site-images/restricted-child-rights/ASSET-052--IMG_4242.jpg	image/jpeg	ASSET-052: Studio/project learning — children building with blocks in the studio	September 2023 newsletter archive	Historical evidence	dated-or-historical			deferred	Photograph or media record remains available to the approved image library; only final selected photographs are published and documented in IMAGE-USAGE.tsv.	yes	yes
FILE-55	02-collect/assets/official-site-images/restricted-child-rights/ASSET-053--IMG_4415.jpg	image/jpeg	ASSET-053: Studio/project learning — children visiting a gallery exhibition	September 2023 newsletter archive	Historical evidence	dated-or-historical			deferred	Photograph or media record remains available to the approved image library; only final selected photographs are published and documented in IMAGE-USAGE.tsv.	yes	yes
FILE-56	02-collect/assets/official-site-images/restricted-child-rights/ASSET-054--IMG_1065.jpg	image/jpeg	ASSET-054: Studio/project learning — child shaping small figures or materials	September 2023 newsletter archive	Historical evidence	dated-or-historical			deferred	Photograph or media record remains available to the approved image library; only final selected photographs are published and documented in IMAGE-USAGE.tsv.	yes	yes
FILE-57	02-collect/assets/official-site-images/restricted-child-rights/ASSET-055--IMG_7602.jpg	image/jpeg	ASSET-055: Studio/project learning — group exploring translucent materials on light	September 2023 newsletter archive	Historical evidence	dated-or-historical			deferred	Photograph or media record remains available to the approved image library; only final selected photographs are published and documented in IMAGE-USAGE.tsv.	yes	yes
FILE-58	02-collect/assets/official-site-images/restricted-child-rights/ASSET-056--IMG_1049.jpg	image/jpeg	ASSET-056: Studio/project learning — child displaying paint and textured hand work	September 2023 newsletter archive	Historical evidence	dated-or-historical			deferred	Photograph or media record remains available to the approved image library; only final selected photographs are published and documented in IMAGE-USAGE.tsv.	yes	yes
FILE-59	02-collect/assets/official-site-images/restricted-child-rights/ASSET-057--IMG_1038.jpg	image/jpeg	ASSET-057: Studio/project learning — children drawing and observing faces in mirrors	September 2023 newsletter archive	Historical evidence	dated-or-historical			deferred	Photograph or media record remains available to the approved image library; only final selected photographs are published and documented in IMAGE-USAGE.tsv.	yes	yes
FILE-60	02-collect/assets/official-site-images/restricted-child-rights/ASSET-058--IMG_1090.jpg	image/jpeg	ASSET-058: Studio/project learning — children observing faces through mirrors	September 2023 newsletter archive	Historical evidence	dated-or-historical			deferred	Photograph or media record remains available to the approved image library; only final selected photographs are published and documented in IMAGE-USAGE.tsv.	yes	yes
FILE-61	02-collect/assets/official-site-images/restricted-child-rights/ASSET-059--IMG_1040.jpg	image/jpeg	ASSET-059: Studio/project learning — child using a mirror for self-observation	September 2023 newsletter archive	Historical evidence	dated-or-historical			deferred	Photograph or media record remains available to the approved image library; only final selected photographs are published and documented in IMAGE-USAGE.tsv.	yes	yes
FILE-62	02-collect/assets/official-site-images/restricted-child-rights/ASSET-060--IMG_1061.jpg	image/jpeg	ASSET-060: Studio/project learning — child drawing carefully at a table	September 2023 newsletter archive	Historical evidence	dated-or-historical			deferred	Photograph or media record remains available to the approved image library; only final selected photographs are published and documented in IMAGE-USAGE.tsv.	yes	yes
FILE-63	02-collect/assets/official-site-images/restricted-child-rights/ASSET-061--IMG_1059.jpg	image/jpeg	ASSET-061: Studio/project learning — child cutting and arranging small art materials	September 2023 newsletter archive	Historical evidence	dated-or-historical			deferred	Photograph or media record remains available to the approved image library; only final selected photographs are published and documented in IMAGE-USAGE.tsv.	yes	yes
FILE-64	02-collect/assets/official-site-images/restricted-child-rights/ASSET-062--IMG_1099.jpg	image/jpeg	ASSET-062: Studio/project learning — children painting collaboratively at a large table	September 2023 newsletter archive	Historical evidence	dated-or-historical			deferred	Photograph or media record remains available to the approved image library; only final selected photographs are published and documented in IMAGE-USAGE.tsv.	yes	yes
FILE-65	02-collect/assets/official-site-images/restricted-child-rights/ASSET-063--IMG_5977.jpg	image/jpeg	ASSET-063: Studio/project learning — children engaged in dramatic play with loose parts	September 2023 newsletter archive	Historical evidence	dated-or-historical			deferred	Photograph or media record remains available to the approved image library; only final selected photographs are published and documented in IMAGE-USAGE.tsv.	yes	yes
FILE-66	02-collect/assets/official-site-images/restricted-child-rights/ASSET-064--IMG_7623.jpg	image/jpeg	ASSET-064: Studio/project learning — child assembling a fabric or collage work	September 2023 newsletter archive	Historical evidence	dated-or-historical			deferred	Photograph or media record remains available to the approved image library; only final selected photographs are published and documented in IMAGE-USAGE.tsv.	yes	yes
FILE-67	02-collect/assets/official-site-images/restricted-child-rights/ASSET-065--IMG_5717.jpg	image/jpeg	ASSET-065: Studio/project learning — children investigating clay and natural materials	September 2023 newsletter archive	Historical evidence	dated-or-historical			deferred	Photograph or media record remains available to the approved image library; only final selected photographs are published and documented in IMAGE-USAGE.tsv.	yes	yes
FILE-68	02-collect/assets/official-site-images/restricted-child-rights/ASSET-066--IMG_6044.jpg	image/jpeg	ASSET-066: Studio/project learning — children collaborating with clay and tools	September 2023 newsletter archive	Historical evidence	dated-or-historical			deferred	Photograph or media record remains available to the approved image library; only final selected photographs are published and documented in IMAGE-USAGE.tsv.	yes	yes
FILE-69	02-collect/assets/official-site-images/restricted-child-rights/ASSET-067--IMG_5719.jpg	image/jpeg	ASSET-067: Studio/project learning — children designing with paper, tape, and drawing	September 2023 newsletter archive	Historical evidence	dated-or-historical			deferred	Photograph or media record remains available to the approved image library; only final selected photographs are published and documented in IMAGE-USAGE.tsv.	yes	yes
FILE-70	02-collect/assets/official-site-images/restricted-child-rights/ASSET-068--IMG_1051.jpg	image/jpeg	ASSET-068: Studio/project learning — children constructing with wood pieces	September 2023 newsletter archive	Historical evidence	dated-or-historical			deferred	Photograph or media record remains available to the approved image library; only final selected photographs are published and documented in IMAGE-USAGE.tsv.	yes	yes
FILE-71	02-collect/assets/official-site-images/restricted-child-rights/ASSET-069--IMG_1026.jpg	image/jpeg	ASSET-069: Studio/project learning — children presenting a large block structure	September 2023 newsletter archive	Historical evidence	dated-or-historical			deferred	Photograph or media record remains available to the approved image library; only final selected photographs are published and documented in IMAGE-USAGE.tsv.	yes	yes
FILE-72	02-collect/assets/official-site-images/restricted-child-rights/ASSET-070--IMG_7728.jpg	image/jpeg	ASSET-070: Studio/project learning — educator and children discussing floor-based work	September 2023 newsletter archive	Historical evidence	dated-or-historical			deferred	Photograph or media record remains available to the approved image library; only final selected photographs are published and documented in IMAGE-USAGE.tsv.	yes	yes
FILE-73	02-collect/assets/official-site-images/restricted-child-rights/ASSET-071--IMG_7735.jpg	image/jpeg	ASSET-071: Studio/project learning — child weighing or measuring classroom objects	September 2023 newsletter archive	Historical evidence	dated-or-historical			deferred	Photograph or media record remains available to the approved image library; only final selected photographs are published and documented in IMAGE-USAGE.tsv.	yes	yes
FILE-74	02-collect/assets/official-site-images/restricted-child-rights/ASSET-072--IMG_7719.jpg	image/jpeg	ASSET-072: Studio/project learning — child drawing from a photographic reference	September 2023 newsletter archive	Historical evidence	dated-or-historical			deferred	Photograph or media record remains available to the approved image library; only final selected photographs are published and documented in IMAGE-USAGE.tsv.	yes	yes
FILE-75	02-collect/assets/official-site-images/restricted-child-rights/ASSET-073--IMG_7776.jpg	image/jpeg	ASSET-073: Studio/project learning — child drawing a grid in a sketchbook	September 2023 newsletter archive	Historical evidence	dated-or-historical			deferred	Photograph or media record remains available to the approved image library; only final selected photographs are published and documented in IMAGE-USAGE.tsv.	yes	yes
FILE-76	02-collect/assets/official-site-images/restricted-child-rights/ASSET-074--IMG_4429.jpg	image/jpeg	ASSET-074: Studio/project learning — children discussing work during a gallery visit	September 2023 newsletter archive	Historical evidence	dated-or-historical			deferred	Photograph or media record remains available to the approved image library; only final selected photographs are published and documented in IMAGE-USAGE.tsv.	yes	yes
FILE-77	02-collect/assets/official-site-images/restricted-child-rights/ASSET-075--IMG_7788.jpg	image/jpeg	ASSET-075: Studio/project learning — child holding a handmade mask	September 2023 newsletter archive	Historical evidence	dated-or-historical			deferred	Photograph or media record remains available to the approved image library; only final selected photographs are published and documented in IMAGE-USAGE.tsv.	yes	yes
FILE-78	02-collect/assets/official-site-images/restricted-child-rights/ASSET-076--IMG_7797.jpg	image/jpeg	ASSET-076: Documentation and children’s thinking — child’s drawing and written thinking	September 2023 newsletter archive	Historical evidence	dated-or-historical			deferred	Photograph or media record remains available to the approved image library; only final selected photographs are published and documented in IMAGE-USAGE.tsv.	yes	yes
FILE-79	02-collect/assets/official-site-images/restricted-child-rights/ASSET-077--IMG_7787.jpg	image/jpeg	ASSET-077: Studio/project learning — child wearing a handmade mask	September 2023 newsletter archive	Historical evidence	dated-or-historical			deferred	Photograph or media record remains available to the approved image library; only final selected photographs are published and documented in IMAGE-USAGE.tsv.	yes	yes
FILE-80	02-collect/assets/official-site-images/restricted-child-rights/ASSET-078--IMG_7852.jpg	image/jpeg	ASSET-078: Studio/project learning — child drawing from a photographic image	September 2023 newsletter archive	Historical evidence	dated-or-historical			deferred	Photograph or media record remains available to the approved image library; only final selected photographs are published and documented in IMAGE-USAGE.tsv.	yes	yes
FILE-81	02-collect/assets/official-site-images/restricted-child-rights/ASSET-079--IMG_7801.jpg	image/jpeg	ASSET-079: Studio/project learning — child standing beside a large cardboard sculpture	September 2023 newsletter archive	Historical evidence	dated-or-historical			deferred	Photograph or media record remains available to the approved image library; only final selected photographs are published and documented in IMAGE-USAGE.tsv.	yes	yes
FILE-82	02-collect/assets/official-site-images/restricted-child-rights/ASSET-080--IMG_7899.jpg	image/jpeg	ASSET-080: Documentation and children’s thinking — child connecting alphabet reference and drawing	September 2023 newsletter archive	Historical evidence	dated-or-historical			deferred	Photograph or media record remains available to the approved image library; only final selected photographs are published and documented in IMAGE-USAGE.tsv.	yes	yes
FILE-83	02-collect/assets/official-site-images/restricted-child-rights/ASSET-081--IMG_7826.jpg	image/jpeg	ASSET-081: Studio/project learning — children painting with loose materials on the floor	September 2023 newsletter archive	Historical evidence	dated-or-historical			deferred	Photograph or media record remains available to the approved image library; only final selected photographs are published and documented in IMAGE-USAGE.tsv.	yes	yes
FILE-84	02-collect/assets/official-site-images/restricted-child-rights/ASSET-082--IMG_7903.jpg	image/jpeg	ASSET-082: Documentation and children’s thinking — child’s documented drawing and writing	September 2023 newsletter archive	Historical evidence	dated-or-historical			deferred	Photograph or media record remains available to the approved image library; only final selected photographs are published and documented in IMAGE-USAGE.tsv.	yes	yes
FILE-85	02-collect/assets/official-site-images/restricted-child-rights/ASSET-083--IMG_7611.jpg	image/jpeg	ASSET-083: Studio/project learning — child drawing from a reference image	September 2023 newsletter archive	Historical evidence	dated-or-historical			deferred	Photograph or media record remains available to the approved image library; only final selected photographs are published and documented in IMAGE-USAGE.tsv.	yes	yes
FILE-86	02-collect/assets/official-site-images/restricted-child-rights/ASSET-084--IMG_7627.jpg	image/jpeg	ASSET-084: Studio/project learning — children constructing with wood and tools	September 2023 newsletter archive	Historical evidence	dated-or-historical			deferred	Photograph or media record remains available to the approved image library; only final selected photographs are published and documented in IMAGE-USAGE.tsv.	yes	yes
FILE-87	02-collect/assets/official-site-images/restricted-child-rights/ASSET-085--IMG_7632.jpg	image/jpeg	ASSET-085: Outdoor/place-based learning — children closely examining a leaf outdoors	September 2023 newsletter archive	Historical evidence	dated-or-historical			deferred	Photograph or media record remains available to the approved image library; only final selected photographs are published and documented in IMAGE-USAGE.tsv.	yes	yes
FILE-88	02-collect/assets/official-site-images/restricted-child-rights/ASSET-086--IMG_4818.jpg	image/jpeg	ASSET-086: Documentation and children’s thinking — family and community photographs displayed together	September 2023 newsletter archive	Historical evidence	dated-or-historical			deferred	Photograph or media record remains available to the approved image library; only final selected photographs are published and documented in IMAGE-USAGE.tsv.	yes	yes
FILE-89	02-collect/assets/official-site-images/restricted-child-rights/ASSET-087--IMG_6060.jpg	image/jpeg	ASSET-087: Studio/project learning — child painting or printing on paper	September 2023 newsletter archive	Historical evidence	dated-or-historical			deferred	Photograph or media record remains available to the approved image library; only final selected photographs are published and documented in IMAGE-USAGE.tsv.	yes	yes
FILE-90	02-collect/assets/official-site-images/restricted-child-rights/ASSET-088--IMG_7618.jpg	image/jpeg	ASSET-088: Studio/project learning — child exploring light, reflection, or projection	September 2023 newsletter archive	Historical evidence	dated-or-historical			deferred	Photograph or media record remains available to the approved image library; only final selected photographs are published and documented in IMAGE-USAGE.tsv.	yes	yes
FILE-91	02-collect/assets/official-site-images/restricted-child-rights/ASSET-089--IMG_6082.jpg	image/jpeg	ASSET-089: Outdoor/place-based learning — children investigating sand or soil outdoors	September 2023 newsletter archive	Historical evidence	dated-or-historical			deferred	Photograph or media record remains available to the approved image library; only final selected photographs are published and documented in IMAGE-USAGE.tsv.	yes	yes
FILE-92	02-collect/assets/official-site-images/restricted-child-rights/ASSET-090--PhotoRoom_20230926_131806.jpg	image/jpeg	ASSET-090: Outdoor/place-based learning — child holding a leaf in front of their face	October 2023 newsletter archive	Historical evidence	dated-or-historical			deferred	Photograph or media record remains available to the approved image library; only final selected photographs are published and documented in IMAGE-USAGE.tsv.	yes	yes
FILE-93	02-collect/assets/official-site-images/restricted-child-rights/ASSET-091--IMG_7331.jpg	image/jpeg	ASSET-091: Outdoor/place-based learning — children walking across the Featherstone grounds	October 2023 newsletter archive	Historical evidence	dated-or-historical			deferred	Photograph or media record remains available to the approved image library; only final selected photographs are published and documented in IMAGE-USAGE.tsv.	yes	yes
FILE-94	02-collect/assets/official-site-images/restricted-child-rights/ASSET-092--IMG_7051.jpg	image/jpeg	ASSET-092: Outdoor/place-based learning — close observation of a mushroom	October 2023 newsletter archive	Historical evidence	dated-or-historical			deferred	Photograph or media record remains available to the approved image library; only final selected photographs are published and documented in IMAGE-USAGE.tsv.	yes	yes
FILE-95	02-collect/assets/official-site-images/restricted-child-rights/ASSET-093--IMG_7048.jpg	image/jpeg	ASSET-093: Outdoor/place-based learning — child investigating the forest floor	October 2023 newsletter archive	Historical evidence	dated-or-historical			deferred	Photograph or media record remains available to the approved image library; only final selected photographs are published and documented in IMAGE-USAGE.tsv.	yes	yes
FILE-96	02-collect/assets/official-site-images/restricted-child-rights/ASSET-094--IMG_6237.jpg	image/jpeg	ASSET-094: Outdoor/place-based learning — children observing a garden with an adult	October 2023 newsletter archive	Historical evidence	dated-or-historical			deferred	Photograph or media record remains available to the approved image library; only final selected photographs are published and documented in IMAGE-USAGE.tsv.	yes	yes
FILE-97	02-collect/assets/official-site-images/restricted-child-rights/ASSET-095--IMG_6233.jpg	image/jpeg	ASSET-095: Outdoor/place-based learning — children gathered at a garden fence	October 2023 newsletter archive	Historical evidence	dated-or-historical			deferred	Photograph or media record remains available to the approved image library; only final selected photographs are published and documented in IMAGE-USAGE.tsv.	yes	yes
FILE-98	02-collect/assets/official-site-images/restricted-child-rights/ASSET-096--IMG_6457.jpg	image/jpeg	ASSET-096: Outdoor/place-based learning — children following an educator through a meadow	October 2023 newsletter archive	Historical evidence	dated-or-historical			deferred	Photograph or media record remains available to the approved image library; only final selected photographs are published and documented in IMAGE-USAGE.tsv.	yes	yes
FILE-99	02-collect/assets/official-site-images/restricted-child-rights/ASSET-097--IMG_6471.jpg	image/jpeg	ASSET-097: Outdoor/place-based learning — children digging and investigating soil	October 2023 newsletter archive	Historical evidence	dated-or-historical			deferred	Photograph or media record remains available to the approved image library; only final selected photographs are published and documented in IMAGE-USAGE.tsv.	yes	yes
FILE-100	02-collect/assets/official-site-images/restricted-child-rights/ASSET-098--IMG_7059.jpg	image/jpeg	ASSET-098: Outdoor/place-based learning — children examining a woodland discovery	October 2023 newsletter archive	Historical evidence	dated-or-historical			deferred	Photograph or media record remains available to the approved image library; only final selected photographs are published and documented in IMAGE-USAGE.tsv.	yes	yes
FILE-101	02-collect/assets/official-site-images/restricted-child-rights/ASSET-099--IMG_6225.jpg	image/jpeg	ASSET-099: Outdoor/place-based learning — children walking along a wooded trail	October 2023 newsletter archive	Historical evidence	dated-or-historical			deferred	Photograph or media record remains available to the approved image library; only final selected photographs are published and documented in IMAGE-USAGE.tsv.	yes	yes
FILE-102	02-collect/assets/official-site-images/restricted-child-rights/ASSET-100--IMG_7060.jpg	image/jpeg	ASSET-100: Outdoor/place-based learning — children gathered around a large tree	October 2023 newsletter archive	Historical evidence	dated-or-historical			deferred	Photograph or media record remains available to the approved image library; only final selected photographs are published and documented in IMAGE-USAGE.tsv.	yes	yes
FILE-103	02-collect/assets/official-site-images/restricted-child-rights/ASSET-101--IMG_6236.jpg	image/jpeg	ASSET-101: Outdoor/place-based learning — children observing a garden together	October 2023 newsletter archive	Historical evidence	dated-or-historical			deferred	Photograph or media record remains available to the approved image library; only final selected photographs are published and documented in IMAGE-USAGE.tsv.	yes	yes
FILE-104	02-collect/assets/official-site-images/restricted-child-rights/ASSET-102--IMG_8208.jpg	image/jpeg	ASSET-102: Studio/project learning — natural-material miniature habitat or construction	October 2023 newsletter archive	Historical evidence	dated-or-historical			deferred	Photograph or media record remains available to the approved image library; only final selected photographs are published and documented in IMAGE-USAGE.tsv.	yes	yes
FILE-105	02-collect/assets/official-site-images/restricted-child-rights/ASSET-103--IMG_8098.jpg	image/jpeg	ASSET-103: Studio/project learning — children working on a large paper construction	October 2023 newsletter archive	Historical evidence	dated-or-historical			deferred	Photograph or media record remains available to the approved image library; only final selected photographs are published and documented in IMAGE-USAGE.tsv.	yes	yes
FILE-106	02-collect/assets/official-site-images/restricted-child-rights/ASSET-104--IMG_8096.jpg	image/jpeg	ASSET-104: Studio/project learning — cardboard-tube and carton construction	October 2023 newsletter archive	Historical evidence	dated-or-historical			deferred	Photograph or media record remains available to the approved image library; only final selected photographs are published and documented in IMAGE-USAGE.tsv.	yes	yes
FILE-107	02-collect/assets/official-site-images/restricted-child-rights/ASSET-105--IMG_8079.jpg	image/jpeg	ASSET-105: Studio/project learning — child holding a decorated paper object	October 2023 newsletter archive	Historical evidence	dated-or-historical			deferred	Photograph or media record remains available to the approved image library; only final selected photographs are published and documented in IMAGE-USAGE.tsv.	yes	yes
FILE-108	02-collect/assets/official-site-images/restricted-child-rights/ASSET-106--IMG_8210.jpg	image/jpeg	ASSET-106: Documentation and children’s thinking — faint child drawing or plan	October 2023 newsletter archive	Historical evidence	dated-or-historical			deferred	Photograph or media record remains available to the approved image library; only final selected photographs are published and documented in IMAGE-USAGE.tsv.	yes	yes
FILE-109	02-collect/assets/official-site-images/restricted-child-rights/ASSET-107--IMG_8110.jpg	image/jpeg	ASSET-107: Outdoor/place-based learning — children investigating beside a tree outdoors	October 2023 newsletter archive	Historical evidence	dated-or-historical			deferred	Photograph or media record remains available to the approved image library; only final selected photographs are published and documented in IMAGE-USAGE.tsv.	yes	yes
FILE-110	02-collect/assets/official-site-images/restricted-child-rights/ASSET-108--IMG_8084.jpg	image/jpeg	ASSET-108: Studio/project learning — cardboard and book materials arranged for inquiry	October 2023 newsletter archive	Historical evidence	dated-or-historical			deferred	Photograph or media record remains available to the approved image library; only final selected photographs are published and documented in IMAGE-USAGE.tsv.	yes	yes
FILE-111	02-collect/assets/official-site-images/restricted-child-rights/ASSET-109--IMG_8199.jpg	image/jpeg	ASSET-109: Studio/project learning — child drawing or painting from natural materials	October 2023 newsletter archive	Historical evidence	dated-or-historical			deferred	Photograph or media record remains available to the approved image library; only final selected photographs are published and documented in IMAGE-USAGE.tsv.	yes	yes
FILE-112	02-collect/assets/official-site-images/restricted-child-rights/ASSET-110--IMG_8201.jpg	image/jpeg	ASSET-110: Studio/project learning — plants and natural materials arranged for observation	October 2023 newsletter archive	Historical evidence	dated-or-historical			deferred	Photograph or media record remains available to the approved image library; only final selected photographs are published and documented in IMAGE-USAGE.tsv.	yes	yes
FILE-113	02-collect/assets/official-site-images/restricted-child-rights/ASSET-111--IMG_8080.jpg	image/jpeg	ASSET-111: Outdoor/place-based learning — child looking from classroom to outdoor setting	October 2023 newsletter archive	Historical evidence	dated-or-historical			deferred	Photograph or media record remains available to the approved image library; only final selected photographs are published and documented in IMAGE-USAGE.tsv.	yes	yes
FILE-114	02-collect/assets/official-site-images/restricted-child-rights/ASSET-112--IMG_6445.jpg	image/jpeg	ASSET-112: Outdoor/place-based learning — children carrying collections at the shoreline	October 2023 newsletter archive	Historical evidence	dated-or-historical			deferred	Photograph or media record remains available to the approved image library; only final selected photographs are published and documented in IMAGE-USAGE.tsv.	yes	yes
FILE-115	02-collect/assets/official-site-images/restricted-child-rights/ASSET-113--IMG_8233.jpg	image/jpeg	ASSET-113: Outdoor/place-based learning — children standing together at a sandy shoreline	October 2023 newsletter archive	Historical evidence	dated-or-historical			deferred	Photograph or media record remains available to the approved image library; only final selected photographs are published and documented in IMAGE-USAGE.tsv.	yes	yes
FILE-116	02-collect/assets/official-site-images/restricted-child-rights/ASSET-114--IMG_1163.jpg	image/jpeg	ASSET-114: Studio/project learning — child constructing with natural loose parts	October 2023 newsletter archive	Historical evidence	dated-or-historical			deferred	Photograph or media record remains available to the approved image library; only final selected photographs are published and documented in IMAGE-USAGE.tsv.	yes	yes
FILE-117	02-collect/assets/official-site-images/restricted-child-rights/ASSET-115--IMG_1168.jpg	image/jpeg	ASSET-115: Studio/project learning — educator supporting natural-material construction	October 2023 newsletter archive	Historical evidence	dated-or-historical			deferred	Photograph or media record remains available to the approved image library; only final selected photographs are published and documented in IMAGE-USAGE.tsv.	yes	yes
FILE-118	02-collect/assets/official-site-images/restricted-child-rights/ASSET-116--IMG_6475.jpg	image/jpeg	ASSET-116: Outdoor/place-based learning — children observing the edge of a pond	October 2023 newsletter archive	Historical evidence	dated-or-historical			deferred	Photograph or media record remains available to the approved image library; only final selected photographs are published and documented in IMAGE-USAGE.tsv.	yes	yes
FILE-119	02-collect/assets/official-site-images/restricted-child-rights/ASSET-117--IMG_6110.jpg	image/jpeg	ASSET-117: Studio/project learning — child making a face from natural materials	October 2023 newsletter archive	Historical evidence	dated-or-historical			deferred	Photograph or media record remains available to the approved image library; only final selected photographs are published and documented in IMAGE-USAGE.tsv.	yes	yes
FILE-120	02-collect/assets/official-site-images/restricted-child-rights/ASSET-118--IMG_7898.jpg	image/jpeg	ASSET-118: Outdoor/place-based learning — children in a friendly outdoor exchange	October 2023 newsletter archive	Historical evidence	dated-or-historical			deferred	Photograph or media record remains available to the approved image library; only final selected photographs are published and documented in IMAGE-USAGE.tsv.	yes	yes
FILE-121	02-collect/assets/official-site-images/restricted-child-rights/ASSET-119--IMG_1158.jpg	image/jpeg	ASSET-119: Studio/project learning — educator reading to a classroom group	October 2023 newsletter archive	Historical evidence	dated-or-historical			deferred	Photograph or media record remains available to the approved image library; only final selected photographs are published and documented in IMAGE-USAGE.tsv.	yes	yes
FILE-122	02-collect/assets/official-site-images/restricted-child-rights/ASSET-120--IMG_6131.jpg	image/jpeg	ASSET-120: Studio/project learning — children composing artwork from natural materials	October 2023 newsletter archive	Historical evidence	dated-or-historical			deferred	Photograph or media record remains available to the approved image library; only final selected photographs are published and documented in IMAGE-USAGE.tsv.	yes	yes
FILE-123	02-collect/assets/official-site-images/restricted-child-rights/ASSET-121--IMG_6472.jpg	image/jpeg	ASSET-121: Outdoor/place-based learning — children observing the shoreline together	October 2023 newsletter archive	Historical evidence	dated-or-historical			deferred	Photograph or media record remains available to the approved image library; only final selected photographs are published and documented in IMAGE-USAGE.tsv.	yes	yes
FILE-124	02-collect/assets/official-site-images/restricted-child-rights/ASSET-122--IMG_6259.jpg	image/jpeg	ASSET-122: Outdoor/place-based learning — children and educator walking a wet trail	October 2023 newsletter archive	Historical evidence	dated-or-historical			deferred	Photograph or media record remains available to the approved image library; only final selected photographs are published and documented in IMAGE-USAGE.tsv.	yes	yes
FILE-125	02-collect/assets/official-site-images/restricted-child-rights/ASSET-123--IMG_1144.jpg	image/jpeg	ASSET-123: Outdoor/place-based learning — children using fabric in imaginative outdoor play	October 2023 newsletter archive	Historical evidence	dated-or-historical			deferred	Photograph or media record remains available to the approved image library; only final selected photographs are published and documented in IMAGE-USAGE.tsv.	yes	yes
FILE-126	02-collect/assets/official-site-images/restricted-child-rights/ASSET-124--IMG_6487.jpg	image/jpeg	ASSET-124: Outdoor/place-based learning — children walking together on a trail	October 2023 newsletter archive	Historical evidence	dated-or-historical			deferred	Photograph or media record remains available to the approved image library; only final selected photographs are published and documented in IMAGE-USAGE.tsv.	yes	yes
FILE-127	02-collect/assets/official-site-images/restricted-child-rights/ASSET-125--IMG_1150.jpg	image/jpeg	ASSET-125: Outdoor/place-based learning — child running through an open outdoor space	October 2023 newsletter archive	Historical evidence	dated-or-historical			deferred	Photograph or media record remains available to the approved image library; only final selected photographs are published and documented in IMAGE-USAGE.tsv.	yes	yes
FILE-128	02-collect/assets/official-site-images/restricted-child-rights/ASSET-126--IMG_8243.jpg	image/jpeg	ASSET-126: Documentation and children’s thinking — child drawing of a play structure	October 2023 newsletter archive	Historical evidence	dated-or-historical			deferred	Photograph or media record remains available to the approved image library; only final selected photographs are published and documented in IMAGE-USAGE.tsv.	yes	yes
FILE-129	02-collect/assets/official-site-images/restricted-child-rights/ASSET-127--IMG_8244.jpg	image/jpeg	ASSET-127: Documentation and children’s thinking — child drawing of structures and pathways	October 2023 newsletter archive	Historical evidence	dated-or-historical			deferred	Photograph or media record remains available to the approved image library; only final selected photographs are published and documented in IMAGE-USAGE.tsv.	yes	yes
FILE-130	02-collect/assets/official-site-images/restricted-child-rights/ASSET-128--IMG_8242.jpg	image/jpeg	ASSET-128: Documentation and children’s thinking — child drawing of movement and outdoor ideas	October 2023 newsletter archive	Historical evidence	dated-or-historical			deferred	Photograph or media record remains available to the approved image library; only final selected photographs are published and documented in IMAGE-USAGE.tsv.	yes	yes
FILE-131	02-collect/assets/official-site-images/restricted-child-rights/ASSET-129--IMG_7240.jpg	image/jpeg	ASSET-129: Outdoor/place-based learning — children moving through a sunlit meadow	October 2023 newsletter archive	Historical evidence	dated-or-historical			deferred	Photograph or media record remains available to the approved image library; only final selected photographs are published and documented in IMAGE-USAGE.tsv.	yes	yes
FILE-132	02-collect/assets/official-site-images/restricted-child-rights/ASSET-130--IMG_9424.jpg	image/jpeg	ASSET-130: Studio/project learning — children constructing with cardboard and wood	November 2023 newsletter archive	Historical evidence	dated-or-historical			deferred	Photograph or media record remains available to the approved image library; only final selected photographs are published and documented in IMAGE-USAGE.tsv.	yes	yes
FILE-133	02-collect/assets/official-site-images/restricted-child-rights/ASSET-131--IMG_9322.jpg	image/jpeg	ASSET-131: Studio/project learning — child building with colorful geometric blocks	November 2023 newsletter archive	Historical evidence	dated-or-historical			deferred	Photograph or media record remains available to the approved image library; only final selected photographs are published and documented in IMAGE-USAGE.tsv.	yes	yes
FILE-134	02-collect/assets/official-site-images/restricted-child-rights/ASSET-132--IMG_9938.jpg	image/jpeg	ASSET-132: Outdoor/place-based learning — children inside a branch-and-tree structure	November 2023 newsletter archive	Historical evidence	dated-or-historical			deferred	Photograph or media record remains available to the approved image library; only final selected photographs are published and documented in IMAGE-USAGE.tsv.	yes	yes
FILE-135	02-collect/assets/official-site-images/restricted-child-rights/ASSET-133--IMG_6795.jpg	image/jpeg	ASSET-133: Studio/project learning — children in construction-based dramatic play	November 2023 newsletter archive	Historical evidence	dated-or-historical			deferred	Photograph or media record remains available to the approved image library; only final selected photographs are published and documented in IMAGE-USAGE.tsv.	yes	yes
FILE-136	02-collect/assets/official-site-images/restricted-child-rights/ASSET-134--IMG_6826.jpg	image/jpeg	ASSET-134: Documentation and children’s thinking — children using books and drawings to plan	November 2023 newsletter archive	Historical evidence	dated-or-historical			deferred	Photograph or media record remains available to the approved image library; only final selected photographs are published and documented in IMAGE-USAGE.tsv.	yes	yes
FILE-137	02-collect/assets/official-site-images/restricted-child-rights/ASSET-135--IMG_1397.jpg	image/jpeg	ASSET-135: Studio/project learning — large floor construction made from wood pieces	November 2023 newsletter archive	Historical evidence	dated-or-historical			deferred	Photograph or media record remains available to the approved image library; only final selected photographs are published and documented in IMAGE-USAGE.tsv.	yes	yes
FILE-138	02-collect/assets/official-site-images/restricted-child-rights/ASSET-136--IMG_8352.jpg	image/jpeg	ASSET-136: Studio/project learning — child developing a cardboard construction	November 2023 newsletter archive	Historical evidence	dated-or-historical			deferred	Photograph or media record remains available to the approved image library; only final selected photographs are published and documented in IMAGE-USAGE.tsv.	yes	yes
FILE-139	02-collect/assets/official-site-images/restricted-child-rights/ASSET-137--IMG_8347.jpg	image/jpeg	ASSET-137: Studio/project learning — child combining cardboard, fabric, and loose parts	November 2023 newsletter archive	Historical evidence	dated-or-historical			deferred	Photograph or media record remains available to the approved image library; only final selected photographs are published and documented in IMAGE-USAGE.tsv.	yes	yes
FILE-140	02-collect/assets/official-site-images/restricted-child-rights/ASSET-138--IMG_8483.jpg	image/jpeg	ASSET-138: Studio/project learning — educator supporting a child’s construction work	November 2023 newsletter archive	Historical evidence	dated-or-historical			deferred	Photograph or media record remains available to the approved image library; only final selected photographs are published and documented in IMAGE-USAGE.tsv.	yes	yes
FILE-141	02-collect/assets/official-site-images/restricted-child-rights/ASSET-139--IMG_8883.jpg	image/jpeg	ASSET-139: Studio/project learning — children collaborating with clay and loose parts	November 2023 newsletter archive	Historical evidence	dated-or-historical			deferred	Photograph or media record remains available to the approved image library; only final selected photographs are published and documented in IMAGE-USAGE.tsv.	yes	yes
FILE-142	02-collect/assets/official-site-images/restricted-child-rights/ASSET-140--IMG_1557.jpg	image/jpeg	ASSET-140: Studio/project learning — children exploring clay and translucent materials	December 2023 newsletter archive	Historical evidence	dated-or-historical			deferred	Photograph or media record remains available to the approved image library; only final selected photographs are published and documented in IMAGE-USAGE.tsv.	yes	yes
FILE-143	02-collect/assets/official-site-images/restricted-child-rights/ASSET-141--IMG_1715.jpg	image/jpeg	ASSET-141: Studio/project learning — wooden architectural constructions in the studio	December 2023 newsletter archive	Historical evidence	dated-or-historical			deferred	Photograph or media record remains available to the approved image library; only final selected photographs are published and documented in IMAGE-USAGE.tsv.	yes	yes
FILE-144	02-collect/assets/official-site-images/restricted-child-rights/ASSET-142--IMG_2419.jpg	image/jpeg	ASSET-142: Studio/project learning — children building together with wooden materials	December 2023 newsletter archive	Historical evidence	dated-or-historical			deferred	Photograph or media record remains available to the approved image library; only final selected photographs are published and documented in IMAGE-USAGE.tsv.	yes	yes
FILE-145	02-collect/assets/official-site-images/restricted-child-rights/ASSET-143--IMG_2362.jpg	image/jpeg	ASSET-143: Documentation and children’s thinking — documentation panel with drawings and project images	December 2023 newsletter archive	Historical evidence	dated-or-historical			deferred	Photograph or media record remains available to the approved image library; only final selected photographs are published and documented in IMAGE-USAGE.tsv.	yes	yes
FILE-146	02-collect/assets/official-site-images/restricted-child-rights/ASSET-144--IMG_2361.jpg	image/jpeg	ASSET-144: Documentation and children’s thinking — documentation panel connecting process and products	December 2023 newsletter archive	Historical evidence	dated-or-historical			deferred	Photograph or media record remains available to the approved image library; only final selected photographs are published and documented in IMAGE-USAGE.tsv.	yes	yes
FILE-147	02-collect/assets/official-site-images/restricted-child-rights/ASSET-145--IMG_1259.jpg	image/jpeg	ASSET-145: Studio/project learning — children building inside a cardboard enclosure	December 2023 newsletter archive	Historical evidence	dated-or-historical			deferred	Photograph or media record remains available to the approved image library; only final selected photographs are published and documented in IMAGE-USAGE.tsv.	yes	yes
FILE-148	02-collect/assets/official-site-images/restricted-child-rights/ASSET-146--IMG_1730.jpg	image/jpeg	ASSET-146: Studio/project learning — children presenting or performing within project work	December 2023 newsletter archive	Historical evidence	dated-or-historical			deferred	Photograph or media record remains available to the approved image library; only final selected photographs are published and documented in IMAGE-USAGE.tsv.	yes	yes
FILE-149	02-collect/assets/official-site-images/restricted-child-rights/ASSET-147--IMG_2365.jpg	image/jpeg	ASSET-147: Documentation and children’s thinking — documentation panel with plans and children’s art	December 2023 newsletter archive	Historical evidence	dated-or-historical			deferred	Photograph or media record remains available to the approved image library; only final selected photographs are published and documented in IMAGE-USAGE.tsv.	yes	yes
FILE-150	02-collect/assets/official-site-images/restricted-child-rights/ASSET-148--IMG_6942.jpg	image/jpeg	ASSET-148: Studio/project learning — child drawing a design or plan	December 2023 newsletter archive	Historical evidence	dated-or-historical			deferred	Photograph or media record remains available to the approved image library; only final selected photographs are published and documented in IMAGE-USAGE.tsv.	yes	yes
FILE-151	02-collect/assets/official-site-images/restricted-child-rights/ASSET-149--IMG_7684.jpg	image/jpeg	ASSET-149: Studio/project learning — child shaping clay with a tool	December 2023 newsletter archive	Historical evidence	dated-or-historical			deferred	Photograph or media record remains available to the approved image library; only final selected photographs are published and documented in IMAGE-USAGE.tsv.	yes	yes
FILE-152	02-collect/assets/official-site-images/restricted-child-rights/ASSET-150--IMG_7034.jpg	image/jpeg	ASSET-150: Studio/project learning — classroom art installation and suspended forms	December 2023 newsletter archive	Historical evidence	dated-or-historical			deferred	Photograph or media record remains available to the approved image library; only final selected photographs are published and documented in IMAGE-USAGE.tsv.	yes	yes
FILE-153	02-collect/assets/official-site-images/restricted-child-rights/ASSET-151--IMG_7562.jpg	image/jpeg	ASSET-151: Studio/project learning — child making a spiral drawing	December 2023 newsletter archive	Historical evidence	dated-or-historical			deferred	Photograph or media record remains available to the approved image library; only final selected photographs are published and documented in IMAGE-USAGE.tsv.	yes	yes
FILE-154	02-collect/assets/official-site-images/restricted-child-rights/ASSET-152--FullSizeRender.jpg	image/jpeg	ASSET-152: Studio/project learning — children using a space-themed dramatic-play setting	December 2023 newsletter archive	Historical evidence	dated-or-historical			deferred	Photograph or media record remains available to the approved image library; only final selected photographs are published and documented in IMAGE-USAGE.tsv.	yes	yes
FILE-155	02-collect/assets/official-site-images/restricted-child-rights/ASSET-153--IMG_7306.jpg	image/jpeg	ASSET-153: Studio/project learning — children wearing handmade observation props	December 2023 newsletter archive	Historical evidence	dated-or-historical			deferred	Photograph or media record remains available to the approved image library; only final selected photographs are published and documented in IMAGE-USAGE.tsv.	yes	yes
FILE-156	02-collect/assets/official-site-images/restricted-child-rights/ASSET-154--IMG_6969.jpg	image/jpeg	ASSET-154: Studio/project learning — large collaborative floor construction	December 2023 newsletter archive	Historical evidence	dated-or-historical			deferred	Photograph or media record remains available to the approved image library; only final selected photographs are published and documented in IMAGE-USAGE.tsv.	yes	yes
FILE-157	02-collect/assets/official-site-images/restricted-child-rights/ASSET-155--IMG_7594.jpg	image/jpeg	ASSET-155: Studio/project learning — children experimenting with flexible tubing	December 2023 newsletter archive	Historical evidence	dated-or-historical			deferred	Photograph or media record remains available to the approved image library; only final selected photographs are published and documented in IMAGE-USAGE.tsv.	yes	yes
FILE-158	02-collect/assets/official-site-images/restricted-child-rights/ASSET-156--IMG_8857.jpg	image/jpeg	ASSET-156: Studio/project learning — child presenting a model and drawing	December 2023 newsletter archive	Historical evidence	dated-or-historical			deferred	Photograph or media record remains available to the approved image library; only final selected photographs are published and documented in IMAGE-USAGE.tsv.	yes	yes
FILE-159	02-collect/assets/official-site-images/restricted-child-rights/ASSET-157--IMG_8993.jpg	image/jpeg	ASSET-157: Documentation and children’s thinking — child’s detailed project drawing	December 2023 newsletter archive	Historical evidence	dated-or-historical			deferred	Photograph or media record remains available to the approved image library; only final selected photographs are published and documented in IMAGE-USAGE.tsv.	yes	yes
FILE-160	02-collect/assets/official-site-images/restricted-child-rights/ASSET-158--IMG_8853.jpg	image/jpeg	ASSET-158: Documentation and children’s thinking — child’s drawing beside a small construction	December 2023 newsletter archive	Historical evidence	dated-or-historical			deferred	Photograph or media record remains available to the approved image library; only final selected photographs are published and documented in IMAGE-USAGE.tsv.	yes	yes
FILE-161	02-collect/assets/official-site-images/restricted-child-rights/ASSET-159--IMG_9001.jpg	image/jpeg	ASSET-159: Documentation and children’s thinking — child drawing while holding a related plan	December 2023 newsletter archive	Historical evidence	dated-or-historical			deferred	Photograph or media record remains available to the approved image library; only final selected photographs are published and documented in IMAGE-USAGE.tsv.	yes	yes
FILE-162	02-collect/assets/official-site-images/restricted-child-rights/ASSET-160--IMG_8974.jpg	image/jpeg	ASSET-160: Studio/project learning — child standing inside a cardboard wearable structure	December 2023 newsletter archive	Historical evidence	dated-or-historical			deferred	Photograph or media record remains available to the approved image library; only final selected photographs are published and documented in IMAGE-USAGE.tsv.	yes	yes
FILE-163	02-collect/assets/official-site-images/restricted-child-rights/ASSET-161--IMG_8998.jpg	image/jpeg	ASSET-161: Studio/project learning — child moving through a constructed environment	December 2023 newsletter archive	Historical evidence	dated-or-historical			deferred	Photograph or media record remains available to the approved image library; only final selected photographs are published and documented in IMAGE-USAGE.tsv.	yes	yes
FILE-164	02-collect/assets/official-site-images/restricted-child-rights/ASSET-162--IMG_8934.jpg	image/jpeg	ASSET-162: Documentation and children’s thinking — child’s drawing of an interior or shared space	December 2023 newsletter archive	Historical evidence	dated-or-historical			deferred	Photograph or media record remains available to the approved image library; only final selected photographs are published and documented in IMAGE-USAGE.tsv.	yes	yes
FILE-165	02-collect/assets/official-site-images/restricted-child-rights/ASSET-163--IMG_8937.jpg	image/jpeg	ASSET-163: Documentation and children’s thinking — child showing a drawing and written idea	December 2023 newsletter archive	Historical evidence	dated-or-historical			deferred	Photograph or media record remains available to the approved image library; only final selected photographs are published and documented in IMAGE-USAGE.tsv.	yes	yes
FILE-166	02-collect/assets/official-site-images/restricted-child-rights/ASSET-164--IMG_2976.jpg	image/jpeg	ASSET-164: Studio/project learning — close view of child painting	December 2023 newsletter archive	Historical evidence	dated-or-historical			deferred	Photograph or media record remains available to the approved image library; only final selected photographs are published and documented in IMAGE-USAGE.tsv.	yes	yes
FILE-167	02-collect/assets/official-site-images/restricted-child-rights/ASSET-165--IMG_2963.jpg	image/jpeg	ASSET-165: Studio/project learning — child measuring or experimenting with liquids	December 2023 newsletter archive	Historical evidence	dated-or-historical			deferred	Photograph or media record remains available to the approved image library; only final selected photographs are published and documented in IMAGE-USAGE.tsv.	yes	yes
FILE-168	02-collect/assets/official-site-images/restricted-child-rights/ASSET-166--IMG_2965.jpg	image/jpeg	ASSET-166: Studio/project learning — textile and wood materials arranged in the classroom	December 2023 newsletter archive	Historical evidence	dated-or-historical			deferred	Photograph or media record remains available to the approved image library; only final selected photographs are published and documented in IMAGE-USAGE.tsv.	yes	yes
FILE-169	02-collect/assets/official-site-images/restricted-child-rights/ASSET-167--IMG_2955.jpg	image/jpeg	ASSET-167: Studio/project learning — children testing a large cardboard construction	December 2023 newsletter archive	Historical evidence	dated-or-historical			deferred	Photograph or media record remains available to the approved image library; only final selected photographs are published and documented in IMAGE-USAGE.tsv.	yes	yes
FILE-170	02-collect/assets/official-site-images/restricted-child-rights/ASSET-168--IMG_1586.jpg	image/jpeg	ASSET-168: Documentation and children’s thinking — child drawing of an imagined figure	December 2023 newsletter archive	Historical evidence	dated-or-historical			deferred	Photograph or media record remains available to the approved image library; only final selected photographs are published and documented in IMAGE-USAGE.tsv.	yes	yes
FILE-171	02-collect/assets/official-site-images/restricted-child-rights/ASSET-169--IMG_1584.jpg	image/jpeg	ASSET-169: Documentation and children’s thinking — display of child drawings and scientific references	December 2023 newsletter archive	Historical evidence	dated-or-historical			deferred	Photograph or media record remains available to the approved image library; only final selected photographs are published and documented in IMAGE-USAGE.tsv.	yes	yes
FILE-172	02-collect/assets/official-site-images/restricted-child-rights/ASSET-170--IMG_1588.jpg	image/jpeg	ASSET-170: Documentation and children’s thinking — child’s model and drawing within a space inquiry	December 2023 newsletter archive	Historical evidence	dated-or-historical			deferred	Photograph or media record remains available to the approved image library; only final selected photographs are published and documented in IMAGE-USAGE.tsv.	yes	yes
FILE-173	02-collect/assets/official-site-images/restricted-child-rights/ASSET-171--IMG_1583.jpg	image/jpeg	ASSET-171: Documentation and children’s thinking — painted and drawn space-project display	December 2023 newsletter archive	Historical evidence	dated-or-historical			deferred	Photograph or media record remains available to the approved image library; only final selected photographs are published and documented in IMAGE-USAGE.tsv.	yes	yes
FILE-174	02-collect/assets/official-site-images/restricted-child-rights/ASSET-172--FDFCFA65-4D4C-4D51-9B2D-CA55061E2991.jpg	image/jpeg	ASSET-172: Studio/project learning — children drawing from small loose objects	December 2023 newsletter archive	Historical evidence	dated-or-historical			deferred	Photograph or media record remains available to the approved image library; only final selected photographs are published and documented in IMAGE-USAGE.tsv.	yes	yes
FILE-175	02-collect/assets/official-site-images/restricted-child-rights/ASSET-173--IMG_8676.jpg	image/jpeg	ASSET-173: Studio/project learning — wire-and-clay model	December 2023 newsletter archive	Historical evidence	dated-or-historical			deferred	Photograph or media record remains available to the approved image library; only final selected photographs are published and documented in IMAGE-USAGE.tsv.	yes	yes
FILE-176	02-collect/assets/official-site-images/restricted-child-rights/ASSET-174--IMG_8674.jpg	image/jpeg	ASSET-174: Studio/project learning — children bending wire and shaping materials	December 2023 newsletter archive	Historical evidence	dated-or-historical			deferred	Photograph or media record remains available to the approved image library; only final selected photographs are published and documented in IMAGE-USAGE.tsv.	yes	yes
FILE-177	02-collect/assets/official-site-images/restricted-child-rights/ASSET-175--IMG_8675.jpg	image/jpeg	ASSET-175: Studio/project learning — wire-and-clay model with child label	December 2023 newsletter archive	Historical evidence	dated-or-historical			deferred	Photograph or media record remains available to the approved image library; only final selected photographs are published and documented in IMAGE-USAGE.tsv.	yes	yes
FILE-178	02-collect/assets/official-site-images/restricted-child-rights/ASSET-176--IMG_2361.jpg	image/jpeg	ASSET-176: Documentation and children’s thinking — documentation panel connecting plans and project images	December 2023 newsletter archive	Historical evidence	dated-or-historical			duplicate	Duplicate of 02-collect/assets/official-site-images/restricted-child-rights/ASSET-144--IMG_2361.jpg; represented once through the controlling record.	yes	yes
FILE-179	02-collect/assets/official-site-images/restricted-child-rights/ASSET-177--PhotoRoom_20220803_093532.jpg	image/jpeg	ASSET-177: Studio/project learning — adult and children presenting Baby Cow artwork	Baby Cow story; historical, approximately 2022	Historical evidence	dated-or-historical			deferred	Photograph or media record remains available to the approved image library; only final selected photographs are published and documented in IMAGE-USAGE.tsv.	yes	yes
FILE-180	02-collect/assets/official-site-images/restricted-child-rights/ASSET-178--IMG_9487.jpg	image/jpeg	ASSET-178: Studio/project learning — child cutting a character drawing on fabric	The Nerdling archive, early 2024	Historical evidence	dated-or-historical			deferred	Photograph or media record remains available to the approved image library; only final selected photographs are published and documented in IMAGE-USAGE.tsv.	yes	yes
FILE-181	02-collect/assets/official-site-images/restricted-child-rights/ASSET-179--IMG_9488.jpg	image/jpeg	ASSET-179: Studio/project learning — child cutting and coloring a character drawing	The Nerdling archive, early 2024	Historical evidence	dated-or-historical			deferred	Photograph or media record remains available to the approved image library; only final selected photographs are published and documented in IMAGE-USAGE.tsv.	yes	yes
FILE-182	02-collect/assets/official-site-images/restricted-child-rights/ASSET-180--IMG_9489.jpg	image/jpeg	ASSET-180: Studio/project learning — fabric character-in-progress with paper template	The Nerdling archive, early 2024	Historical evidence	dated-or-historical			deferred	Photograph or media record remains available to the approved image library; only final selected photographs are published and documented in IMAGE-USAGE.tsv.	yes	yes
FILE-183	02-collect/assets/official-site-images/restricted-child-rights/ASSET-181--IMG_9490.jpg	image/jpeg	ASSET-181: Studio/project learning — child assembling a fabric character	The Nerdling archive, early 2024	Historical evidence	dated-or-historical			deferred	Photograph or media record remains available to the approved image library; only final selected photographs are published and documented in IMAGE-USAGE.tsv.	yes	yes
FILE-184	02-collect/assets/official-site-images/restricted-child-rights/ASSET-182--IMG_9493.jpg	image/jpeg	ASSET-182: Studio/project learning — child adding features to a fabric character	The Nerdling archive, early 2024	Historical evidence	dated-or-historical			deferred	Photograph or media record remains available to the approved image library; only final selected photographs are published and documented in IMAGE-USAGE.tsv.	yes	yes
FILE-185	02-collect/assets/official-site-images/restricted-child-rights/ASSET-183--IMG_9492.jpg	image/jpeg	ASSET-183: Studio/project learning — child coloring a fabric character from a template	The Nerdling archive, early 2024	Historical evidence	dated-or-historical			deferred	Photograph or media record remains available to the approved image library; only final selected photographs are published and documented in IMAGE-USAGE.tsv.	yes	yes
FILE-186	02-collect/assets/official-site-images/restricted-child-rights/ASSET-184--IMG_9491.jpg	image/jpeg	ASSET-184: Studio/project learning — child drawing on a fabric character	The Nerdling archive, early 2024	Historical evidence	dated-or-historical			deferred	Photograph or media record remains available to the approved image library; only final selected photographs are published and documented in IMAGE-USAGE.tsv.	yes	yes
FILE-187	02-collect/assets/official-site-images/restricted-child-rights/ASSET-185--IMG_9494.jpg	image/jpeg	ASSET-185: Studio/project learning — child displaying two character creations	The Nerdling archive, early 2024	Historical evidence	dated-or-historical			deferred	Photograph or media record remains available to the approved image library; only final selected photographs are published and documented in IMAGE-USAGE.tsv.	yes	yes
FILE-188	02-collect/assets/official-site-images/restricted-child-rights/ASSET-186--PhotoRoom_20240124_114530.jpg	image/jpeg	ASSET-186: Studio/project learning — finished “Nerdling” textile character	The Nerdling archive, early 2024	Historical evidence	dated-or-historical			deferred	Photograph or media record remains available to the approved image library; only final selected photographs are published and documented in IMAGE-USAGE.tsv.	yes	yes
FILE-189	02-collect/assets/official-site-images/restricted-child-rights/ASSET-187--IMG_8757.jpg	image/jpeg	ASSET-187: Studio/project learning — children collaboratively making a cardboard world	March 2024 newsletter archive	Historical evidence	dated-or-historical			deferred	Photograph or media record remains available to the approved image library; only final selected photographs are published and documented in IMAGE-USAGE.tsv.	yes	yes
FILE-190	02-collect/assets/official-site-images/restricted-child-rights/ASSET-188--Photoroom_20240304_160503.jpg	image/jpeg	ASSET-188: Studio/project learning — young child building with wood blocks	March 2024 newsletter archive	Historical evidence	dated-or-historical			deferred	Photograph or media record remains available to the approved image library; only final selected photographs are published and documented in IMAGE-USAGE.tsv.	yes	yes
FILE-191	02-collect/assets/official-site-images/restricted-child-rights/ASSET-189--Photoroom_20240304_160140.jpg	image/jpeg	ASSET-189: Studio/project learning — young child celebrating block play	March 2024 newsletter archive	Historical evidence	dated-or-historical			deferred	Photograph or media record remains available to the approved image library; only final selected photographs are published and documented in IMAGE-USAGE.tsv.	yes	yes
FILE-192	02-collect/assets/official-site-images/restricted-child-rights/ASSET-190--IMG_8830.jpg	image/jpeg	ASSET-190: Studio/project learning — children testing a tall block tower	March 2024 newsletter archive	Historical evidence	dated-or-historical			deferred	Photograph or media record remains available to the approved image library; only final selected photographs are published and documented in IMAGE-USAGE.tsv.	yes	yes
FILE-193	02-collect/assets/official-site-images/restricted-child-rights/ASSET-191--IMG_8699.jpg	image/jpeg	ASSET-191: Studio/project learning — child holding a clay vessel or sculpture	March 2024 newsletter archive	Historical evidence	dated-or-historical			deferred	Photograph or media record remains available to the approved image library; only final selected photographs are published and documented in IMAGE-USAGE.tsv.	yes	yes
FILE-194	02-collect/assets/official-site-images/restricted-child-rights/ASSET-192--IMG_8707.jpg	image/jpeg	ASSET-192: Studio/project learning — child shaping a clay form	March 2024 newsletter archive	Historical evidence	dated-or-historical			deferred	Photograph or media record remains available to the approved image library; only final selected photographs are published and documented in IMAGE-USAGE.tsv.	yes	yes
FILE-195	02-collect/assets/official-site-images/restricted-child-rights/ASSET-193--IMG_8779.jpg	image/jpeg	ASSET-193: Studio/project learning — child arranging flowers and natural materials	March 2024 newsletter archive	Historical evidence	dated-or-historical			deferred	Photograph or media record remains available to the approved image library; only final selected photographs are published and documented in IMAGE-USAGE.tsv.	yes	yes
FILE-196	02-collect/assets/official-site-images/restricted-child-rights/ASSET-194--IMG_8582.jpg	image/jpeg	ASSET-194: Studio/project learning — child sanding or working a small wood piece	March 2024 newsletter archive	Historical evidence	dated-or-historical			deferred	Photograph or media record remains available to the approved image library; only final selected photographs are published and documented in IMAGE-USAGE.tsv.	yes	yes
FILE-197	02-collect/assets/official-site-images/restricted-child-rights/ASSET-195--IMG_8710.jpg	image/jpeg	ASSET-195: Studio/project learning — children measuring and comparing materials	March 2024 newsletter archive	Historical evidence	dated-or-historical			deferred	Photograph or media record remains available to the approved image library; only final selected photographs are published and documented in IMAGE-USAGE.tsv.	yes	yes
FILE-198	02-collect/assets/official-site-images/restricted-child-rights/ASSET-196--IMG_8800.jpg	image/jpeg	ASSET-196: Studio/project learning — child constructing with translucent magnetic tiles	March 2024 newsletter archive	Historical evidence	dated-or-historical			deferred	Photograph or media record remains available to the approved image library; only final selected photographs are published and documented in IMAGE-USAGE.tsv.	yes	yes
FILE-199	02-collect/assets/official-site-images/restricted-child-rights/ASSET-197--IMG_8583.jpg	image/jpeg	ASSET-197: Studio/project learning — children sharing a book or idea together	March 2024 newsletter archive	Historical evidence	dated-or-historical			deferred	Photograph or media record remains available to the approved image library; only final selected photographs are published and documented in IMAGE-USAGE.tsv.	yes	yes
FILE-200	02-collect/assets/official-site-images/restricted-child-rights/ASSET-198--IMG_8687.jpg	image/jpeg	ASSET-198: Studio/project learning — educator reading with a child	March 2024 newsletter archive	Historical evidence	dated-or-historical			deferred	Photograph or media record remains available to the approved image library; only final selected photographs are published and documented in IMAGE-USAGE.tsv.	yes	yes
FILE-201	02-collect/assets/official-site-images/restricted-child-rights/ASSET-199--IMG_8819.jpg	image/jpeg	ASSET-199: Studio/project learning — child testing a tall wood-block tower	March 2024 newsletter archive	Historical evidence	dated-or-historical			deferred	Photograph or media record remains available to the approved image library; only final selected photographs are published and documented in IMAGE-USAGE.tsv.	yes	yes
FILE-202	02-collect/assets/official-site-images/restricted-child-rights/ASSET-200--IMG_2212.jpg	image/jpeg	ASSET-200: Studio/project learning — children drawing a shared map or plan	March 2024 newsletter archive	Historical evidence	dated-or-historical			deferred	Photograph or media record remains available to the approved image library; only final selected photographs are published and documented in IMAGE-USAGE.tsv.	yes	yes
FILE-203	02-collect/assets/official-site-images/restricted-child-rights/ASSET-201--IMG_8876.jpg	image/jpeg	ASSET-201: Studio/project learning — children arranging a large block environment	March 2024 newsletter archive	Historical evidence	dated-or-historical			deferred	Photograph or media record remains available to the approved image library; only final selected photographs are published and documented in IMAGE-USAGE.tsv.	yes	yes
FILE-204	02-collect/assets/official-site-images/restricted-child-rights/ASSET-202--IMG_8875.jpg	image/jpeg	ASSET-202: Studio/project learning — detailed wooden block city or structure	March 2024 newsletter archive	Historical evidence	dated-or-historical			deferred	Photograph or media record remains available to the approved image library; only final selected photographs are published and documented in IMAGE-USAGE.tsv.	yes	yes
FILE-205	02-collect/assets/official-site-images/restricted-child-rights/ASSET-203--IMG_2185.jpg	image/jpeg	ASSET-203: Studio/project learning — illuminated construction with translucent tiles	March 2024 newsletter archive	Historical evidence	dated-or-historical			deferred	Photograph or media record remains available to the approved image library; only final selected photographs are published and documented in IMAGE-USAGE.tsv.	yes	yes
FILE-206	02-collect/assets/official-site-images/restricted-child-rights/ASSET-204--IMG_2215.jpg	image/jpeg	ASSET-204: Documentation and children’s thinking — child developing a large shared drawing or map	March 2024 newsletter archive	Historical evidence	dated-or-historical			deferred	Photograph or media record remains available to the approved image library; only final selected photographs are published and documented in IMAGE-USAGE.tsv.	yes	yes
FILE-207	02-collect/assets/official-site-images/restricted-child-rights/ASSET-205--IMG_2106.jpg	image/jpeg	ASSET-205: Studio/project learning — child cutting and building a small cardboard scene	March 2024 newsletter archive	Historical evidence	dated-or-historical			deferred	Photograph or media record remains available to the approved image library; only final selected photographs are published and documented in IMAGE-USAGE.tsv.	yes	yes
FILE-208	02-collect/assets/official-site-images/restricted-child-rights/ASSET-206--IMG_8977.jpg	image/jpeg	ASSET-206: Documentation and children’s thinking — child drawing from an illustrated book	March 2024 newsletter archive	Historical evidence	dated-or-historical			deferred	Photograph or media record remains available to the approved image library; only final selected photographs are published and documented in IMAGE-USAGE.tsv.	yes	yes
FILE-209	02-collect/assets/official-site-images/restricted-child-rights/ASSET-207--IMG_8984.jpg	image/jpeg	ASSET-207: Documentation and children’s thinking — child drawing an architectural or community scene	March 2024 newsletter archive	Historical evidence	dated-or-historical			deferred	Photograph or media record remains available to the approved image library; only final selected photographs are published and documented in IMAGE-USAGE.tsv.	yes	yes
FILE-210	02-collect/assets/official-site-images/restricted-child-rights/ASSET-208--IMG_2218.jpg	image/jpeg	ASSET-208: Studio/project learning — open cardboard scene with handmade objects	March 2024 newsletter archive	Historical evidence	dated-or-historical			deferred	Photograph or media record remains available to the approved image library; only final selected photographs are published and documented in IMAGE-USAGE.tsv.	yes	yes
FILE-211	02-collect/assets/official-site-images/restricted-child-rights/ASSET-209--IMG_8757.jpg	image/jpeg	ASSET-209: Studio/project learning — children collaborating on a cardboard project	March 2024 newsletter archive	Historical evidence	dated-or-historical			deferred	Photograph or media record remains available to the approved image library; only final selected photographs are published and documented in IMAGE-USAGE.tsv.	yes	yes
FILE-212	02-collect/assets/official-site-images/restricted-child-rights/ASSET-210--IMG_2186.jpg	image/jpeg	ASSET-210: Studio/project learning — educator reading or discussing with a group	March 2024 newsletter archive	Historical evidence	dated-or-historical			deferred	Photograph or media record remains available to the approved image library; only final selected photographs are published and documented in IMAGE-USAGE.tsv.	yes	yes
FILE-213	02-collect/assets/official-site-images/restricted-child-rights/ASSET-211--IMG_8784.jpg	image/jpeg	ASSET-211: Studio/project learning — children collaborating in a rich materials setting	March 2024 newsletter archive	Historical evidence	dated-or-historical			deferred	Photograph or media record remains available to the approved image library; only final selected photographs are published and documented in IMAGE-USAGE.tsv.	yes	yes
FILE-214	02-collect/assets/official-site-images/restricted-child-rights/ASSET-212--IMG_9852.jpg	image/jpeg	ASSET-212: Documentation and children’s thinking — child drawing of a tree or outdoor structure	March 2024 newsletter archive	Historical evidence	dated-or-historical			deferred	Photograph or media record remains available to the approved image library; only final selected photographs are published and documented in IMAGE-USAGE.tsv.	yes	yes
FILE-215	02-collect/assets/official-site-images/restricted-child-rights/ASSET-213--IMG_9998.jpg	image/jpeg	ASSET-213: Documentation and children’s thinking — child drawing of a journey or community system	March 2024 newsletter archive	Historical evidence	dated-or-historical			deferred	Photograph or media record remains available to the approved image library; only final selected photographs are published and documented in IMAGE-USAGE.tsv.	yes	yes
FILE-216	02-collect/assets/official-site-images/restricted-child-rights/ASSET-214--IMG_9845.jpg	image/jpeg	ASSET-214: Studio/project learning — three-dimensional ocean or boat scene	March 2024 newsletter archive	Historical evidence	dated-or-historical			deferred	Photograph or media record remains available to the approved image library; only final selected photographs are published and documented in IMAGE-USAGE.tsv.	yes	yes
FILE-217	02-collect/assets/official-site-images/restricted-child-rights/ASSET-215--IMG_9502.jpg	image/jpeg	ASSET-215: Documentation and children’s thinking — child drawing or writing about a ship	March 2024 newsletter archive	Historical evidence	dated-or-historical			deferred	Photograph or media record remains available to the approved image library; only final selected photographs are published and documented in IMAGE-USAGE.tsv.	yes	yes
FILE-218	02-collect/assets/official-site-images/restricted-child-rights/ASSET-216--IMG_9548.jpg	image/jpeg	ASSET-216: Studio/project learning — child working with a printing or light process	March 2024 newsletter archive	Historical evidence	dated-or-historical			deferred	Photograph or media record remains available to the approved image library; only final selected photographs are published and documented in IMAGE-USAGE.tsv.	yes	yes
FILE-219	02-collect/assets/official-site-images/restricted-child-rights/ASSET-217--IMG_9701.jpg	image/jpeg	ASSET-217: Studio/project learning — children constructing inside a cardboard box	March 2024 newsletter archive	Historical evidence	dated-or-historical			deferred	Photograph or media record remains available to the approved image library; only final selected photographs are published and documented in IMAGE-USAGE.tsv.	yes	yes
FILE-220	02-collect/assets/official-site-images/restricted-child-rights/ASSET-218--IMG_9844.jpg	image/jpeg	ASSET-218: Studio/project learning — three-dimensional sea or whale scene	March 2024 newsletter archive	Historical evidence	dated-or-historical			deferred	Photograph or media record remains available to the approved image library; only final selected photographs are published and documented in IMAGE-USAGE.tsv.	yes	yes
FILE-221	02-collect/assets/official-site-images/restricted-child-rights/ASSET-219--IMG_9378.jpg	image/jpeg	ASSET-219: Outdoor/place-based learning — children observing the winter landscape from indoors	March 2024 newsletter archive	Historical evidence	dated-or-historical			deferred	Photograph or media record remains available to the approved image library; only final selected photographs are published and documented in IMAGE-USAGE.tsv.	yes	yes
FILE-222	02-collect/assets/official-site-images/restricted-child-rights/ASSET-220--IMG_9846.jpg	image/jpeg	ASSET-220: Studio/project learning — three-dimensional Martha’s Vineyard scene	March 2024 newsletter archive	Historical evidence	dated-or-historical			deferred	Photograph or media record remains available to the approved image library; only final selected photographs are published and documented in IMAGE-USAGE.tsv.	yes	yes
FILE-223	02-collect/assets/official-site-images/restricted-child-rights/ASSET-221--IMG_9967.jpg	image/jpeg	ASSET-221: Studio/project learning — children developing a shared drawing on the floor	March 2024 newsletter archive	Historical evidence	dated-or-historical			deferred	Photograph or media record remains available to the approved image library; only final selected photographs are published and documented in IMAGE-USAGE.tsv.	yes	yes
FILE-224	02-collect/assets/official-site-images/restricted-child-rights/ASSET-222--IMG_9874.jpg	image/jpeg	ASSET-222: Studio/project learning — children building a small structure with blocks	March 2024 newsletter archive	Historical evidence	dated-or-historical			deferred	Photograph or media record remains available to the approved image library; only final selected photographs are published and documented in IMAGE-USAGE.tsv.	yes	yes
FILE-225	02-collect/assets/official-site-images/restricted-child-rights/ASSET-223--IMG_9988.jpg	image/jpeg	ASSET-223: Studio/project learning — children creating a large track or pathway system	March 2024 newsletter archive	Historical evidence	dated-or-historical			deferred	Photograph or media record remains available to the approved image library; only final selected photographs are published and documented in IMAGE-USAGE.tsv.	yes	yes
FILE-226	02-collect/assets/official-site-images/restricted-child-rights/ASSET-224--FullSizeRender.jpg	image/jpeg	ASSET-224: Documentation and children’s thinking — child drawing of an inclusive community storefront	March 2024 newsletter archive	Historical evidence	dated-or-historical			deferred	Photograph or media record remains available to the approved image library; only final selected photographs are published and documented in IMAGE-USAGE.tsv.	yes	yes
FILE-227	02-collect/assets/official-site-images/restricted-child-rights/ASSET-225--IMG_5668.jpg	image/jpeg	ASSET-225: Studio/project learning — collage of classroom play and project moments	Belonging article context, approximately 2024	Historical evidence	dated-or-historical			deferred	Photograph or media record remains available to the approved image library; only final selected photographs are published and documented in IMAGE-USAGE.tsv.	yes	yes
FILE-228	02-collect/assets/official-site-images/restricted-child-rights/ASSET-226--IMG_5411.jpg	image/jpeg	ASSET-226: Studio/project learning — collage of art, materials, and relationships	Belonging article context, approximately 2024	Historical evidence	dated-or-historical			deferred	Photograph or media record remains available to the approved image library; only final selected photographs are published and documented in IMAGE-USAGE.tsv.	yes	yes
FILE-229	02-collect/assets/official-site-images/restricted-child-rights/ASSET-227--IMG_5408.jpg	image/jpeg	ASSET-227: Studio/project learning — collage of studio and outdoor learning	Belonging article context, approximately 2024	Historical evidence	dated-or-historical			deferred	Photograph or media record remains available to the approved image library; only final selected photographs are published and documented in IMAGE-USAGE.tsv.	yes	yes
FILE-230	02-collect/assets/official-site-images/restricted-child-rights/ASSET-228--IMG_5409.jpg	image/jpeg	ASSET-228: Studio/project learning — collage of collaborative classroom experiences	Belonging article context, approximately 2024	Historical evidence	dated-or-historical			deferred	Photograph or media record remains available to the approved image library; only final selected photographs are published and documented in IMAGE-USAGE.tsv.	yes	yes
FILE-231	02-collect/assets/official-site-images/restricted-child-rights/ASSET-229--IMG_5407.jpg	image/jpeg	ASSET-229: Studio/project learning — collage of outdoor and construction experiences	Belonging article context, approximately 2024	Historical evidence	dated-or-historical			deferred	Photograph or media record remains available to the approved image library; only final selected photographs are published and documented in IMAGE-USAGE.tsv.	yes	yes
FILE-232	02-collect/assets/official-site-images/restricted-child-rights/ASSET-230--IMG_5410.jpg	image/jpeg	ASSET-230: Studio/project learning — collage of relationships and nature inquiry	Belonging article context, approximately 2024	Historical evidence	dated-or-historical			deferred	Photograph or media record remains available to the approved image library; only final selected photographs are published and documented in IMAGE-USAGE.tsv.	yes	yes
FILE-233	02-collect/assets/official-site-images/restricted-child-rights/ASSET-231--IMG_5668.jpg	image/jpeg	ASSET-231: Studio/project learning — collage of classroom play and project moments	Belonging article context, approximately 2024	Historical evidence	dated-or-historical			duplicate	Duplicate of 02-collect/assets/official-site-images/restricted-child-rights/ASSET-225--IMG_5668.jpg; represented once through the controlling record.	yes	yes
FILE-234	02-collect/assets/official-site-images/restricted-child-rights/ASSET-232--thumbnail_0C3CD104-8E1E-4338-92DA-A79C7DDD1EB6.jpg	image/jpeg	ASSET-232: Studio/project learning — Baby Cow painting displayed with related materials	Baby Cow/historical story context, approximately 2022–24	Historical evidence	dated-or-historical			deferred	Photograph or media record remains available to the approved image library; only final selected photographs are published and documented in IMAGE-USAGE.tsv.	yes	yes
FILE-235	02-collect/assets/official-site-images/restricted-child-rights/ASSET-233--IMG_2251.jpg	image/jpeg	ASSET-233: Outdoor/place-based learning — child painting outdoors overlooking the campus	Baby Cow/historical story context, approximately 2022–24	Historical evidence	dated-or-historical			deferred	Photograph or media record remains available to the approved image library; only final selected photographs are published and documented in IMAGE-USAGE.tsv.	yes	yes
FILE-236	02-collect/assets/official-site-images/restricted-child-rights/ASSET-234--IMG_3237.jpg	image/jpeg	ASSET-234: Studio/project learning — colorful Baby Cow artwork	Baby Cow/historical story context, approximately 2022–24	Historical evidence	dated-or-historical			deferred	Photograph or media record remains available to the approved image library; only final selected photographs are published and documented in IMAGE-USAGE.tsv.	yes	yes
FILE-237	02-collect/assets/official-site-images/restricted-child-rights/ASSET-235--IMG_4258.jpg	image/jpeg	ASSET-235: Studio/project learning — children collaborating with open-ended materials	Baby Cow/historical story context, approximately 2022–24	Historical evidence	dated-or-historical			duplicate	Duplicate of 02-collect/assets/official-site-images/restricted-child-rights/ASSET-032--IMG_4258.jpg; represented once through the controlling record.	yes	yes
FILE-238	02-collect/assets/official-site-images/restricted-child-rights/ASSET-236--PhotoRoom_20220803_094041.jpg	image/jpeg	ASSET-236: Studio/project learning — adult presenting Baby Cow art to children	Baby Cow/historical story context, approximately 2022–24	Historical evidence	dated-or-historical			deferred	Photograph or media record remains available to the approved image library; only final selected photographs are published and documented in IMAGE-USAGE.tsv.	yes	yes
FILE-239	02-collect/assets/official-site-images/restricted-child-rights/ASSET-237--IMG_8883.jpg	image/jpeg	ASSET-237: Studio/project learning — children collaborating with clay and loose parts	Baby Cow/historical story context, approximately 2022–24	Historical evidence	dated-or-historical			duplicate	Duplicate of 02-collect/assets/official-site-images/restricted-child-rights/ASSET-139--IMG_8883.jpg; represented once through the controlling record.	yes	yes
FILE-240	02-collect/assets/official-site-images/restricted-child-rights/ASSET-238--savingPNG.jpg	image/jpeg	ASSET-238: Documentation and children’s thinking — Kindergarten haiku graphic	Baby Cow/historical story context, approximately 2022–24	Historical evidence	dated-or-historical			deferred	Photograph or media record remains available to the approved image library; only final selected photographs are published and documented in IMAGE-USAGE.tsv.	yes	yes
FILE-241	02-collect/assets/official-site-images/restricted-child-rights/ASSET-241--IMG_1998.jpg	image/jpeg	ASSET-241: Outdoor/place-based learning — children observing a cow in a field	Baby Cow/historical story context, approximately 2022–24	Historical evidence	dated-or-historical			deferred	Photograph or media record remains available to the approved image library; only final selected photographs are published and documented in IMAGE-USAGE.tsv.	yes	yes
FILE-242	02-collect/assets/official-site-images/restricted-child-rights/ASSET-242--savingPNG.jpg	image/jpeg	ASSET-242: Studio/project learning — “Garden Gate at Featherstone” cow-art graphic	Baby Cow/historical story context, approximately 2022–24	Historical evidence	dated-or-historical			deferred	Photograph or media record remains available to the approved image library; only final selected photographs are published and documented in IMAGE-USAGE.tsv.	yes	yes
FILE-243	02-collect/assets/official-site-images/restricted-child-rights/ASSET-243--D8F9D056-EB2B-4910-8F51-D5FA120F199A.jpg	image/jpeg	ASSET-243: Studio/project learning — face-based art or projection portrait	September 2023 archive feature image	Historical evidence	dated-or-historical			deferred	Photograph or media record remains available to the approved image library; only final selected photographs are published and documented in IMAGE-USAGE.tsv.	yes	yes
FILE-244	02-collect/assets/official-site-images/restricted-child-rights/ASSET-244--PhotoRoom_20240124_114530.jpg	image/jpeg	ASSET-244: Studio/project learning — finished “Nerdling” textile character	The Nerdling archive, early 2024	Historical evidence	dated-or-historical			duplicate	Duplicate of 02-collect/assets/official-site-images/restricted-child-rights/ASSET-186--PhotoRoom_20240124_114530.jpg; represented once through the controlling record.	yes	yes
FILE-245	02-collect/assets/official-site-images/restricted-child-rights/ASSET-245--IMG_3522.jpg	image/jpeg	ASSET-245: Documentation and children’s thinking — cropped child drawing and hand documentation image	Current newsletter index; underlying image date unstated	Historical evidence	dated-or-historical			deferred	Photograph or media record remains available to the approved image library; only final selected photographs are published and documented in IMAGE-USAGE.tsv.	yes	yes
FILE-246	02-collect/assets/official-site-images/restricted-child-rights/ASSET-246--IMG_8881.jpg	image/jpeg	ASSET-246: Outdoor/place-based learning — cow standing in a field	Baby Cow/historical story context, approximately 2022–24	Historical evidence	dated-or-historical			deferred	Photograph or media record remains available to the approved image library; only final selected photographs are published and documented in IMAGE-USAGE.tsv.	yes	yes
FILE-247	02-collect/assets/official-site-images/restricted-child-rights/ASSET-247--collage_export_90DA45D6-2EF8-4A13-AF85-B54AA4A7D85A.jpg	image/jpeg	ASSET-247: Outdoor/place-based learning — collage of children’s nature observations	Current summer page; image date unstated	Historical evidence	dated-or-historical			deferred	Photograph or media record remains available to the approved image library; only final selected photographs are published and documented in IMAGE-USAGE.tsv.	yes	yes
FILE-248	02-collect/assets/official-site-images/restricted-child-rights/ASSET-250--IMG_2185.jpg	image/jpeg	ASSET-250: Outdoor/place-based learning — child and adult holding hands outdoors	Current belonging page; image date unstated	Historical evidence	dated-or-historical			deferred	Photograph or media record remains available to the approved image library; only final selected photographs are published and documented in IMAGE-USAGE.tsv.	yes	yes
FILE-249	02-collect/assets/official-site-images/restricted-child-rights/ASSET-251--IMG_7240.jpg	image/jpeg	ASSET-251: Outdoor/place-based learning — children moving through a sunlit meadow	Current/homepage reuse of October 2023 image	Historical evidence	dated-or-historical			duplicate	Duplicate of 02-collect/assets/official-site-images/restricted-child-rights/ASSET-129--IMG_7240.jpg; represented once through the controlling record.	yes	yes
FILE-250	02-collect/assets/official-site-images/restricted-child-rights/ASSET-252--FB2E3C46-D539-467D-822B-5258D1358EED.jpg	image/jpeg	ASSET-252: Studio/project learning — educator and children in an art studio	Year End Report 2021	Historical evidence	dated-or-historical			deferred	Photograph or media record remains available to the approved image library; only final selected photographs are published and documented in IMAGE-USAGE.tsv.	yes	yes
FILE-251	02-collect/assets/official-site-images/restricted-child-rights/ASSET-253--IMG_3859.jpg	image/jpeg	ASSET-253: Outdoor/place-based learning — children collaborating outdoors with translucent tiles	Current-page asset; file/image date mostly unstated	Historical evidence	dated-or-historical			deferred	Photograph or media record remains available to the approved image library; only final selected photographs are published and documented in IMAGE-USAGE.tsv.	yes	yes
FILE-252	02-collect/assets/official-site-images/restricted-child-rights/ASSET-254--IMG_0683.jpg	image/jpeg	ASSET-254: Documentation and children’s thinking — child drawing from a photographic reference	Current-page asset; file/image date mostly unstated	Historical evidence	dated-or-historical			deferred	Photograph or media record remains available to the approved image library; only final selected photographs are published and documented in IMAGE-USAGE.tsv.	yes	yes
FILE-253	02-collect/assets/official-site-images/restricted-child-rights/ASSET-255--IMG_8056.jpg	image/jpeg	ASSET-255: Educator learning — educators participating in professional learning	Current-page asset; file/image date mostly unstated	Historical evidence	dated-or-historical			deferred	Photograph or media record remains available to the approved image library; only final selected photographs are published and documented in IMAGE-USAGE.tsv.	yes	yes
FILE-254	02-collect/assets/official-site-images/restricted-child-rights/ASSET-256--Photoroom_20250127_211517.jpg	image/jpeg	ASSET-256: Studio/project learning — inclusive wooden figures inside house forms	Current-page asset; file/image date mostly unstated	Historical evidence	dated-or-historical			deferred	Photograph or media record remains available to the approved image library; only final selected photographs are published and documented in IMAGE-USAGE.tsv.	yes	yes
FILE-255	02-collect/assets/official-site-images/restricted-child-rights/ASSET-257--Screen-Shot-2025-06-06-at-12.09.44-PM.png	image/png	ASSET-257: Documentation and children’s thinking — screenshot of a dated letter or public statement	Current-page asset; file/image date mostly unstated	Historical evidence	dated-or-historical			deferred	Photograph or media record remains available to the approved image library; only final selected photographs are published and documented in IMAGE-USAGE.tsv.	yes	yes
FILE-256	02-collect/assets/official-site-images/restricted-child-rights/ASSET-259--FullSizeRender.jpg	image/jpeg	ASSET-259: Documentation and children’s thinking — child drawing of an inclusive community storefront	Inclusion/equity article context, approximately 2024	Historical evidence	dated-or-historical			duplicate	Duplicate of 02-collect/assets/official-site-images/restricted-child-rights/ASSET-224--FullSizeRender.jpg; represented once through the controlling record.	yes	yes
FILE-257	02-collect/assets/official-site-images/restricted-child-rights/ASSET-263--Photoroom_20240604_141150.jpg	image/jpeg	ASSET-263: Studio/project learning — three adults connected to inclusion/equity work	Inclusion/equity article context, approximately 2024	Historical evidence	dated-or-historical			deferred	Photograph or media record remains available to the approved image library; only final selected photographs are published and documented in IMAGE-USAGE.tsv.	yes	yes
FILE-258	02-collect/assets/official-site-images/restricted-child-rights/ASSET-264--IMG_4401.jpg	image/jpeg	ASSET-264: Outdoor/place-based learning — children drawing outdoors on the campus deck	Current-page asset; file/image date mostly unstated	Historical evidence	dated-or-historical			deferred	Photograph or media record remains available to the approved image library; only final selected photographs are published and documented in IMAGE-USAGE.tsv.	yes	yes
FILE-259	02-collect/assets/official-site-images/restricted-child-rights/ASSET-265--IMG_3890.jpg	image/jpeg	ASSET-265: Studio/project learning — collage of Kindergarten learning dispositions	Current-page asset; file/image date mostly unstated	Historical evidence	dated-or-historical			deferred	Photograph or media record remains available to the approved image library; only final selected photographs are published and documented in IMAGE-USAGE.tsv.	yes	yes
FILE-260	02-collect/assets/official-site-images/restricted-child-rights/ASSET-266--fullsizeoutput_10d8.jpg	image/jpeg	ASSET-266: Educator learning — professional-development group portrait	Duplicate reuse of archive/current-page imagery	Historical evidence	dated-or-historical			duplicate	Duplicate of 02-collect/assets/official-site-images/restricted-child-rights/ASSET-017--fullsizeoutput_10d8.jpg; represented once through the controlling record.	yes	yes
FILE-261	02-collect/assets/official-site-images/restricted-child-rights/ASSET-267--119641759_3713752725301412_6149950435623913334_o.jpg	image/jpeg	ASSET-267: Studio/project learning — children collaborating in a studio classroom	Duplicate reuse of archive/current-page imagery	Historical evidence	dated-or-historical			duplicate	Duplicate of 02-collect/assets/official-site-images/restricted-child-rights/ASSET-012--119641759_3713752725301412_6149950435623913334_o.jpg; represented once through the controlling record.	yes	yes
FILE-262	02-collect/assets/official-site-images/restricted-child-rights/ASSET-268--IMG_0567.jpg	image/jpeg	ASSET-268: Outdoor/place-based learning — teacher leading children across an open field	Duplicate reuse of archive/current-page imagery	Historical evidence	dated-or-historical			duplicate	Duplicate of 02-collect/assets/official-site-images/restricted-child-rights/ASSET-015--IMG_0567.jpg; represented once through the controlling record.	yes	yes
FILE-263	02-collect/assets/official-site-images/restricted-child-rights/ASSET-269--pasted-image-0.jpg	image/jpeg	ASSET-269: Studio/project learning — masked staff and child at a former-site setting	Duplicate reuse of archive/current-page imagery	Historical evidence	dated-or-historical			duplicate	Duplicate of 02-collect/assets/official-site-images/restricted-child-rights/ASSET-019--pasted-image-0.jpg; represented once through the controlling record.	yes	yes
FILE-264	02-collect/assets/official-site-images/restricted-child-rights/ASSET-270--478997_624519357558113_1511819515_o.jpg	image/jpeg	ASSET-270: Documentation and children’s thinking — handwritten learning-documentation note	Duplicate reuse of archive/current-page imagery	Historical evidence	dated-or-historical			duplicate	Duplicate of 02-collect/assets/official-site-images/restricted-child-rights/ASSET-020--478997_624519357558113_1511819515_o.jpg; represented once through the controlling record.	yes	yes
FILE-265	02-collect/assets/official-site-images/restricted-child-rights/ASSET-271--Facebook-Post-281-29.jpg	image/jpeg	ASSET-271: Historical program promotion — dated 2021–22 Kindergarten enrollment graphic	Duplicate reuse of archive/current-page imagery	Historical evidence	dated-or-historical			duplicate	Duplicate of 02-collect/assets/official-site-images/restricted-child-rights/ASSET-023--Facebook-Post-281-29.jpg; represented once through the controlling record.	yes	yes
FILE-266	02-collect/assets/official-site-images/restricted-child-rights/ASSET-272--IMG_4258.jpg	image/jpeg	ASSET-272: Studio/project learning — children collaborating with open-ended materials	Duplicate reuse of archive/current-page imagery	Historical evidence	dated-or-historical			duplicate	Duplicate of 02-collect/assets/official-site-images/restricted-child-rights/ASSET-032--IMG_4258.jpg; represented once through the controlling record.	yes	yes
FILE-267	02-collect/assets/official-site-images/restricted-child-rights/ASSET-273--IMG_4818.jpg	image/jpeg	ASSET-273: Documentation and children’s thinking — family and community photographs displayed together	Duplicate reuse of archive/current-page imagery	Historical evidence	dated-or-historical			duplicate	Duplicate of 02-collect/assets/official-site-images/restricted-child-rights/ASSET-086--IMG_4818.jpg; represented once through the controlling record.	yes	yes
FILE-268	02-collect/assets/official-site-images/restricted-child-rights/ASSET-274--IMG_7240.jpg	image/jpeg	ASSET-274: Outdoor/place-based learning — children moving through a sunlit meadow	Duplicate reuse of archive/current-page imagery	Historical evidence	dated-or-historical			duplicate	Duplicate of 02-collect/assets/official-site-images/restricted-child-rights/ASSET-129--IMG_7240.jpg; represented once through the controlling record.	yes	yes
FILE-269	02-collect/assets/official-site-images/restricted-child-rights/ASSET-275--IMG_8883.jpg	image/jpeg	ASSET-275: Studio/project learning — children collaborating with clay and loose parts	Duplicate reuse of archive/current-page imagery	Historical evidence	dated-or-historical			duplicate	Duplicate of 02-collect/assets/official-site-images/restricted-child-rights/ASSET-139--IMG_8883.jpg; represented once through the controlling record.	yes	yes
FILE-270	02-collect/assets/official-site-images/restricted-child-rights/ASSET-276--IMG_2361.jpg	image/jpeg	ASSET-276: Documentation and children’s thinking — documentation panel connecting process and products	Duplicate reuse of archive/current-page imagery	Historical evidence	dated-or-historical			duplicate	Duplicate of 02-collect/assets/official-site-images/restricted-child-rights/ASSET-144--IMG_2361.jpg; represented once through the controlling record.	yes	yes
FILE-271	02-collect/assets/official-site-images/restricted-child-rights/ASSET-277--FB2E3C46-D539-467D-822B-5258D1358EED.jpg	image/jpeg	ASSET-277: Studio/project learning — educator and children in an art studio	Duplicate reuse of archive/current-page imagery	Historical evidence	dated-or-historical			duplicate	Duplicate of 02-collect/assets/official-site-images/restricted-child-rights/ASSET-252--FB2E3C46-D539-467D-822B-5258D1358EED.jpg; represented once through the controlling record.	yes	yes
FILE-272	02-collect/assets/official-site-images/restricted-child-rights/ASSET-278--IMG_4401.jpg	image/jpeg	ASSET-278: Outdoor/place-based learning — children drawing outdoors on the campus deck	Duplicate reuse of archive/current-page imagery	Historical evidence	dated-or-historical			duplicate	Duplicate of 02-collect/assets/official-site-images/restricted-child-rights/ASSET-264--IMG_4401.jpg; represented once through the controlling record.	yes	yes
FILE-273	02-collect/assets/official-site-images/restricted-child-rights/ASSET-279--PhotoRoom_20240124_114530.jpg	image/jpeg	ASSET-279: Studio/project learning — finished “Nerdling” textile character	Duplicate reuse of archive/current-page imagery	Historical evidence	dated-or-historical			duplicate	Duplicate of 02-collect/assets/official-site-images/restricted-child-rights/ASSET-186--PhotoRoom_20240124_114530.jpg; represented once through the controlling record.	yes	yes
FILE-274	02-collect/assets/official-site-images/restricted-child-rights/ASSET-280--IMG_8757.jpg	image/jpeg	ASSET-280: Studio/project learning — children collaboratively making a cardboard world	Duplicate reuse of archive/current-page imagery	Historical evidence	dated-or-historical			duplicate	Duplicate of 02-collect/assets/official-site-images/restricted-child-rights/ASSET-187--IMG_8757.jpg; represented once through the controlling record.	yes	yes
FILE-275	02-collect/assets/official-site-images/restricted-child-rights/ASSET-281--FullSizeRender.jpg	image/jpeg	ASSET-281: Documentation and children’s thinking — child drawing of an inclusive community storefront	Duplicate reuse of archive/current-page imagery	Historical evidence	dated-or-historical			duplicate	Duplicate of 02-collect/assets/official-site-images/restricted-child-rights/ASSET-224--FullSizeRender.jpg; represented once through the controlling record.	yes	yes
FILE-276	02-collect/assets/official-site-images/restricted-child-rights/ASSET-282--IMG_5668.jpg	image/jpeg	ASSET-282: Studio/project learning — collage of classroom play and project moments	Duplicate reuse of archive/current-page imagery	Historical evidence	dated-or-historical			duplicate	Duplicate of 02-collect/assets/official-site-images/restricted-child-rights/ASSET-225--IMG_5668.jpg; represented once through the controlling record.	yes	yes
FILE-277	02-collect/assets/official-site-images/team-portraits-unverified/ASSET-001--savingPNG.jpg	image/jpeg	ASSET-001: People and trust — current staff portrait: Leigh Ann Yuen	Current team page; portrait files largely dated 2025	Verified current public information	dated-or-historical			deferred	Photograph or media record remains available to the approved image library; only final selected photographs are published and documented in IMAGE-USAGE.tsv.	yes	yes
FILE-278	02-collect/assets/official-site-images/team-portraits-unverified/ASSET-002--Photoroom_20250904_124726.jpg	image/jpeg	ASSET-002: People and trust — current staff portrait: Delia Gibson	Current team page; portrait files largely dated 2025	Verified current public information	dated-or-historical			deferred	Photograph or media record remains available to the approved image library; only final selected photographs are published and documented in IMAGE-USAGE.tsv.	yes	yes
FILE-279	02-collect/assets/official-site-images/team-portraits-unverified/ASSET-011--PhotoRoom_20210304_135239.jpg	image/jpeg	ASSET-011: People and trust — current staff portrait: Sandra Miller	Current team page; portrait files largely dated 2025	Verified current public information	dated-or-historical			deferred	Photograph or media record remains available to the approved image library; only final selected photographs are published and documented in IMAGE-USAGE.tsv.	yes	yes
FILE-280	02-collect/assets/official-site-images/team-portraits-unverified/ASSET-239--Photoroom_20250904_125629.jpg	image/jpeg	ASSET-239: People and trust — current staff portrait: Krista Brown	Current team page; portrait files largely dated 2025	Verified current public information	dated-or-historical			deferred	Photograph or media record remains available to the approved image library; only final selected photographs are published and documented in IMAGE-USAGE.tsv.	yes	yes
FILE-281	02-collect/assets/official-site-images/team-portraits-unverified/ASSET-240--Photoroom_20250903_164655.jpg	image/jpeg	ASSET-240: People and trust — current staff portrait: Dawn Warner	Current team page; portrait files largely dated 2025	Verified current public information	dated-or-historical			deferred	Photograph or media record remains available to the approved image library; only final selected photographs are published and documented in IMAGE-USAGE.tsv.	yes	yes
FILE-282	02-collect/assets/official-site-images/team-portraits-unverified/ASSET-248--Photoroom_20250903_113934.jpg	image/jpeg	ASSET-248: People and trust — current staff portrait: Buffy Carroll	Current team page; portrait files largely dated 2025	Verified current public information	dated-or-historical			deferred	Photograph or media record remains available to the approved image library; only final selected photographs are published and documented in IMAGE-USAGE.tsv.	yes	yes
FILE-283	02-collect/assets/official-site-images/team-portraits-unverified/ASSET-258--Trina-Welch.jpg	image/jpeg	ASSET-258: People and trust — current staff portrait: Trina Welch	Current team page; portrait files largely dated 2025	Verified current public information	dated-or-historical			deferred	Photograph or media record remains available to the approved image library; only final selected photographs are published and documented in IMAGE-USAGE.tsv.	yes	yes
FILE-284	02-collect/assets/official-site-images/team-portraits-unverified/ASSET-260--Photoroom_20250903_122734.jpg	image/jpeg	ASSET-260: People and trust — current staff portrait: Laura Noonan	Current team page; portrait files largely dated 2025	Verified current public information	dated-or-historical			deferred	Photograph or media record remains available to the approved image library; only final selected photographs are published and documented in IMAGE-USAGE.tsv.	yes	yes
FILE-285	02-collect/assets/official-site-images/team-portraits-unverified/ASSET-261--Photoroom_20250903_124749.jpg	image/jpeg	ASSET-261: People and trust — current staff portrait: Francielen Ferreira	Current team page; portrait files largely dated 2025	Verified current public information	dated-or-historical			deferred	Photograph or media record remains available to the approved image library; only final selected photographs are published and documented in IMAGE-USAGE.tsv.	yes	yes
FILE-286	02-collect/assets/official-site-images/third-party-marks-unverified/ASSET-026--couch.jpg	image/jpeg	ASSET-026: Partnership/support reference — Couch Family Foundation mark	Current donation page; relationship date unstated	Do not publish	excluded			exclude-obsolete	Stage 3/4 identifies this material as unsafe, unsupported, obsolete, empty, retired, or rights-limited.	yes	yes
FILE-287	02-collect/assets/official-site-images/third-party-marks-unverified/ASSET-027--mv.jpg	image/jpeg	ASSET-027: Partnership/support reference — Martha’s Vineyard Community Foundation mark	Current donation page; relationship date unstated	Do not publish	excluded			exclude-obsolete	Stage 3/4 identifies this material as unsafe, unsupported, obsolete, empty, retired, or rights-limited.	yes	yes
FILE-288	02-collect/assets/official-site-images/third-party-marks-unverified/ASSET-028--mvyouth.jpg	image/jpeg	ASSET-028: Partnership/support reference — MVYouth mark	Current donation page; relationship date unstated	Do not publish	excluded			exclude-obsolete	Stage 3/4 identifies this material as unsafe, unsupported, obsolete, empty, retired, or rights-limited.	yes	yes
FILE-289	02-collect/assets/official-site-images/third-party-marks-unverified/ASSET-030--featherstone.jpg	image/jpeg	ASSET-030: Partnership/support reference — Featherstone Center for the Arts mark	Current donation page; relationship date unstated	Do not publish	excluded			exclude-obsolete	Stage 3/4 identifies this material as unsafe, unsupported, obsolete, empty, retired, or rights-limited.	yes	yes
FILE-290	02-collect/assets/official-site-images/third-party-marks-unverified/ASSET-031--southmountain.jpg	image/jpeg	ASSET-031: Partnership/support reference — South Mountain Company mark	Current donation page; relationship date unstated	Do not publish	excluded			exclude-obsolete	Stage 3/4 identifies this material as unsafe, unsupported, obsolete, empty, retired, or rights-limited.	yes	yes
FILE-291	02-collect/assets/official-site-images/third-party-marks-unverified/ASSET-249--bank.jpg	image/jpeg	ASSET-249: Partnership/support reference — Martha’s Vineyard Bank mark	Current donation page; relationship date unstated	Do not publish	excluded			exclude-obsolete	Stage 3/4 identifies this material as unsafe, unsupported, obsolete, empty, retired, or rights-limited.	yes	yes
FILE-292	02-collect/assets/official-site-images/third-party-marks-unverified/ASSET-262--rotary.jpg	image/jpeg	ASSET-262: Partnership/support reference — Rotary Club of Martha’s Vineyard mark	Current donation page; relationship date unstated	Do not publish	excluded			exclude-obsolete	Stage 3/4 identifies this material as unsafe, unsupported, obsolete, empty, retired, or rights-limited.	yes	yes
FILE-293	02-collect/source-data/MANUAL-OBSERVATIONS.md	text/plain	Stage 2 manual observations and access limitations	Stage 2 review, 2026-08-27	Strong inference	dated-or-historical		Evidence and verification	consolidated	Source supports the reconciled site record, coverage ledger, verification, or a broader canonical responsibility without needing its own public page.	yes	yes
FILE-294	02-collect/source-data/README.md	text/plain	Source-data structure and method notes	Stage 2 working artifact, 2026-08-27	Strong inference	dated-or-historical		Evidence and verification	consolidated	Source supports the reconciled site record, coverage ledger, verification, or a broader canonical responsibility without needing its own public page.	yes	yes
FILE-295	02-collect/source-data/archived/root--20250408080624--34bff215.html	text/html	Archived first-party homepage record: root--20250408080624--34bff215.html	Wayback timestamp encoded in filename	Historical evidence	dated-or-historical	/news	Dated evidence or internal provenance	archive-record	Historical source is preserved through dated context or the evidence ledger rather than treated as current.	yes	yes
FILE-296	02-collect/source-data/archived/root--20250408080624--34bff215.txt	text/plain	Archived first-party homepage record: root--20250408080624--34bff215.txt	Wayback timestamp encoded in filename	Historical evidence	dated-or-historical	/news	Dated evidence or internal provenance	archive-record	Historical source is preserved through dated context or the evidence ledger rather than treated as current.	yes	yes
FILE-297	02-collect/source-data/archived/wix-home-20230804011047.html	text/html	Archived first-party homepage record: wix-home-20230804011047.html	Wayback timestamp encoded in filename	Historical evidence	dated-or-historical	/news	Dated evidence or internal provenance	archive-record	Historical source is preserved through dated context or the evidence ledger rather than treated as current.	yes	yes
FILE-298	02-collect/source-data/external/html/charity-navigator-profile.html	text/html	Saved external corroboration HTML: charity-navigator-profile	External source date varies; preserve the source-era context	Historical evidence	dated-or-historical	/news	Dated evidence or internal provenance	archive-record	Historical source is preserved through dated context or the evidence ledger rather than treated as current.	yes	yes
FILE-299	02-collect/source-data/external/html/charity-navigator-profile.txt	text/plain	Extracted text from external corroboration source: charity-navigator-profile	External source date varies; preserve the source-era context	Historical evidence	dated-or-historical	/news	Dated evidence or internal provenance	archive-record	Historical source is preserved through dated context or the evidence ledger rather than treated as current.	yes	yes
FILE-300	02-collect/source-data/external/html/childcarecenter-oak-bluffs.html	text/html	Saved external corroboration HTML: childcarecenter-oak-bluffs	External source date varies; preserve the source-era context	Historical evidence	dated-or-historical	/news	Dated evidence or internal provenance	archive-record	Historical source is preserved through dated context or the evidence ledger rather than treated as current.	yes	yes
FILE-301	02-collect/source-data/external/html/childcarecenter-oak-bluffs.txt	text/plain	Extracted text from external corroboration source: childcarecenter-oak-bluffs	External source date varies; preserve the source-era context	Historical evidence	dated-or-historical	/news	Dated evidence or internal provenance	archive-record	Historical source is preserved through dated context or the evidence ledger rather than treated as current.	yes	yes
FILE-302	02-collect/source-data/external/html/childcarecenter-vineyard-haven.html	text/html	Saved external corroboration HTML: childcarecenter-vineyard-haven	External source date varies; preserve the source-era context	Historical evidence	dated-or-historical	/news	Dated evidence or internal provenance	archive-record	Historical source is preserved through dated context or the evidence ledger rather than treated as current.	yes	yes
FILE-303	02-collect/source-data/external/html/childcarecenter-vineyard-haven.txt	text/plain	Extracted text from external corroboration source: childcarecenter-vineyard-haven	External source date varies; preserve the source-era context	Historical evidence	dated-or-historical	/news	Dated evidence or internal provenance	archive-record	Historical source is preserved through dated context or the evidence ledger rather than treated as current.	yes	yes
FILE-304	02-collect/source-data/external/html/couch-foundation-2024-form-990pf-html.html	application/gzip	Saved external corroboration HTML: couch-foundation-2024-form-990pf-html	External source date varies; preserve the source-era context	Historical evidence	dated-or-historical	/news	Dated evidence or internal provenance	archive-record	Historical source is preserved through dated context or the evidence ledger rather than treated as current.	yes	yes
FILE-305	02-collect/source-data/external/html/couch-foundation-2024-form-990pf-html.txt	application/octet-stream	Extracted text from external corroboration source: couch-foundation-2024-form-990pf-html	External source date varies; preserve the source-era context	Historical evidence	dated-or-historical	/news	Dated evidence or internal provenance	archive-record	Historical source is preserved through dated context or the evidence ledger rather than treated as current.	yes	yes
FILE-306	02-collect/source-data/external/html/couch-foundation.html	text/html	Saved external corroboration HTML: couch-foundation	External source date varies; preserve the source-era context	Historical evidence	dated-or-historical	/news	Dated evidence or internal provenance	archive-record	Historical source is preserved through dated context or the evidence ledger rather than treated as current.	yes	yes
FILE-307	02-collect/source-data/external/html/couch-foundation.txt	text/plain	Extracted text from external corroboration source: couch-foundation	External source date varies; preserve the source-era context	Historical evidence	dated-or-historical	/news	Dated evidence or internal provenance	archive-record	Historical source is preserved through dated context or the evidence ledger rather than treated as current.	yes	yes
FILE-308	02-collect/source-data/external/html/featherstone-capital-campaign.html	text/html	Saved external corroboration HTML: featherstone-capital-campaign	External source date varies; preserve the source-era context	Historical evidence	dated-or-historical	/news	Dated evidence or internal provenance	archive-record	Historical source is preserved through dated context or the evidence ledger rather than treated as current.	yes	yes
FILE-309	02-collect/source-data/external/html/featherstone-capital-campaign.txt	text/plain	Extracted text from external corroboration source: featherstone-capital-campaign	External source date varies; preserve the source-era context	Historical evidence	dated-or-historical	/news	Dated evidence or internal provenance	archive-record	Historical source is preserved through dated context or the evidence ledger rather than treated as current.	yes	yes
FILE-310	02-collect/source-data/external/html/featherstone-news.html	text/html	Saved external corroboration HTML: featherstone-news	External source date varies; preserve the source-era context	Historical evidence	dated-or-historical	/news	Dated evidence or internal provenance	archive-record	Historical source is preserved through dated context or the evidence ledger rather than treated as current.	yes	yes
FILE-311	02-collect/source-data/external/html/featherstone-news.txt	text/plain	Extracted text from external corroboration source: featherstone-news	External source date varies; preserve the source-era context	Historical evidence	dated-or-historical	/news	Dated evidence or internal provenance	archive-record	Historical source is preserved through dated context or the evidence ledger rather than treated as current.	yes	yes
FILE-312	02-collect/source-data/external/html/featherstone-previous-shows.html	text/html	Saved external corroboration HTML: featherstone-previous-shows	External source date varies; preserve the source-era context	Historical evidence	dated-or-historical	/news	Dated evidence or internal provenance	archive-record	Historical source is preserved through dated context or the evidence ledger rather than treated as current.	yes	yes
FILE-313	02-collect/source-data/external/html/featherstone-previous-shows.txt	text/plain	Extracted text from external corroboration source: featherstone-previous-shows	External source date varies; preserve the source-era context	Historical evidence	dated-or-historical	/news	Dated evidence or internal provenance	archive-record	Historical source is preserved through dated context or the evidence ledger rather than treated as current.	yes	yes
FILE-314	02-collect/source-data/external/html/featherstone-visit.html	text/html	Saved external corroboration HTML: featherstone-visit	External source date varies; preserve the source-era context	Historical evidence	dated-or-historical	/news	Dated evidence or internal provenance	archive-record	Historical source is preserved through dated context or the evidence ledger rather than treated as current.	yes	yes
FILE-315	02-collect/source-data/external/html/featherstone-visit.txt	text/plain	Extracted text from external corroboration source: featherstone-visit	External source date varies; preserve the source-era context	Historical evidence	dated-or-historical	/news	Dated evidence or internal provenance	archive-record	Historical source is preserved through dated context or the evidence ledger rather than treated as current.	yes	yes
FILE-316	02-collect/source-data/external/html/garden-gate-2024-form-990-html.html	application/gzip	Saved external corroboration HTML: garden-gate-2024-form-990-html	External source date varies; preserve the source-era context	Historical evidence	dated-or-historical	/news	Dated evidence or internal provenance	archive-record	Historical source is preserved through dated context or the evidence ledger rather than treated as current.	yes	yes
FILE-317	02-collect/source-data/external/html/garden-gate-2024-form-990-html.txt	application/octet-stream	Extracted text from external corroboration source: garden-gate-2024-form-990-html	External source date varies; preserve the source-era context	Historical evidence	dated-or-historical			duplicate	Duplicate of 02-collect/source-data/external/html/couch-foundation-2024-form-990pf-html.txt; represented once through the controlling record.	yes	yes
FILE-318	02-collect/source-data/external/html/garden-gate-2024-form-990-pdf-access-page.html	text/html	Saved external corroboration HTML: garden-gate-2024-form-990-pdf-access-page	External source date varies; preserve the source-era context	Do not publish	excluded			exclude-obsolete	Stage 3/4 identifies this material as unsafe, unsupported, obsolete, empty, retired, or rights-limited.	yes	yes
FILE-319	02-collect/source-data/external/html/goodwin-reggio-institute.html	text/html	Saved external corroboration HTML: goodwin-reggio-institute	External source date varies; preserve the source-era context	Historical evidence	dated-or-historical	/news	Dated evidence or internal provenance	archive-record	Historical source is preserved through dated context or the evidence ledger rather than treated as current.	yes	yes
FILE-320	02-collect/source-data/external/html/goodwin-reggio-institute.txt	text/plain	Extracted text from external corroboration source: goodwin-reggio-institute	External source date varies; preserve the source-era context	Historical evidence	dated-or-historical	/news	Dated evidence or internal provenance	archive-record	Historical source is preserved through dated context or the evidence ledger rather than treated as current.	yes	yes
FILE-321	02-collect/source-data/external/html/legacy-wix-home.html	text/html	Saved external corroboration HTML: legacy-wix-home	External source date varies; preserve the source-era context	Historical evidence	dated-or-historical	/news	Dated evidence or internal provenance	archive-record	Historical source is preserved through dated context or the evidence ledger rather than treated as current.	yes	yes
FILE-322	02-collect/source-data/external/html/legacy-wix-home.txt	text/plain	Extracted text from external corroboration source: legacy-wix-home	External source date varies; preserve the source-era context	Historical evidence	dated-or-historical	/news	Dated evidence or internal provenance	archive-record	Historical source is preserved through dated context or the evidence ledger rather than treated as current.	yes	yes
FILE-323	02-collect/source-data/external/html/mvbank-contributions-2021.html	text/html	Saved external corroboration HTML: mvbank-contributions-2021	External source date varies; preserve the source-era context	Historical evidence	dated-or-historical	/news	Dated evidence or internal provenance	archive-record	Historical source is preserved through dated context or the evidence ledger rather than treated as current.	yes	yes
FILE-324	02-collect/source-data/external/html/mvbank-contributions-2021.txt	text/plain	Extracted text from external corroboration source: mvbank-contributions-2021	External source date varies; preserve the source-era context	Historical evidence	dated-or-historical	/news	Dated evidence or internal provenance	archive-record	Historical source is preserved through dated context or the evidence ledger rather than treated as current.	yes	yes
FILE-325	02-collect/source-data/external/html/mvbank-contributions-2022.html	text/html	Saved external corroboration HTML: mvbank-contributions-2022	External source date varies; preserve the source-era context	Historical evidence	dated-or-historical	/news	Dated evidence or internal provenance	archive-record	Historical source is preserved through dated context or the evidence ledger rather than treated as current.	yes	yes
FILE-326	02-collect/source-data/external/html/mvbank-contributions-2022.txt	text/plain	Extracted text from external corroboration source: mvbank-contributions-2022	External source date varies; preserve the source-era context	Historical evidence	dated-or-historical	/news	Dated evidence or internal provenance	archive-record	Historical source is preserved through dated context or the evidence ledger rather than treated as current.	yes	yes
FILE-327	02-collect/source-data/external/html/mvbank-contributions-2023.html	text/html	Saved external corroboration HTML: mvbank-contributions-2023	External source date varies; preserve the source-era context	Historical evidence	dated-or-historical	/news	Dated evidence or internal provenance	archive-record	Historical source is preserved through dated context or the evidence ledger rather than treated as current.	yes	yes
FILE-328	02-collect/source-data/external/html/mvbank-contributions-2023.txt	text/plain	Extracted text from external corroboration source: mvbank-contributions-2023	External source date varies; preserve the source-era context	Historical evidence	dated-or-historical	/news	Dated evidence or internal provenance	archive-record	Historical source is preserved through dated context or the evidence ledger rather than treated as current.	yes	yes
FILE-329	02-collect/source-data/external/html/mvcf-community-impact-grants.html	text/html	Saved external corroboration HTML: mvcf-community-impact-grants	External source date varies; preserve the source-era context	Historical evidence	dated-or-historical	/news	Dated evidence or internal provenance	archive-record	Historical source is preserved through dated context or the evidence ledger rather than treated as current.	yes	yes
FILE-330	02-collect/source-data/external/html/mvcf-community-impact-grants.txt	text/plain	Extracted text from external corroboration source: mvcf-community-impact-grants	External source date varies; preserve the source-era context	Historical evidence	dated-or-historical	/news	Dated evidence or internal provenance	archive-record	Historical source is preserved through dated context or the evidence ledger rather than treated as current.	yes	yes
FILE-331	02-collect/source-data/external/html/mvcf-emergency-response-grants.html	text/html	Saved external corroboration HTML: mvcf-emergency-response-grants	External source date varies; preserve the source-era context	Historical evidence	dated-or-historical	/news	Dated evidence or internal provenance	archive-record	Historical source is preserved through dated context or the evidence ledger rather than treated as current.	yes	yes
FILE-332	02-collect/source-data/external/html/mvcf-emergency-response-grants.txt	text/plain	Extracted text from external corroboration source: mvcf-emergency-response-grants	External source date varies; preserve the source-era context	Historical evidence	dated-or-historical	/news	Dated evidence or internal provenance	archive-record	Historical source is preserved through dated context or the evidence ledger rather than treated as current.	yes	yes
FILE-333	02-collect/source-data/external/html/mvcs-childcare-directory.html	text/html	Saved external corroboration HTML: mvcs-childcare-directory	External source date varies; preserve the source-era context	Historical evidence	dated-or-historical	/news	Dated evidence or internal provenance	archive-record	Historical source is preserved through dated context or the evidence ledger rather than treated as current.	yes	yes
FILE-334	02-collect/source-data/external/html/mvcs-childcare-directory.txt	text/plain	Extracted text from external corroboration source: mvcs-childcare-directory	External source date varies; preserve the source-era context	Historical evidence	dated-or-historical	/news	Dated evidence or internal provenance	archive-record	Historical source is preserved through dated context or the evidence ledger rather than treated as current.	yes	yes
FILE-335	02-collect/source-data/external/html/mvtimes-100-languages.html	text/html	Saved external corroboration HTML: mvtimes-100-languages	External source date varies; preserve the source-era context	Historical evidence	dated-or-historical	/news	Dated evidence or internal provenance	archive-record	Historical source is preserved through dated context or the evidence ledger rather than treated as current.	yes	yes
FILE-336	02-collect/source-data/external/html/mvtimes-100-languages.txt	text/plain	Extracted text from external corroboration source: mvtimes-100-languages	External source date varies; preserve the source-era context	Historical evidence	dated-or-historical	/news	Dated evidence or internal provenance	archive-record	Historical source is preserved through dated context or the evidence ledger rather than treated as current.	yes	yes
FILE-337	02-collect/source-data/external/html/mvtimes-childrens-rights-2017.html	text/html	Saved external corroboration HTML: mvtimes-childrens-rights-2017	External source date varies; preserve the source-era context	Historical evidence	dated-or-historical	/news	Dated evidence or internal provenance	archive-record	Historical source is preserved through dated context or the evidence ledger rather than treated as current.	yes	yes
FILE-338	02-collect/source-data/external/html/mvtimes-childrens-rights-2017.txt	text/plain	Extracted text from external corroboration source: mvtimes-childrens-rights-2017	External source date varies; preserve the source-era context	Historical evidence	dated-or-historical	/news	Dated evidence or internal provenance	archive-record	Historical source is preserved through dated context or the evidence ledger rather than treated as current.	yes	yes
FILE-339	02-collect/source-data/external/html/mvtimes-community-youth-art-2019.html	text/html	Saved external corroboration HTML: mvtimes-community-youth-art-2019	External source date varies; preserve the source-era context	Historical evidence	dated-or-historical	/news	Dated evidence or internal provenance	archive-record	Historical source is preserved through dated context or the evidence ledger rather than treated as current.	yes	yes
FILE-340	02-collect/source-data/external/html/mvtimes-community-youth-art-2019.txt	text/plain	Extracted text from external corroboration source: mvtimes-community-youth-art-2019	External source date varies; preserve the source-era context	Historical evidence	dated-or-historical	/news	Dated evidence or internal provenance	archive-record	Historical source is preserved through dated context or the evidence ledger rather than treated as current.	yes	yes
FILE-341	02-collect/source-data/external/html/mvtimes-educator-retreat-2015.html	text/html	Saved external corroboration HTML: mvtimes-educator-retreat-2015	External source date varies; preserve the source-era context	Historical evidence	dated-or-historical	/news	Dated evidence or internal provenance	archive-record	Historical source is preserved through dated context or the evidence ledger rather than treated as current.	yes	yes
FILE-342	02-collect/source-data/external/html/mvtimes-educator-retreat-2015.txt	text/plain	Extracted text from external corroboration source: mvtimes-educator-retreat-2015	External source date varies; preserve the source-era context	Historical evidence	dated-or-historical	/news	Dated evidence or internal provenance	archive-record	Historical source is preserved through dated context or the evidence ledger rather than treated as current.	yes	yes
FILE-343	02-collect/source-data/external/html/mvtimes-featherstone-2026.html	text/html	Saved external corroboration HTML: mvtimes-featherstone-2026	External source date varies; preserve the source-era context	Historical evidence	dated-or-historical	/news	Dated evidence or internal provenance	archive-record	Historical source is preserved through dated context or the evidence ledger rather than treated as current.	yes	yes
FILE-344	02-collect/source-data/external/html/mvtimes-featherstone-2026.txt	text/plain	Extracted text from external corroboration source: mvtimes-featherstone-2026	External source date varies; preserve the source-era context	Historical evidence	dated-or-historical	/news	Dated evidence or internal provenance	archive-record	Historical source is preserved through dated context or the evidence ledger rather than treated as current.	yes	yes
FILE-345	02-collect/source-data/external/html/mvtimes-fire-station-2013.html	text/html	Saved external corroboration HTML: mvtimes-fire-station-2013	External source date varies; preserve the source-era context	Historical evidence	dated-or-historical	/news	Dated evidence or internal provenance	archive-record	Historical source is preserved through dated context or the evidence ledger rather than treated as current.	yes	yes
FILE-346	02-collect/source-data/external/html/mvtimes-fire-station-2013.txt	text/plain	Extracted text from external corroboration source: mvtimes-fire-station-2013	External source date varies; preserve the source-era context	Historical evidence	dated-or-historical	/news	Dated evidence or internal provenance	archive-record	Historical source is preserved through dated context or the evidence ledger rather than treated as current.	yes	yes
FILE-347	02-collect/source-data/external/html/mvtimes-graduation-2012.html	text/html	Saved external corroboration HTML: mvtimes-graduation-2012	External source date varies; preserve the source-era context	Historical evidence	dated-or-historical	/news	Dated evidence or internal provenance	archive-record	Historical source is preserved through dated context or the evidence ledger rather than treated as current.	yes	yes
FILE-348	02-collect/source-data/external/html/mvtimes-graduation-2012.txt	text/plain	Extracted text from external corroboration source: mvtimes-graduation-2012	External source date varies; preserve the source-era context	Historical evidence	dated-or-historical	/news	Dated evidence or internal provenance	archive-record	Historical source is preserved through dated context or the evidence ledger rather than treated as current.	yes	yes
FILE-349	02-collect/source-data/external/html/mvtimes-new-place-to-explore.html	text/html	Saved external corroboration HTML: mvtimes-new-place-to-explore	External source date varies; preserve the source-era context	Historical evidence	dated-or-historical	/news	Dated evidence or internal provenance	archive-record	Historical source is preserved through dated context or the evidence ledger rather than treated as current.	yes	yes
FILE-350	02-collect/source-data/external/html/mvtimes-new-place-to-explore.txt	text/plain	Extracted text from external corroboration source: mvtimes-new-place-to-explore	External source date varies; preserve the source-era context	Historical evidence	dated-or-historical	/news	Dated evidence or internal provenance	archive-record	Historical source is preserved through dated context or the evidence ledger rather than treated as current.	yes	yes
FILE-351	02-collect/source-data/external/html/mvtimes-permanent-home.html	text/html	Saved external corroboration HTML: mvtimes-permanent-home	External source date varies; preserve the source-era context	Historical evidence	dated-or-historical	/news	Dated evidence or internal provenance	archive-record	Historical source is preserved through dated context or the evidence ledger rather than treated as current.	yes	yes
FILE-352	02-collect/source-data/external/html/mvtimes-permanent-home.txt	text/plain	Extracted text from external corroboration source: mvtimes-permanent-home	External source date varies; preserve the source-era context	Historical evidence	dated-or-historical	/news	Dated evidence or internal provenance	archive-record	Historical source is preserved through dated context or the evidence ledger rather than treated as current.	yes	yes
FILE-353	02-collect/source-data/external/html/mvtimes-summer-camps-2012.html	text/html	Saved external corroboration HTML: mvtimes-summer-camps-2012	External source date varies; preserve the source-era context	Historical evidence	dated-or-historical	/news	Dated evidence or internal provenance	archive-record	Historical source is preserved through dated context or the evidence ledger rather than treated as current.	yes	yes
FILE-354	02-collect/source-data/external/html/mvtimes-summer-camps-2012.txt	text/plain	Extracted text from external corroboration source: mvtimes-summer-camps-2012	External source date varies; preserve the source-era context	Historical evidence	dated-or-historical	/news	Dated evidence or internal provenance	archive-record	Historical source is preserved through dated context or the evidence ledger rather than treated as current.	yes	yes
FILE-355	02-collect/source-data/external/html/mvtimes-summer-camps-2015.html	text/html	Saved external corroboration HTML: mvtimes-summer-camps-2015	External source date varies; preserve the source-era context	Historical evidence	dated-or-historical	/news	Dated evidence or internal provenance	archive-record	Historical source is preserved through dated context or the evidence ledger rather than treated as current.	yes	yes
FILE-356	02-collect/source-data/external/html/mvtimes-summer-camps-2015.txt	text/plain	Extracted text from external corroboration source: mvtimes-summer-camps-2015	External source date varies; preserve the source-era context	Historical evidence	dated-or-historical	/news	Dated evidence or internal provenance	archive-record	Historical source is preserved through dated context or the evidence ledger rather than treated as current.	yes	yes
FILE-357	02-collect/source-data/external/html/mvtimes-treehouse-2014.html	text/html	Saved external corroboration HTML: mvtimes-treehouse-2014	External source date varies; preserve the source-era context	Historical evidence	dated-or-historical	/news	Dated evidence or internal provenance	archive-record	Historical source is preserved through dated context or the evidence ledger rather than treated as current.	yes	yes
FILE-358	02-collect/source-data/external/html/mvtimes-treehouse-2014.txt	text/plain	Extracted text from external corroboration source: mvtimes-treehouse-2014	External source date varies; preserve the source-era context	Historical evidence	dated-or-historical	/news	Dated evidence or internal provenance	archive-record	Historical source is preserved through dated context or the evidence ledger rather than treated as current.	yes	yes
FILE-359	02-collect/source-data/external/html/propublica-nonprofit-profile.html	text/html	Saved external corroboration HTML: propublica-nonprofit-profile	External source date varies; preserve the source-era context	Historical evidence	dated-or-historical	/news	Dated evidence or internal provenance	archive-record	Historical source is preserved through dated context or the evidence ledger rather than treated as current.	yes	yes
FILE-360	02-collect/source-data/external/html/propublica-nonprofit-profile.txt	text/plain	Extracted text from external corroboration source: propublica-nonprofit-profile	External source date varies; preserve the source-era context	Historical evidence	dated-or-historical	/news	Dated evidence or internal provenance	archive-record	Historical source is preserved through dated context or the evidence ledger rather than treated as current.	yes	yes
FILE-361	02-collect/source-data/external/html/vineyard-gazette-save-ece-2020.html	text/html	Saved external corroboration HTML: vineyard-gazette-save-ece-2020	External source date varies; preserve the source-era context	Historical evidence	dated-or-historical	/news	Dated evidence or internal provenance	archive-record	Historical source is preserved through dated context or the evidence ledger rather than treated as current.	yes	yes
FILE-362	02-collect/source-data/external/html/vineyard-gazette-save-ece-2020.txt	text/plain	Extracted text from external corroboration source: vineyard-gazette-save-ece-2020	External source date varies; preserve the source-era context	Historical evidence	dated-or-historical	/news	Dated evidence or internal provenance	archive-record	Historical source is preserved through dated context or the evidence ledger rather than treated as current.	yes	yes
FILE-363	02-collect/source-data/external/nonprofit-filings/2024-form-990-full.html	text/html	Saved nonprofit filing artifact: 2024-form-990-full.html	FY2024 filing context; filed 2025-10-06 where applicable	Historical evidence	dated-or-historical	/news	Dated evidence or internal provenance	archive-record	Historical source is preserved through dated context or the evidence ledger rather than treated as current.	yes	yes
FILE-364	02-collect/source-data/external/nonprofit-filings/2024-form-990-xml-access-blocked.html	text/html	Saved nonprofit filing artifact: 2024-form-990-xml-access-blocked.html	FY2024 filing context; filed 2025-10-06 where applicable	Do not publish	excluded			exclude-obsolete	Stage 3/4 identifies this material as unsafe, unsupported, obsolete, empty, retired, or rights-limited.	yes	yes
FILE-365	02-collect/source-data/external/nonprofit-filings/couch-foundation-2024-form-990pf-xml-not-found.xml	text/xml	Saved nonprofit filing artifact: couch-foundation-2024-form-990pf-xml-not-found.xml	FY2024 filing context; filed 2025-10-06 where applicable	Do not publish	excluded			exclude-obsolete	Stage 3/4 identifies this material as unsafe, unsupported, obsolete, empty, retired, or rights-limited.	yes	yes
FILE-366	02-collect/source-data/external/pdf-text/garden-gate-2024-form-990.txt	text/plain	Extracted text for PDF-003: garden-gate-2024-form-990.pdf	2024; filed 2025-10-06	Historical evidence	dated-or-historical	/news	Dated evidence or internal provenance	archive-record	Historical source is preserved through dated context or the evidence ledger rather than treated as current.	yes	yes
FILE-367	02-collect/source-data/external/pdf-text/massdevelopment-cff-2023.txt	text/plain	Extracted text for PDF-049: massdevelopment-cff-2023.pdf	2023	Historical evidence	dated-or-historical	/news	Dated evidence or internal provenance	archive-record	Historical source is preserved through dated context or the evidence ledger rather than treated as current.	yes	yes
FILE-368	02-collect/source-data/external/pdf-text/mvbank-giving-report-2021.txt	text/plain	Extracted text for PDF-001: mvbank-giving-report-2021.pdf	2021	Historical evidence	dated-or-historical	/news	Dated evidence or internal provenance	archive-record	Historical source is preserved through dated context or the evidence ledger rather than treated as current.	yes	yes
FILE-369	02-collect/source-data/external/pdf-text/mvcs-family-resource-guide-2018.txt	text/plain	Extracted text for PDF-050: mvcs-family-resource-guide-2018.pdf	2018-08-13	Historical evidence	dated-or-historical	/news	Dated evidence or internal provenance	archive-record	Historical source is preserved through dated context or the evidence ledger rather than treated as current.	yes	yes
FILE-370	02-collect/source-data/external/pdfs/garden-gate-2024-form-990.pdf	application/pdf	PDF-003: garden-gate-2024-form-990.pdf (English)	2024; filed 2025-10-06	Historical evidence	dated-or-historical	/news	Dated evidence or internal provenance	archive-record	Historical source is preserved through dated context or the evidence ledger rather than treated as current.	yes	yes
FILE-371	02-collect/source-data/external/pdfs/massdevelopment-cff-2023.pdf	application/pdf	PDF-049: massdevelopment-cff-2023.pdf (English)	2023	Historical evidence	dated-or-historical	/news	Dated evidence or internal provenance	archive-record	Historical source is preserved through dated context or the evidence ledger rather than treated as current.	yes	yes
FILE-372	02-collect/source-data/external/pdfs/mvbank-giving-report-2021.pdf	application/pdf	PDF-001: mvbank-giving-report-2021.pdf (English)	2021	Historical evidence	dated-or-historical	/news	Dated evidence or internal provenance	archive-record	Historical source is preserved through dated context or the evidence ledger rather than treated as current.	yes	yes
FILE-373	02-collect/source-data/external/pdfs/mvcs-family-resource-guide-2018.pdf	application/pdf	PDF-050: mvcs-family-resource-guide-2018.pdf (English)	2018-08-13	Historical evidence	dated-or-historical	/news	Dated evidence or internal provenance	archive-record	Historical source is preserved through dated context or the evidence ledger rather than treated as current.	yes	yes
FILE-374	02-collect/source-data/link-status.tsv	text/plain	Normalized link-status ledger covering official and external destinations	Public-link checks on 2026-08-27	Verified current public information	dated-or-historical		Evidence and verification	consolidated	Source supports the reconciled site record, coverage ledger, verification, or a broader canonical responsibility without needing its own public page.	yes	yes
FILE-375	02-collect/source-data/pdf-inventory.tsv	text/plain	PDF inventory for 46 official and 4 external documents	Inventory compiled 2026-08-27; document dates vary	Verified current public information	dated-or-historical		Evidence and verification	consolidated	Source supports the reconciled site record, coverage ledger, verification, or a broader canonical responsibility without needing its own public page.	yes	yes
FILE-376	02-collect/source-data/pdf-text/2-Newsletter-April-3-2026--1b2374bd.txt	text/plain	Extracted text for PDF-004: Newsletter April 3 2026	April 3, 2026	Verified current public information	dated-or-historical	/news	Dated newsletter resources	resource-file	Retained as a clearly dated document resource; its contents are not converted into evergreen claims.	yes	yes
FILE-377	02-collect/source-data/pdf-text/2025-Enrollment-Application-1--3cd8c8c6.txt	text/plain	Extracted text for PDF-005: 2025 Enrollment Application	2025	Verified current public information	dated-or-historical		Evidence and verification	consolidated	Source supports the reconciled site record, coverage ledger, verification, or a broader canonical responsibility without needing its own public page.	yes	yes
FILE-378	02-collect/source-data/pdf-text/Copy-of-Newsletter-August-12-2026--c324fe11.txt	text/plain	Extracted text for PDF-006: Copy of Newsletter August 12 2026	Document date not stated; source context retained	Verified current public information	dated-or-historical	/news	Dated newsletter resources	resource-file	Retained as a clearly dated document resource; its contents are not converted into evergreen claims.	yes	yes
FILE-379	02-collect/source-data/pdf-text/Newsletter-April-10-2026--20c51349.txt	text/plain	Extracted text for PDF-007: Newsletter April 10 2026	April 10, 2026	Verified current public information	dated-or-historical	/news	Dated newsletter resources	resource-file	Retained as a clearly dated document resource; its contents are not converted into evergreen claims.	yes	yes
FILE-380	02-collect/source-data/pdf-text/Newsletter-August-12-2026--4addf26e.txt	text/plain	Extracted text for PDF-008: Newsletter August 12 2026	Document date not stated; source context retained	Verified current public information	dated-or-historical	/news	Dated newsletter resources	resource-file	Retained as a clearly dated document resource; its contents are not converted into evergreen claims.	yes	yes
FILE-381	02-collect/source-data/pdf-text/Newsletter-August-5-2026--06b22423.txt	text/plain	Extracted text for PDF-009: Newsletter August 5 2026	Document date not stated; source context retained	Verified current public information	dated-or-historical	/news	Dated newsletter resources	resource-file	Retained as a clearly dated document resource; its contents are not converted into evergreen claims.	yes	yes
FILE-382	02-collect/source-data/pdf-text/Newsletter-December-12-2025--7149d671.txt	text/plain	Extracted text for PDF-010: Newsletter December 12 2025	December 12, 2025	Verified current public information	dated-or-historical	/news	Dated newsletter resources	resource-file	Retained as a clearly dated document resource; its contents are not converted into evergreen claims.	yes	yes
FILE-383	02-collect/source-data/pdf-text/Newsletter-December-5-2025--914a895f.txt	text/plain	Extracted text for PDF-011: Newsletter December 5 2025	December 5, 2025	Verified current public information	dated-or-historical	/news	Dated newsletter resources	resource-file	Retained as a clearly dated document resource; its contents are not converted into evergreen claims.	yes	yes
FILE-384	02-collect/source-data/pdf-text/Newsletter-February-13-2026--bbccbaea.txt	text/plain	Extracted text for PDF-012: Newsletter February 13 2026	February 13, 2026	Verified current public information	dated-or-historical	/news	Dated newsletter resources	resource-file	Retained as a clearly dated document resource; its contents are not converted into evergreen claims.	yes	yes
FILE-385	02-collect/source-data/pdf-text/Newsletter-February-6-2026--084e1a8d.txt	text/plain	Extracted text for PDF-013: Newsletter February 6 2026	February 6, 2026	Verified current public information	dated-or-historical	/news	Dated newsletter resources	resource-file	Retained as a clearly dated document resource; its contents are not converted into evergreen claims.	yes	yes
FILE-386	02-collect/source-data/pdf-text/Newsletter-January-16-2026--4ade4827.txt	text/plain	Extracted text for PDF-014: Newsletter January 16 2026	January 16, 2026	Verified current public information	dated-or-historical	/news	Dated newsletter resources	resource-file	Retained as a clearly dated document resource; its contents are not converted into evergreen claims.	yes	yes
FILE-387	02-collect/source-data/pdf-text/Newsletter-January-23-2026--38487e36.txt	text/plain	Extracted text for PDF-015: Newsletter January 23 2026	January 23, 2026	Verified current public information	dated-or-historical	/news	Dated newsletter resources	resource-file	Retained as a clearly dated document resource; its contents are not converted into evergreen claims.	yes	yes
FILE-388	02-collect/source-data/pdf-text/Newsletter-January-30-2026--66e4848b.txt	text/plain	Extracted text for PDF-016: Newsletter January 30 2026	January 30, 2026	Verified current public information	dated-or-historical	/news	Dated newsletter resources	resource-file	Retained as a clearly dated document resource; its contents are not converted into evergreen claims.	yes	yes
FILE-389	02-collect/source-data/pdf-text/Newsletter-January-9-2026--67d63f1f.txt	text/plain	Extracted text for PDF-017: Newsletter January 9 2026	January 9, 2026	Verified current public information	dated-or-historical	/news	Dated newsletter resources	resource-file	Retained as a clearly dated document resource; its contents are not converted into evergreen claims.	yes	yes
FILE-390	02-collect/source-data/pdf-text/Newsletter-July-15-2026--63bfc9ed.txt	text/plain	Extracted text for PDF-018: Newsletter July 15 2026	Document date not stated; source context retained	Verified current public information	dated-or-historical	/news	Dated newsletter resources	resource-file	Retained as a clearly dated document resource; its contents are not converted into evergreen claims.	yes	yes
FILE-391	02-collect/source-data/pdf-text/Newsletter-July-22-2026--0ebb475c.txt	text/plain	Extracted text for PDF-019: Newsletter July 22 2026	Document date not stated; source context retained	Verified current public information	dated-or-historical	/news	Dated newsletter resources	resource-file	Retained as a clearly dated document resource; its contents are not converted into evergreen claims.	yes	yes
FILE-392	02-collect/source-data/pdf-text/Newsletter-July-29-2026-knf9--ef7b1f04.txt	text/plain	Extracted text for PDF-020: Newsletter July 29 2026	Document date not stated; source context retained	Verified current public information	dated-or-historical	/news	Dated newsletter resources	resource-file	Retained as a clearly dated document resource; its contents are not converted into evergreen claims.	yes	yes
FILE-393	02-collect/source-data/pdf-text/Newsletter-July-8-2026--44be9989.txt	text/plain	Extracted text for PDF-021: Newsletter July 8 2026	Document date not stated; source context retained	Verified current public information	dated-or-historical	/news	Dated newsletter resources	resource-file	Retained as a clearly dated document resource; its contents are not converted into evergreen claims.	yes	yes
FILE-394	02-collect/source-data/pdf-text/Newsletter-June-12-2026--af8d5eb9.txt	text/plain	Extracted text for PDF-022: Newsletter June 12 2026	June 12, 2026	Verified current public information	dated-or-historical	/news	Dated newsletter resources	resource-file	Retained as a clearly dated document resource; its contents are not converted into evergreen claims.	yes	yes
FILE-395	02-collect/source-data/pdf-text/Newsletter-June-5-2026--52a5fd5f.txt	text/plain	Extracted text for PDF-023: Newsletter June 5 2026	June 5, 2026	Verified current public information	dated-or-historical	/news	Dated newsletter resources	resource-file	Retained as a clearly dated document resource; its contents are not converted into evergreen claims.	yes	yes
FILE-396	02-collect/source-data/pdf-text/Newsletter-March-13-2026--1d8cda11.txt	text/plain	Extracted text for PDF-024: Newsletter March 13 2026	March 13, 2026	Verified current public information	dated-or-historical	/news	Dated newsletter resources	resource-file	Retained as a clearly dated document resource; its contents are not converted into evergreen claims.	yes	yes
FILE-397	02-collect/source-data/pdf-text/Newsletter-March-20-2026--e1bd1dd1.txt	text/plain	Extracted text for PDF-025: Newsletter March 20 2026	March 20, 2026	Verified current public information	dated-or-historical	/news	Dated newsletter resources	resource-file	Retained as a clearly dated document resource; its contents are not converted into evergreen claims.	yes	yes
FILE-398	02-collect/source-data/pdf-text/Newsletter-March-27-2026--99cca02b.txt	text/plain	Extracted text for PDF-026: Newsletter March 27 2026	March 27, 2026	Verified current public information	dated-or-historical	/news	Dated newsletter resources	resource-file	Retained as a clearly dated document resource; its contents are not converted into evergreen claims.	yes	yes
FILE-399	02-collect/source-data/pdf-text/Newsletter-March-6-2026--3a997f8e.txt	text/plain	Extracted text for PDF-027: Newsletter March 6 2026	March 6, 2026	Verified current public information	dated-or-historical	/news	Dated newsletter resources	resource-file	Retained as a clearly dated document resource; its contents are not converted into evergreen claims.	yes	yes
FILE-400	02-collect/source-data/pdf-text/Newsletter-May-1-2026--df410ab2.txt	text/plain	Extracted text for PDF-028: Newsletter May 1 2026	May 1, 2026	Verified current public information	dated-or-historical	/news	Dated newsletter resources	resource-file	Retained as a clearly dated document resource; its contents are not converted into evergreen claims.	yes	yes
FILE-401	02-collect/source-data/pdf-text/Newsletter-May-15-2026--adc82779.txt	text/plain	Extracted text for PDF-029: Newsletter May 15 2026	May 15, 2026	Verified current public information	dated-or-historical	/news	Dated newsletter resources	resource-file	Retained as a clearly dated document resource; its contents are not converted into evergreen claims.	yes	yes
FILE-402	02-collect/source-data/pdf-text/Newsletter-May-22-2026--1df144e2.txt	text/plain	Extracted text for PDF-030: Newsletter May 22 2026	May 22, 2026	Verified current public information	dated-or-historical	/news	Dated newsletter resources	resource-file	Retained as a clearly dated document resource; its contents are not converted into evergreen claims.	yes	yes
FILE-403	02-collect/source-data/pdf-text/Newsletter-May-29-2026--50003baf.txt	text/plain	Extracted text for PDF-031: Newsletter May 29 2026	May 29, 2026	Verified current public information	dated-or-historical	/news	Dated newsletter resources	resource-file	Retained as a clearly dated document resource; its contents are not converted into evergreen claims.	yes	yes
FILE-404	02-collect/source-data/pdf-text/Newsletter-May-8-2026--55807b9d.txt	text/plain	Extracted text for PDF-032: Newsletter May 8 2026	May 8, 2026	Verified current public information	dated-or-historical	/news	Dated newsletter resources	resource-file	Retained as a clearly dated document resource; its contents are not converted into evergreen claims.	yes	yes
FILE-405	02-collect/source-data/pdf-text/Newsletter-November-14-2025--c4f16d91.txt	text/plain	Extracted text for PDF-033: Newsletter November 14 2025	November 14, 2025	Verified current public information	dated-or-historical	/news	Dated newsletter resources	resource-file	Retained as a clearly dated document resource; its contents are not converted into evergreen claims.	yes	yes
FILE-406	02-collect/source-data/pdf-text/Newsletter-November-21-2025-9y2b--65de3227.txt	text/plain	Extracted text for PDF-034: Newsletter November 21 2025	November 21, 2025	Verified current public information	dated-or-historical	/news	Dated newsletter resources	resource-file	Retained as a clearly dated document resource; its contents are not converted into evergreen claims.	yes	yes
FILE-407	02-collect/source-data/pdf-text/Newsletter-November-7-2025--ae7d5041.txt	text/plain	Extracted text for PDF-035: Newsletter November 7 2025	November 7, 2025	Verified current public information	dated-or-historical	/news	Dated newsletter resources	resource-file	Retained as a clearly dated document resource; its contents are not converted into evergreen claims.	yes	yes
FILE-408	02-collect/source-data/pdf-text/Newsletter-October-10-2025-yzty--572002a9.txt	text/plain	Extracted text for PDF-036: Newsletter October 10 2025	October 10, 2025	Verified current public information	dated-or-historical	/news	Dated newsletter resources	resource-file	Retained as a clearly dated document resource; its contents are not converted into evergreen claims.	yes	yes
FILE-409	02-collect/source-data/pdf-text/Newsletter-October-17-2025--09fe4018.txt	text/plain	Extracted text for PDF-037: Newsletter October 17 2025	October 17, 2025	Verified current public information	dated-or-historical	/news	Dated newsletter resources	resource-file	Retained as a clearly dated document resource; its contents are not converted into evergreen claims.	yes	yes
FILE-410	02-collect/source-data/pdf-text/Newsletter-October-24-2025-bf59--e5000bac.txt	text/plain	Extracted text for PDF-038: Newsletter October 24 2025	October 24, 2025	Verified current public information	dated-or-historical	/news	Dated newsletter resources	resource-file	Retained as a clearly dated document resource; its contents are not converted into evergreen claims.	yes	yes
FILE-411	02-collect/source-data/pdf-text/Newsletter-October-3-2025--612571a4.txt	text/plain	Extracted text for PDF-039: Newsletter October 3 2025	October 3, 2025	Verified current public information	dated-or-historical	/news	Dated newsletter resources	resource-file	Retained as a clearly dated document resource; its contents are not converted into evergreen claims.	yes	yes
FILE-412	02-collect/source-data/pdf-text/Newsletter-October-31-2025-1--0487389c.txt	text/plain	Extracted text for PDF-040: Newsletter October 31 2025	October 31, 2025	Verified current public information	dated-or-historical	/news	Dated newsletter resources	resource-file	Retained as a clearly dated document resource; its contents are not converted into evergreen claims.	yes	yes
FILE-413	02-collect/source-data/pdf-text/Newsletter-September-12-2025--2de0faf9.txt	text/plain	Extracted text for PDF-041: Newsletter September 12 2025	September 12, 2025	Verified current public information	dated-or-historical	/news	Dated newsletter resources	resource-file	Retained as a clearly dated document resource; its contents are not converted into evergreen claims.	yes	yes
FILE-414	02-collect/source-data/pdf-text/Newsletter-September-5-2025--eac84f86.txt	text/plain	Extracted text for PDF-042: Newsletter September 5 2025	September 5, 2025	Verified current public information	dated-or-historical	/news	Dated newsletter resources	resource-file	Retained as a clearly dated document resource; its contents are not converted into evergreen claims.	yes	yes
FILE-415	02-collect/source-data/pdf-text/Silver_Lining_Stories_for_Newsletter--cacaf5f2.txt	text/plain	Extracted text for PDF-002: Silver_Lining_Stories_for_Newsletter.pdf	Document date not stated; source context retained	Historical evidence	dated-or-historical	/news	Dated newsletter resources	resource-file	Retained as a clearly dated document resource; its contents are not converted into evergreen claims.	yes	yes
FILE-416	02-collect/source-data/pdf-text/Translated-copy-of-Community-of-Belonging--4724dfa7.txt	text/plain	Extracted text for PDF-043: Translated-copy-of-Community-of-Belonging.pdf	Document date not stated; source context retained	Historical evidence	dated-or-historical			deferred	Portuguese source retained in evidence but the public language destination is intentionally inactive pending currentness, translation, accessibility, ownership, and service review.	yes	yes
FILE-417	02-collect/source-data/pdf-text/Translated-copy-of-Enrollment--0fdd4e68.txt	text/plain	Extracted text for PDF-044: Translated-copy-of-Enrollment.pdf	Document date not stated; source context retained	Historical evidence	dated-or-historical			deferred	Portuguese source retained in evidence but the public language destination is intentionally inactive pending currentness, translation, accessibility, ownership, and service review.	yes	yes
FILE-418	02-collect/source-data/pdf-text/Translated-copy-of-Kindergarten-QA--1bc9195b.txt	text/plain	Extracted text for PDF-045: Translated-copy-of-Kindergarten-QA.pdf	Document date not stated; source context retained	Historical evidence	dated-or-historical			deferred	Portuguese source retained in evidence but the public language destination is intentionally inactive pending currentness, translation, accessibility, ownership, and service review.	yes	yes
FILE-419	02-collect/source-data/pdf-text/Translated20copy20of20Our20MissionC2A028129--cfb9c358.txt	text/plain	Extracted text for PDF-046: Translated20copy20of20Our20MissionC2A028129.pdf	Document date not stated; source context retained	Historical evidence	dated-or-historical			deferred	Portuguese source retained in evidence but the public language destination is intentionally inactive pending currentness, translation, accessibility, ownership, and service review.	yes	yes
FILE-420	02-collect/source-data/pdf-text/Translated20copy20of20Our20Studio20Classrooms--dc559c91.txt	text/plain	Extracted text for PDF-047: Translated20copy20of20Our20Studio20Classrooms.pdf	Document date not stated; source context retained	Historical evidence	dated-or-historical			deferred	Portuguese source retained in evidence but the public language destination is intentionally inactive pending currentness, translation, accessibility, ownership, and service review.	yes	yes
FILE-421	02-collect/source-data/pdf-text/Translated2Bcopy2Bof2B2BOur2BStory2B--f6bac4f2.txt	text/plain	Extracted text for PDF-048: Translated2Bcopy2Bof2B2BOur2BStory2B.pdf	Document date not stated; source context retained	Historical evidence	dated-or-historical			deferred	Portuguese source retained in evidence but the public language destination is intentionally inactive pending currentness, translation, accessibility, ownership, and service review.	yes	yes
FILE-422	02-collect/source-data/pdfs/2-Newsletter-April-3-2026--1b2374bd.pdf	application/pdf	PDF-004: Newsletter April 3 2026 (English)	April 3, 2026	Verified current public information	dated-or-historical	/news	Dated newsletter resources	resource-file	Retained as a clearly dated document resource; its contents are not converted into evergreen claims.	yes	yes
FILE-423	02-collect/source-data/pdfs/2025-Enrollment-Application-1--3cd8c8c6.pdf	application/pdf	PDF-005: 2025 Enrollment Application (English)	2025	Verified current public information	dated-or-historical		Evidence and verification	consolidated	Source supports the reconciled site record, coverage ledger, verification, or a broader canonical responsibility without needing its own public page.	yes	yes
FILE-424	02-collect/source-data/pdfs/Copy-of-Newsletter-August-12-2026--c324fe11.pdf	application/pdf	PDF-006: Copy of Newsletter August 12 2026 (English)	Document date not stated; source context retained	Verified current public information	dated-or-historical	/news	Dated newsletter resources	resource-file	Retained as a clearly dated document resource; its contents are not converted into evergreen claims.	yes	yes
FILE-425	02-collect/source-data/pdfs/Newsletter-April-10-2026--20c51349.pdf	application/pdf	PDF-007: Newsletter April 10 2026 (English)	April 10, 2026	Verified current public information	dated-or-historical	/news	Dated newsletter resources	resource-file	Retained as a clearly dated document resource; its contents are not converted into evergreen claims.	yes	yes
FILE-426	02-collect/source-data/pdfs/Newsletter-August-12-2026--4addf26e.pdf	application/pdf	PDF-008: Newsletter August 12 2026 (English)	Document date not stated; source context retained	Verified current public information	dated-or-historical	/news	Dated newsletter resources	resource-file	Retained as a clearly dated document resource; its contents are not converted into evergreen claims.	yes	yes
FILE-427	02-collect/source-data/pdfs/Newsletter-August-5-2026--06b22423.pdf	application/pdf	PDF-009: Newsletter August 5 2026 (English)	Document date not stated; source context retained	Verified current public information	dated-or-historical	/news	Dated newsletter resources	resource-file	Retained as a clearly dated document resource; its contents are not converted into evergreen claims.	yes	yes
FILE-428	02-collect/source-data/pdfs/Newsletter-December-12-2025--7149d671.pdf	application/pdf	PDF-010: Newsletter December 12 2025 (English)	December 12, 2025	Verified current public information	dated-or-historical	/news	Dated newsletter resources	resource-file	Retained as a clearly dated document resource; its contents are not converted into evergreen claims.	yes	yes
FILE-429	02-collect/source-data/pdfs/Newsletter-December-5-2025--914a895f.pdf	application/pdf	PDF-011: Newsletter December 5 2025 (English)	December 5, 2025	Verified current public information	dated-or-historical	/news	Dated newsletter resources	resource-file	Retained as a clearly dated document resource; its contents are not converted into evergreen claims.	yes	yes
FILE-430	02-collect/source-data/pdfs/Newsletter-February-13-2026--bbccbaea.pdf	application/pdf	PDF-012: Newsletter February 13 2026 (English)	February 13, 2026	Verified current public information	dated-or-historical	/news	Dated newsletter resources	resource-file	Retained as a clearly dated document resource; its contents are not converted into evergreen claims.	yes	yes
FILE-431	02-collect/source-data/pdfs/Newsletter-February-6-2026--084e1a8d.pdf	application/pdf	PDF-013: Newsletter February 6 2026 (English)	February 6, 2026	Verified current public information	dated-or-historical	/news	Dated newsletter resources	resource-file	Retained as a clearly dated document resource; its contents are not converted into evergreen claims.	yes	yes
FILE-432	02-collect/source-data/pdfs/Newsletter-January-16-2026--4ade4827.pdf	application/pdf	PDF-014: Newsletter January 16 2026 (English)	January 16, 2026	Verified current public information	dated-or-historical	/news	Dated newsletter resources	resource-file	Retained as a clearly dated document resource; its contents are not converted into evergreen claims.	yes	yes
FILE-433	02-collect/source-data/pdfs/Newsletter-January-23-2026--38487e36.pdf	application/pdf	PDF-015: Newsletter January 23 2026 (English)	January 23, 2026	Verified current public information	dated-or-historical	/news	Dated newsletter resources	resource-file	Retained as a clearly dated document resource; its contents are not converted into evergreen claims.	yes	yes
FILE-434	02-collect/source-data/pdfs/Newsletter-January-30-2026--66e4848b.pdf	application/pdf	PDF-016: Newsletter January 30 2026 (English)	January 30, 2026	Verified current public information	dated-or-historical	/news	Dated newsletter resources	resource-file	Retained as a clearly dated document resource; its contents are not converted into evergreen claims.	yes	yes
FILE-435	02-collect/source-data/pdfs/Newsletter-January-9-2026--67d63f1f.pdf	application/pdf	PDF-017: Newsletter January 9 2026 (English)	January 9, 2026	Verified current public information	dated-or-historical	/news	Dated newsletter resources	resource-file	Retained as a clearly dated document resource; its contents are not converted into evergreen claims.	yes	yes
FILE-436	02-collect/source-data/pdfs/Newsletter-July-15-2026--63bfc9ed.pdf	application/pdf	PDF-018: Newsletter July 15 2026 (English)	Document date not stated; source context retained	Verified current public information	dated-or-historical	/news	Dated newsletter resources	resource-file	Retained as a clearly dated document resource; its contents are not converted into evergreen claims.	yes	yes
FILE-437	02-collect/source-data/pdfs/Newsletter-July-22-2026--0ebb475c.pdf	application/pdf	PDF-019: Newsletter July 22 2026 (English)	Document date not stated; source context retained	Verified current public information	dated-or-historical	/news	Dated newsletter resources	resource-file	Retained as a clearly dated document resource; its contents are not converted into evergreen claims.	yes	yes
FILE-438	02-collect/source-data/pdfs/Newsletter-July-29-2026-knf9--ef7b1f04.pdf	application/pdf	PDF-020: Newsletter July 29 2026 (English)	Document date not stated; source context retained	Verified current public information	dated-or-historical	/news	Dated newsletter resources	resource-file	Retained as a clearly dated document resource; its contents are not converted into evergreen claims.	yes	yes
FILE-439	02-collect/source-data/pdfs/Newsletter-July-8-2026--44be9989.pdf	application/pdf	PDF-021: Newsletter July 8 2026 (English)	Document date not stated; source context retained	Verified current public information	dated-or-historical	/news	Dated newsletter resources	resource-file	Retained as a clearly dated document resource; its contents are not converted into evergreen claims.	yes	yes
FILE-440	02-collect/source-data/pdfs/Newsletter-June-12-2026--af8d5eb9.pdf	application/pdf	PDF-022: Newsletter June 12 2026 (English)	June 12, 2026	Verified current public information	dated-or-historical	/news	Dated newsletter resources	resource-file	Retained as a clearly dated document resource; its contents are not converted into evergreen claims.	yes	yes
FILE-441	02-collect/source-data/pdfs/Newsletter-June-5-2026--52a5fd5f.pdf	application/pdf	PDF-023: Newsletter June 5 2026 (English)	June 5, 2026	Verified current public information	dated-or-historical	/news	Dated newsletter resources	resource-file	Retained as a clearly dated document resource; its contents are not converted into evergreen claims.	yes	yes
FILE-442	02-collect/source-data/pdfs/Newsletter-March-13-2026--1d8cda11.pdf	application/pdf	PDF-024: Newsletter March 13 2026 (English)	March 13, 2026	Verified current public information	dated-or-historical	/news	Dated newsletter resources	resource-file	Retained as a clearly dated document resource; its contents are not converted into evergreen claims.	yes	yes
FILE-443	02-collect/source-data/pdfs/Newsletter-March-20-2026--e1bd1dd1.pdf	application/pdf	PDF-025: Newsletter March 20 2026 (English)	March 20, 2026	Verified current public information	dated-or-historical	/news	Dated newsletter resources	resource-file	Retained as a clearly dated document resource; its contents are not converted into evergreen claims.	yes	yes
FILE-444	02-collect/source-data/pdfs/Newsletter-March-27-2026--99cca02b.pdf	application/pdf	PDF-026: Newsletter March 27 2026 (English)	March 27, 2026	Verified current public information	dated-or-historical	/news	Dated newsletter resources	resource-file	Retained as a clearly dated document resource; its contents are not converted into evergreen claims.	yes	yes
FILE-445	02-collect/source-data/pdfs/Newsletter-March-6-2026--3a997f8e.pdf	application/pdf	PDF-027: Newsletter March 6 2026 (English)	March 6, 2026	Verified current public information	dated-or-historical	/news	Dated newsletter resources	resource-file	Retained as a clearly dated document resource; its contents are not converted into evergreen claims.	yes	yes
FILE-446	02-collect/source-data/pdfs/Newsletter-May-1-2026--df410ab2.pdf	application/pdf	PDF-028: Newsletter May 1 2026 (English)	May 1, 2026	Verified current public information	dated-or-historical	/news	Dated newsletter resources	resource-file	Retained as a clearly dated document resource; its contents are not converted into evergreen claims.	yes	yes
FILE-447	02-collect/source-data/pdfs/Newsletter-May-15-2026--adc82779.pdf	application/pdf	PDF-029: Newsletter May 15 2026 (English)	May 15, 2026	Verified current public information	dated-or-historical	/news	Dated newsletter resources	resource-file	Retained as a clearly dated document resource; its contents are not converted into evergreen claims.	yes	yes
FILE-448	02-collect/source-data/pdfs/Newsletter-May-22-2026--1df144e2.pdf	application/pdf	PDF-030: Newsletter May 22 2026 (English)	May 22, 2026	Verified current public information	dated-or-historical	/news	Dated newsletter resources	resource-file	Retained as a clearly dated document resource; its contents are not converted into evergreen claims.	yes	yes
FILE-449	02-collect/source-data/pdfs/Newsletter-May-29-2026--50003baf.pdf	application/pdf	PDF-031: Newsletter May 29 2026 (English)	May 29, 2026	Verified current public information	dated-or-historical	/news	Dated newsletter resources	resource-file	Retained as a clearly dated document resource; its contents are not converted into evergreen claims.	yes	yes
FILE-450	02-collect/source-data/pdfs/Newsletter-May-8-2026--55807b9d.pdf	application/pdf	PDF-032: Newsletter May 8 2026 (English)	May 8, 2026	Verified current public information	dated-or-historical	/news	Dated newsletter resources	resource-file	Retained as a clearly dated document resource; its contents are not converted into evergreen claims.	yes	yes
FILE-451	02-collect/source-data/pdfs/Newsletter-November-14-2025--c4f16d91.pdf	application/pdf	PDF-033: Newsletter November 14 2025 (English)	November 14, 2025	Verified current public information	dated-or-historical	/news	Dated newsletter resources	resource-file	Retained as a clearly dated document resource; its contents are not converted into evergreen claims.	yes	yes
FILE-452	02-collect/source-data/pdfs/Newsletter-November-21-2025-9y2b--65de3227.pdf	application/pdf	PDF-034: Newsletter November 21 2025 (English)	November 21, 2025	Verified current public information	dated-or-historical	/news	Dated newsletter resources	resource-file	Retained as a clearly dated document resource; its contents are not converted into evergreen claims.	yes	yes
FILE-453	02-collect/source-data/pdfs/Newsletter-November-7-2025--ae7d5041.pdf	application/pdf	PDF-035: Newsletter November 7 2025 (English)	November 7, 2025	Verified current public information	dated-or-historical	/news	Dated newsletter resources	resource-file	Retained as a clearly dated document resource; its contents are not converted into evergreen claims.	yes	yes
FILE-454	02-collect/source-data/pdfs/Newsletter-October-10-2025-yzty--572002a9.pdf	application/pdf	PDF-036: Newsletter October 10 2025 (English)	October 10, 2025	Verified current public information	dated-or-historical	/news	Dated newsletter resources	resource-file	Retained as a clearly dated document resource; its contents are not converted into evergreen claims.	yes	yes
FILE-455	02-collect/source-data/pdfs/Newsletter-October-17-2025--09fe4018.pdf	application/pdf	PDF-037: Newsletter October 17 2025 (English)	October 17, 2025	Verified current public information	dated-or-historical	/news	Dated newsletter resources	resource-file	Retained as a clearly dated document resource; its contents are not converted into evergreen claims.	yes	yes
FILE-456	02-collect/source-data/pdfs/Newsletter-October-24-2025-bf59--e5000bac.pdf	application/pdf	PDF-038: Newsletter October 24 2025 (English)	October 24, 2025	Verified current public information	dated-or-historical	/news	Dated newsletter resources	resource-file	Retained as a clearly dated document resource; its contents are not converted into evergreen claims.	yes	yes
FILE-457	02-collect/source-data/pdfs/Newsletter-October-3-2025--612571a4.pdf	application/pdf	PDF-039: Newsletter October 3 2025 (English)	October 3, 2025	Verified current public information	dated-or-historical	/news	Dated newsletter resources	resource-file	Retained as a clearly dated document resource; its contents are not converted into evergreen claims.	yes	yes
FILE-458	02-collect/source-data/pdfs/Newsletter-October-31-2025-1--0487389c.pdf	application/pdf	PDF-040: Newsletter October 31 2025 (English)	October 31, 2025	Verified current public information	dated-or-historical	/news	Dated newsletter resources	resource-file	Retained as a clearly dated document resource; its contents are not converted into evergreen claims.	yes	yes
FILE-459	02-collect/source-data/pdfs/Newsletter-September-12-2025--2de0faf9.pdf	application/pdf	PDF-041: Newsletter September 12 2025 (English)	September 12, 2025	Verified current public information	dated-or-historical	/news	Dated newsletter resources	resource-file	Retained as a clearly dated document resource; its contents are not converted into evergreen claims.	yes	yes
FILE-460	02-collect/source-data/pdfs/Newsletter-September-5-2025--eac84f86.pdf	application/pdf	PDF-042: Newsletter September 5 2025 (English)	September 5, 2025	Verified current public information	dated-or-historical	/news	Dated newsletter resources	resource-file	Retained as a clearly dated document resource; its contents are not converted into evergreen claims.	yes	yes
FILE-461	02-collect/source-data/pdfs/Silver_Lining_Stories_for_Newsletter--cacaf5f2.pdf	application/pdf	PDF-002: Silver_Lining_Stories_for_Newsletter.pdf (English)	Document date not stated; source context retained	Verified current public information	dated-or-historical	/news	Dated newsletter resources	resource-file	Retained as a clearly dated document resource; its contents are not converted into evergreen claims.	yes	yes
FILE-462	02-collect/source-data/pdfs/Translated-copy-of-Community-of-Belonging--4724dfa7.pdf	application/pdf	PDF-043: Translated-copy-of-Community-of-Belonging.pdf (Portuguese)	Document date not stated; source context retained	Historical evidence	dated-or-historical			deferred	Portuguese source retained in evidence but the public language destination is intentionally inactive pending currentness, translation, accessibility, ownership, and service review.	yes	yes
FILE-463	02-collect/source-data/pdfs/Translated-copy-of-Enrollment--0fdd4e68.pdf	application/pdf	PDF-044: Translated-copy-of-Enrollment.pdf (Portuguese)	Document date not stated; source context retained	Historical evidence	dated-or-historical			deferred	Portuguese source retained in evidence but the public language destination is intentionally inactive pending currentness, translation, accessibility, ownership, and service review.	yes	yes
FILE-464	02-collect/source-data/pdfs/Translated-copy-of-Kindergarten-QA--1bc9195b.pdf	application/pdf	PDF-045: Translated-copy-of-Kindergarten-QA.pdf (Portuguese)	Document date not stated; source context retained	Historical evidence	dated-or-historical			deferred	Portuguese source retained in evidence but the public language destination is intentionally inactive pending currentness, translation, accessibility, ownership, and service review.	yes	yes
FILE-465	02-collect/source-data/pdfs/Translated20copy20of20Our20MissionC2A028129--cfb9c358.pdf	application/pdf	PDF-046: Translated20copy20of20Our20MissionC2A028129.pdf (Portuguese)	Document date not stated; source context retained	Historical evidence	dated-or-historical			deferred	Portuguese source retained in evidence but the public language destination is intentionally inactive pending currentness, translation, accessibility, ownership, and service review.	yes	yes
FILE-466	02-collect/source-data/pdfs/Translated20copy20of20Our20Studio20Classrooms--dc559c91.pdf	application/pdf	PDF-047: Translated20copy20of20Our20Studio20Classrooms.pdf (Portuguese)	Document date not stated; source context retained	Historical evidence	dated-or-historical			deferred	Portuguese source retained in evidence but the public language destination is intentionally inactive pending currentness, translation, accessibility, ownership, and service review.	yes	yes
FILE-467	02-collect/source-data/pdfs/Translated2Bcopy2Bof2B2BOur2BStory2B--f6bac4f2.pdf	application/pdf	PDF-048: Translated2Bcopy2Bof2B2BOur2BStory2B.pdf (Portuguese)	Document date not stated; source context retained	Historical evidence	dated-or-historical			deferred	Portuguese source retained in evidence but the public language destination is intentionally inactive pending currentness, translation, accessibility, ownership, and service review.	yes	yes
FILE-468	02-collect/source-data/raw/asset-original-probes.json	application/json	Original asset URL probe records	Stage 2 capture/validation, 2026-08-27	Verified current public information	dated-or-historical		Evidence and verification	consolidated	Source supports the reconciled site record, coverage ledger, verification, or a broader canonical responsibility without needing its own public page.	yes	yes
FILE-469	02-collect/source-data/raw/asset-probes.json	application/json	All canonical asset URL probe records	Stage 2 capture/validation, 2026-08-27	Verified current public information	dated-or-historical		Evidence and verification	consolidated	Source supports the reconciled site record, coverage ledger, verification, or a broader canonical responsibility without needing its own public page.	yes	yes
FILE-470	02-collect/source-data/raw/assets.json	application/json	Raw official-site asset occurrences	Stage 2 capture/validation, 2026-08-27	Verified current public information	dated-or-historical		Evidence and verification	consolidated	Source supports the reconciled site record, coverage ledger, verification, or a broader canonical responsibility without needing its own public page.	yes	yes
FILE-471	02-collect/source-data/raw/crawl-summary.json	application/json	Stage 2 crawl summary and reconciled totals	Stage 2 capture/validation, 2026-08-27	Verified current public information	dated-or-historical		Evidence and verification	consolidated	Source supports the reconciled site record, coverage ledger, verification, or a broader canonical responsibility without needing its own public page.	yes	yes
FILE-472	02-collect/source-data/raw/external-sources.json	application/json	External corroboration source records	Stage 2 capture/validation, 2026-08-27	Verified current public information	dated-or-historical		Evidence and verification	consolidated	Source supports the reconciled site record, coverage ledger, verification, or a broader canonical responsibility without needing its own public page.	yes	yes
FILE-473	02-collect/source-data/raw/fetch-log.json	application/json	Official URL request and response log	Stage 2 capture/validation, 2026-08-27	Verified current public information	dated-or-historical		Evidence and verification	consolidated	Source supports the reconciled site record, coverage ledger, verification, or a broader canonical responsibility without needing its own public page.	yes	yes
FILE-474	02-collect/source-data/raw/final-validation.json	application/json	Stage 2 final validation results	Stage 2 capture/validation, 2026-08-27	Verified current public information	dated-or-historical		Evidence and verification	consolidated	Source supports the reconciled site record, coverage ledger, verification, or a broader canonical responsibility without needing its own public page.	yes	yes
FILE-475	02-collect/source-data/raw/form-schema.json	application/json	Structured contact and enrollment form schemas	Stage 2 capture/validation, 2026-08-27	Verified current public information	dated-or-historical		Evidence and verification	consolidated	Source supports the reconciled site record, coverage ledger, verification, or a broader canonical responsibility without needing its own public page.	yes	yes
FILE-476	02-collect/source-data/raw/link-checks.json	application/json	Unique link-check results	Stage 2 capture/validation, 2026-08-27	Verified current public information	dated-or-historical		Evidence and verification	consolidated	Source supports the reconciled site record, coverage ledger, verification, or a broader canonical responsibility without needing its own public page.	yes	yes
FILE-477	02-collect/source-data/raw/links.json	application/json	Raw official-site link occurrences	Stage 2 capture/validation, 2026-08-27	Verified current public information	dated-or-historical		Evidence and verification	consolidated	Source supports the reconciled site record, coverage ledger, verification, or a broader canonical responsibility without needing its own public page.	yes	yes
FILE-478	02-collect/source-data/raw/official-image-downloads.json	application/json	Retained official-site image download records	Stage 2 capture/validation, 2026-08-27	Verified current public information	dated-or-historical		Evidence and verification	consolidated	Source supports the reconciled site record, coverage ledger, verification, or a broader canonical responsibility without needing its own public page.	yes	yes
FILE-479	02-collect/source-data/raw/official-image-file-validation.json	application/json	Image-file validation and count reconciliation	Stage 2 capture/validation, 2026-08-27	Verified current public information	dated-or-historical		Evidence and verification	consolidated	Source supports the reconciled site record, coverage ledger, verification, or a broader canonical responsibility without needing its own public page.	yes	yes
FILE-480	02-collect/source-data/raw/pages.json	application/json	Structured official-page metadata and extraction records	Stage 2 capture/validation, 2026-08-27	Verified current public information	dated-or-historical		Evidence and verification	consolidated	Source supports the reconciled site record, coverage ledger, verification, or a broader canonical responsibility without needing its own public page.	yes	yes
FILE-481	02-collect/source-data/raw/pdf-downloads.json	application/json	Official PDF download records	Stage 2 capture/validation, 2026-08-27	Verified current public information	dated-or-historical		Evidence and verification	consolidated	Source supports the reconciled site record, coverage ledger, verification, or a broader canonical responsibility without needing its own public page.	yes	yes
FILE-482	02-collect/source-data/raw/sitemap-records.json	application/json	Structured sitemap URL records	Stage 2 capture/validation, 2026-08-27	Verified current public information	dated-or-historical		Evidence and verification	consolidated	Source supports the reconciled site record, coverage ledger, verification, or a broader canonical responsibility without needing its own public page.	yes	yes
FILE-483	02-collect/source-data/raw/wayback-page-inventory.json	application/json	Wayback page inventory and timestamp records	Stage 2 capture/validation, 2026-08-27	Verified current public information	dated-or-historical		Evidence and verification	consolidated	Source supports the reconciled site record, coverage ledger, verification, or a broader canonical responsibility without needing its own public page.	yes	yes
FILE-484	02-collect/source-data/raw/wayback-wix-available.json	application/json	Stage 2 raw structured collection record	Stage 2 capture/validation, 2026-08-27	Verified current public information	dated-or-historical		Evidence and verification	consolidated	Source supports the reconciled site record, coverage ledger, verification, or a broader canonical responsibility without needing its own public page.	yes	yes
FILE-485	02-collect/source-data/robots.txt	text/plain	Saved official-site robots.txt	Captured 2026-08-27	Verified current public information	dated-or-historical		Evidence and verification	consolidated	Source supports the reconciled site record, coverage ledger, verification, or a broader canonical responsibility without needing its own public page.	yes	yes
FILE-486	02-collect/source-data/site-html/about-us--70c6ed48.html	text/html	Saved official-site HTML snapshot for about-us	Current Stage 2 capture on 2026-08-27	Verified current public information	dated-or-historical		Evidence and verification	consolidated	Source supports the reconciled site record, coverage ledger, verification, or a broader canonical responsibility without needing its own public page.	yes	yes
FILE-487	02-collect/source-data/site-html/articles-newsletters--57076117.html	text/html	Saved official-site HTML snapshot for articles-newsletters	Current Stage 2 capture on 2026-08-27	Verified current public information	dated-or-historical		Evidence and verification	consolidated	Source supports the reconciled site record, coverage ledger, verification, or a broader canonical responsibility without needing its own public page.	yes	yes
FILE-488	02-collect/source-data/site-html/articles-newsletters--blog-post-one-39wtm--a95cfc52.html	text/html	Saved official-site HTML snapshot for articles-newsletters--blog-post-one-39wtm	Archived/dedicated article; source era retained	Historical evidence	dated-or-historical		Dated News or Resource record	archive-record	Preserved through the repeatable date-aware News/Resource record type.	yes	yes
FILE-489	02-collect/source-data/site-html/articles-newsletters--building-community-through-play-establishing-belonging--28b81f2b.html	text/html	Saved official-site HTML snapshot for articles-newsletters--building-community-through-play-establishing-belonging	Archived/dedicated article; source era retained	Historical evidence	dated-or-historical		Dated News or Resource record	archive-record	Preserved through the repeatable date-aware News/Resource record type.	yes	yes
FILE-490	02-collect/source-data/site-html/articles-newsletters--december-2023--dc0c4e6c.html	text/html	Saved official-site HTML snapshot for articles-newsletters--december-2023	Archived/dedicated article; source era retained	Historical evidence	dated-or-historical		Dated News or Resource record	archive-record	Preserved through the repeatable date-aware News/Resource record type.	yes	yes
FILE-491	02-collect/source-data/site-html/articles-newsletters--march-2024-newsletter--cc3c0afd.html	text/html	Saved official-site HTML snapshot for articles-newsletters--march-2024-newsletter	Archived/dedicated article; source era retained	Historical evidence	dated-or-historical		Dated News or Resource record	archive-record	Preserved through the repeatable date-aware News/Resource record type.	yes	yes
FILE-492	02-collect/source-data/site-html/articles-newsletters--new-combined-kindergartenpreschool-program-at-garden-gate--52959ee4.html	text/html	Saved official-site HTML snapshot for articles-newsletters--new-combined-kindergartenpreschool-program-at-garden-gate	Archived/dedicated article; source era retained	Historical evidence	dated-or-historical		Dated News or Resource record	archive-record	Preserved through the repeatable date-aware News/Resource record type.	yes	yes
FILE-493	02-collect/source-data/site-html/articles-newsletters--november-2023-newsletter-g3swg--28338882.html	text/html	Saved official-site HTML snapshot for articles-newsletters--november-2023-newsletter-g3swg	Archived/dedicated article; source era retained	Historical evidence	dated-or-historical		Dated News or Resource record	archive-record	Preserved through the repeatable date-aware News/Resource record type.	yes	yes
FILE-494	02-collect/source-data/site-html/articles-newsletters--october-2023-newsletter--a0d6fa24.html	text/html	Saved official-site HTML snapshot for articles-newsletters--october-2023-newsletter	Archived/dedicated article; source era retained	Historical evidence	dated-or-historical		Dated News or Resource record	archive-record	Preserved through the repeatable date-aware News/Resource record type.	yes	yes
FILE-495	02-collect/source-data/site-html/articles-newsletters--oid0tejm6tuo4hriyq50mybfkk4z4b--72d148bd.html	text/html	Saved official-site HTML snapshot for articles-newsletters--oid0tejm6tuo4hriyq50mybfkk4z4b	Archived/dedicated article; source era retained	Historical evidence	dated-or-historical		Dated News or Resource record	archive-record	Preserved through the repeatable date-aware News/Resource record type.	yes	yes
FILE-496	02-collect/source-data/site-html/articles-newsletters--september-2023-newsletter--6b6675cd.html	text/html	Saved official-site HTML snapshot for articles-newsletters--september-2023-newsletter	Archived/dedicated article; source era retained	Historical evidence	dated-or-historical		Dated News or Resource record	archive-record	Preserved through the repeatable date-aware News/Resource record type.	yes	yes
FILE-497	02-collect/source-data/site-html/articles-newsletters--silver-lining-story--3e87b1f6.html	text/html	Saved official-site HTML snapshot for articles-newsletters--silver-lining-story	Archived/dedicated article; source era retained	Historical evidence	dated-or-historical		Dated News or Resource record	archive-record	Preserved through the repeatable date-aware News/Resource record type.	yes	yes
FILE-498	02-collect/source-data/site-html/articles-newsletters--supporting-an-inclusive-and-equitable-school-community--b00d8885.html	text/html	Saved official-site HTML snapshot for articles-newsletters--supporting-an-inclusive-and-equitable-school-community	Archived/dedicated article; source era retained	Historical evidence	dated-or-historical		Dated News or Resource record	archive-record	Preserved through the repeatable date-aware News/Resource record type.	yes	yes
FILE-499	02-collect/source-data/site-html/articles-newsletters--taking-care-of-the-caregivers--17c28f6e.html	text/html	Saved official-site HTML snapshot for articles-newsletters--taking-care-of-the-caregivers	Archived/dedicated article; source era retained	Historical evidence	dated-or-historical		Dated News or Resource record	archive-record	Preserved through the repeatable date-aware News/Resource record type.	yes	yes
FILE-500	02-collect/source-data/site-html/articles-newsletters--the-nerdling--5ac94376.html	text/html	Saved official-site HTML snapshot for articles-newsletters--the-nerdling	Archived/dedicated article; source era retained	Historical evidence	dated-or-historical		Dated News or Resource record	archive-record	Preserved through the repeatable date-aware News/Resource record type.	yes	yes
FILE-501	02-collect/source-data/site-html/articles-newsletters--year-end-report-2020--702a33c8.html	text/html	Saved official-site HTML snapshot for articles-newsletters--year-end-report-2020	Archived/dedicated article; source era retained	Historical evidence	dated-or-historical		Dated News or Resource record	archive-record	Preserved through the repeatable date-aware News/Resource record type.	yes	yes
FILE-502	02-collect/source-data/site-html/articles-newsletters--year-end-report-2021--44e62b2b.html	text/html	Saved official-site HTML snapshot for articles-newsletters--year-end-report-2021	Archived/dedicated article; source era retained	Historical evidence	dated-or-historical		Dated News or Resource record	archive-record	Preserved through the repeatable date-aware News/Resource record type.	yes	yes
FILE-503	02-collect/source-data/site-html/articles-newsletters--year-end-report-2022--f9701cd2.html	text/html	Saved official-site HTML snapshot for articles-newsletters--year-end-report-2022	Archived/dedicated article; source era retained	Historical evidence	dated-or-historical		Dated News or Resource record	archive-record	Preserved through the repeatable date-aware News/Resource record type.	yes	yes
FILE-504	02-collect/source-data/site-html/babycow--ed5ac122.html	text/html	Saved official-site HTML snapshot for babycow	Archived/dedicated article; source era retained	Historical evidence	dated-or-historical	/news	Dated evidence or internal provenance	archive-record	Historical source is preserved through dated context or the evidence ledger rather than treated as current.	yes	yes
FILE-505	02-collect/source-data/site-html/belonging--9483ca2c.html	text/html	Saved official-site HTML snapshot for belonging	Current Stage 2 capture on 2026-08-27	Verified current public information	dated-or-historical		Evidence and verification	consolidated	Source supports the reconciled site record, coverage ledger, verification, or a broader canonical responsibility without needing its own public page.	yes	yes
FILE-506	02-collect/source-data/site-html/cart--f4b89dcd.html	text/html	Saved official-site HTML snapshot for cart	Archived/dedicated article; source era retained	Do not publish	excluded			exclude-obsolete	Stage 3/4 identifies this material as unsafe, unsupported, obsolete, empty, retired, or rights-limited.	yes	yes
FILE-507	02-collect/source-data/site-html/donate--52452f46.html	text/html	Saved official-site HTML snapshot for donate	Current Stage 2 capture on 2026-08-27	Verified current public information	dated-or-historical		Evidence and verification	consolidated	Source supports the reconciled site record, coverage ledger, verification, or a broader canonical responsibility without needing its own public page.	yes	yes
FILE-508	02-collect/source-data/site-html/em-portugues--95973a54.html	text/html	Saved official-site HTML snapshot for em-portugues	Current Stage 2 capture on 2026-08-27	Verified current public information	dated-or-historical			deferred	Portuguese source retained in evidence but the public language destination is intentionally inactive pending currentness, translation, accessibility, ownership, and service review.	yes	yes
FILE-509	02-collect/source-data/site-html/employment-opportunities--45ef9e11.html	text/html	Saved official-site HTML snapshot for employment-opportunities	Current Stage 2 capture on 2026-08-27	Verified current public information	dated-or-historical		Evidence and verification	consolidated	Source supports the reconciled site record, coverage ledger, verification, or a broader canonical responsibility without needing its own public page.	yes	yes
FILE-510	02-collect/source-data/site-html/enrollment-application--5c279b88.html	text/html	Saved official-site HTML snapshot for enrollment-application	Current Stage 2 capture on 2026-08-27	Verified current public information	dated-or-historical		Evidence and verification	consolidated	Source supports the reconciled site record, coverage ledger, verification, or a broader canonical responsibility without needing its own public page.	yes	yes
FILE-511	02-collect/source-data/site-html/for-educators--432f0173.html	text/html	Saved official-site HTML snapshot for for-educators	Current Stage 2 capture on 2026-08-27	Verified current public information	dated-or-historical		Evidence and verification	consolidated	Source supports the reconciled site record, coverage ledger, verification, or a broader canonical responsibility without needing its own public page.	yes	yes
FILE-512	02-collect/source-data/site-html/garden-gate-at-featherstone--8365f3d6.html	text/html	Saved official-site HTML snapshot for garden-gate-at-featherstone	Current Stage 2 capture on 2026-08-27	Verified current public information	dated-or-historical		Evidence and verification	consolidated	Source supports the reconciled site record, coverage ledger, verification, or a broader canonical responsibility without needing its own public page.	yes	yes
FILE-513	02-collect/source-data/site-html/home--8b92c69b.html	text/html	Saved official-site HTML snapshot for home	Current Stage 2 capture on 2026-08-27	Verified current public information	dated-or-historical		Evidence and verification	consolidated	Source supports the reconciled site record, coverage ledger, verification, or a broader canonical responsibility without needing its own public page.	yes	yes
FILE-514	02-collect/source-data/site-html/kindergarten--534f5e8e.html	text/html	Saved official-site HTML snapshot for kindergarten	Current Stage 2 capture on 2026-08-27	Verified current public information	dated-or-historical		Evidence and verification	consolidated	Source supports the reconciled site record, coverage ledger, verification, or a broader canonical responsibility without needing its own public page.	yes	yes
FILE-515	02-collect/source-data/site-html/newsletters-press--53e1ba87.html	text/html	Saved official-site HTML snapshot for newsletters-press	Archived/dedicated article; source era retained	Historical evidence	dated-or-historical	/news	Dated evidence or internal provenance	archive-record	Historical source is preserved through dated context or the evidence ledger rather than treated as current.	yes	yes
FILE-516	02-collect/source-data/site-html/newsletters2025--08a0dd00.html	text/html	Saved official-site HTML snapshot for newsletters2025	Current Stage 2 capture on 2026-08-27	Verified current public information	dated-or-historical			duplicate	Duplicate of 02-collect/source-data/site-html/newsletters-press--53e1ba87.html; represented once through the controlling record.	yes	yes
FILE-517	02-collect/source-data/site-html/our-approach--e7eaef97.html	text/html	Saved official-site HTML snapshot for our-approach	Current Stage 2 capture on 2026-08-27	Verified current public information	dated-or-historical		Evidence and verification	consolidated	Source supports the reconciled site record, coverage ledger, verification, or a broader canonical responsibility without needing its own public page.	yes	yes
FILE-518	02-collect/source-data/site-html/our-mission--43c2d968.html	text/html	Saved official-site HTML snapshot for our-mission	Current Stage 2 capture on 2026-08-27	Verified current public information	dated-or-historical		Evidence and verification	consolidated	Source supports the reconciled site record, coverage ledger, verification, or a broader canonical responsibility without needing its own public page.	yes	yes
FILE-519	02-collect/source-data/site-html/our-programs--4e812e3b.html	text/html	Saved official-site HTML snapshot for our-programs	Current Stage 2 capture on 2026-08-27	Verified current public information	dated-or-historical		Evidence and verification	consolidated	Source supports the reconciled site record, coverage ledger, verification, or a broader canonical responsibility without needing its own public page.	yes	yes
FILE-520	02-collect/source-data/site-html/our-story--4d4c3ab7.html	text/html	Saved official-site HTML snapshot for our-story	Current Stage 2 capture on 2026-08-27	Verified current public information	dated-or-historical		Evidence and verification	consolidated	Source supports the reconciled site record, coverage ledger, verification, or a broader canonical responsibility without needing its own public page.	yes	yes
FILE-521	02-collect/source-data/site-html/our-team--0da52a36.html	text/html	Saved official-site HTML snapshot for our-team	Current Stage 2 capture on 2026-08-27	Verified current public information	dated-or-historical			duplicate	Duplicate of 02-collect/source-data/site-html/about-us--70c6ed48.html; represented once through the controlling record.	yes	yes
FILE-522	02-collect/source-data/site-html/ouroutdoorclassrooms--945f7582.html	text/html	Saved official-site HTML snapshot for ouroutdoorclassrooms	Current Stage 2 capture on 2026-08-27	Verified current public information	dated-or-historical		Evidence and verification	consolidated	Source supports the reconciled site record, coverage ledger, verification, or a broader canonical responsibility without needing its own public page.	yes	yes
FILE-523	02-collect/source-data/site-html/press--bf7a766b.html	text/html	Saved official-site HTML snapshot for press	Current Stage 2 capture on 2026-08-27	Verified current public information	dated-or-historical		Evidence and verification	consolidated	Source supports the reconciled site record, coverage ledger, verification, or a broader canonical responsibility without needing its own public page.	yes	yes
FILE-524	02-collect/source-data/site-html/professional-development--3df64ae7.html	text/html	Saved official-site HTML snapshot for professional-development	Current Stage 2 capture on 2026-08-27	Verified current public information	dated-or-historical			duplicate	Duplicate of 02-collect/source-data/site-html/for-educators--432f0173.html; represented once through the controlling record.	yes	yes
FILE-525	02-collect/source-data/site-html/questions--40e47008.html	text/html	Saved official-site HTML snapshot for questions	Current Stage 2 capture on 2026-08-27	Verified current public information	dated-or-historical		Evidence and verification	consolidated	Source supports the reconciled site record, coverage ledger, verification, or a broader canonical responsibility without needing its own public page.	yes	yes
FILE-526	02-collect/source-data/site-html/root--34bff215.html	text/html	Saved official-site HTML snapshot for root	Current Stage 2 capture on 2026-08-27	Verified current public information	dated-or-historical		Evidence and verification	consolidated	Source supports the reconciled site record, coverage ledger, verification, or a broader canonical responsibility without needing its own public page.	yes	yes
FILE-527	02-collect/source-data/site-html/studio-classrooms--c0a1ee92.html	text/html	Saved official-site HTML snapshot for studio-classrooms	Current Stage 2 capture on 2026-08-27	Verified current public information	dated-or-historical			duplicate	Duplicate of 02-collect/source-data/site-html/our-programs--4e812e3b.html; represented once through the controlling record.	yes	yes
FILE-528	02-collect/source-data/site-html/summer-at-gardengate--0ac8e0d0.html	text/html	Saved official-site HTML snapshot for summer-at-gardengate	Current Stage 2 capture on 2026-08-27	Verified current public information	dated-or-historical		Evidence and verification	consolidated	Source supports the reconciled site record, coverage ledger, verification, or a broader canonical responsibility without needing its own public page.	yes	yes
FILE-529	02-collect/source-data/site-text/about-us--70c6ed48.txt	text/plain	Extracted official-site text snapshot for about-us	Current Stage 2 capture on 2026-08-27	Verified current public information	dated-or-historical	/about	Evergreen page evidence	consolidated	Source-grounded information is represented on its locked canonical route with evidence-era qualifiers.	yes	yes
FILE-530	02-collect/source-data/site-text/articles-newsletters--57076117.txt	text/plain	Extracted official-site text snapshot for articles-newsletters	Current Stage 2 capture on 2026-08-27	Verified current public information	dated-or-historical	/news	News & Resources evidence	consolidated	Source-grounded information is represented on its locked canonical route with evidence-era qualifiers.	yes	yes
FILE-531	02-collect/source-data/site-text/articles-newsletters--blog-post-one-39wtm--a95cfc52.txt	text/plain	Extracted official-site text snapshot for articles-newsletters--blog-post-one-39wtm	Archived/dedicated article; source era retained	Historical evidence	dated-or-historical	/news/professional-development-2018	Dated News or Resource record	archive-record	Preserved through the repeatable date-aware News/Resource record type.	yes	yes
FILE-532	02-collect/source-data/site-text/articles-newsletters--building-community-through-play-establishing-belonging--28b81f2b.txt	text/plain	Extracted official-site text snapshot for articles-newsletters--building-community-through-play-establishing-belonging	Archived/dedicated article; source era retained	Historical evidence	dated-or-historical	/news/building-community-through-play-establishing-belonging	Dated News or Resource record	archive-record	Preserved through the repeatable date-aware News/Resource record type.	yes	yes
FILE-533	02-collect/source-data/site-text/articles-newsletters--december-2023--dc0c4e6c.txt	text/plain	Extracted official-site text snapshot for articles-newsletters--december-2023	Archived/dedicated article; source era retained	Historical evidence	dated-or-historical	/news/december-2023	Dated News or Resource record	archive-record	Preserved through the repeatable date-aware News/Resource record type.	yes	yes
FILE-534	02-collect/source-data/site-text/articles-newsletters--march-2024-newsletter--cc3c0afd.txt	text/plain	Extracted official-site text snapshot for articles-newsletters--march-2024-newsletter	Archived/dedicated article; source era retained	Historical evidence	dated-or-historical	/news/march-2024-newsletter	Dated News or Resource record	archive-record	Preserved through the repeatable date-aware News/Resource record type.	yes	yes
FILE-535	02-collect/source-data/site-text/articles-newsletters--new-combined-kindergartenpreschool-program-at-garden-gate--52959ee4.txt	text/plain	Extracted official-site text snapshot for articles-newsletters--new-combined-kindergartenpreschool-program-at-garden-gate	Archived/dedicated article; source era retained	Historical evidence	dated-or-historical	/news/new-combined-kindergartenpreschool-program-at-garden-gate	Dated News or Resource record	archive-record	Preserved through the repeatable date-aware News/Resource record type.	yes	yes
FILE-536	02-collect/source-data/site-text/articles-newsletters--november-2023-newsletter-g3swg--28338882.txt	text/plain	Extracted official-site text snapshot for articles-newsletters--november-2023-newsletter-g3swg	Archived/dedicated article; source era retained	Historical evidence	dated-or-historical	/news/november-2023-newsletter-g3swg	Dated News or Resource record	archive-record	Preserved through the repeatable date-aware News/Resource record type.	yes	yes
FILE-537	02-collect/source-data/site-text/articles-newsletters--october-2023-newsletter--a0d6fa24.txt	text/plain	Extracted official-site text snapshot for articles-newsletters--october-2023-newsletter	Archived/dedicated article; source era retained	Historical evidence	dated-or-historical	/news/october-2023-newsletter	Dated News or Resource record	archive-record	Preserved through the repeatable date-aware News/Resource record type.	yes	yes
FILE-538	02-collect/source-data/site-text/articles-newsletters--oid0tejm6tuo4hriyq50mybfkk4z4b--72d148bd.txt	text/plain	Extracted official-site text snapshot for articles-newsletters--oid0tejm6tuo4hriyq50mybfkk4z4b	Archived/dedicated article; source era retained	Historical evidence	dated-or-historical	/news/the-essential-elements	Dated News or Resource record	archive-record	Preserved through the repeatable date-aware News/Resource record type.	yes	yes
FILE-539	02-collect/source-data/site-text/articles-newsletters--september-2023-newsletter--6b6675cd.txt	text/plain	Extracted official-site text snapshot for articles-newsletters--september-2023-newsletter	Archived/dedicated article; source era retained	Historical evidence	dated-or-historical	/news/september-2023-newsletter	Dated News or Resource record	archive-record	Preserved through the repeatable date-aware News/Resource record type.	yes	yes
FILE-540	02-collect/source-data/site-text/articles-newsletters--silver-lining-story--3e87b1f6.txt	text/plain	Extracted official-site text snapshot for articles-newsletters--silver-lining-story	Archived/dedicated article; source era retained	Historical evidence	dated-or-historical	/news/silver-lining-story	Dated News or Resource record	archive-record	Preserved through the repeatable date-aware News/Resource record type.	yes	yes
FILE-541	02-collect/source-data/site-text/articles-newsletters--supporting-an-inclusive-and-equitable-school-community--b00d8885.txt	text/plain	Extracted official-site text snapshot for articles-newsletters--supporting-an-inclusive-and-equitable-school-community	Archived/dedicated article; source era retained	Historical evidence	dated-or-historical	/news/supporting-an-inclusive-and-equitable-school-community	Dated News or Resource record	archive-record	Preserved through the repeatable date-aware News/Resource record type.	yes	yes
FILE-542	02-collect/source-data/site-text/articles-newsletters--taking-care-of-the-caregivers--17c28f6e.txt	text/plain	Extracted official-site text snapshot for articles-newsletters--taking-care-of-the-caregivers	Archived/dedicated article; source era retained	Historical evidence	dated-or-historical	/news/taking-care-of-the-caregivers	Dated News or Resource record	archive-record	Preserved through the repeatable date-aware News/Resource record type.	yes	yes
FILE-543	02-collect/source-data/site-text/articles-newsletters--the-nerdling--5ac94376.txt	text/plain	Extracted official-site text snapshot for articles-newsletters--the-nerdling	Archived/dedicated article; source era retained	Historical evidence	dated-or-historical	/news/the-nerdling	Dated News or Resource record	archive-record	Preserved through the repeatable date-aware News/Resource record type.	yes	yes
FILE-544	02-collect/source-data/site-text/articles-newsletters--year-end-report-2020--702a33c8.txt	text/plain	Extracted official-site text snapshot for articles-newsletters--year-end-report-2020	Archived/dedicated article; source era retained	Historical evidence	dated-or-historical	/news/year-end-report-2020	Dated News or Resource record	archive-record	Preserved through the repeatable date-aware News/Resource record type.	yes	yes
FILE-545	02-collect/source-data/site-text/articles-newsletters--year-end-report-2021--44e62b2b.txt	text/plain	Extracted official-site text snapshot for articles-newsletters--year-end-report-2021	Archived/dedicated article; source era retained	Historical evidence	dated-or-historical	/news/year-end-report-2021	Dated News or Resource record	archive-record	Preserved through the repeatable date-aware News/Resource record type.	yes	yes
FILE-546	02-collect/source-data/site-text/articles-newsletters--year-end-report-2022--f9701cd2.txt	text/plain	Extracted official-site text snapshot for articles-newsletters--year-end-report-2022	Archived/dedicated article; source era retained	Historical evidence	dated-or-historical	/news/year-end-report-2022	Dated News or Resource record	archive-record	Preserved through the repeatable date-aware News/Resource record type.	yes	yes
FILE-547	02-collect/source-data/site-text/babycow--ed5ac122.txt	text/plain	Extracted official-site text snapshot for babycow	Archived/dedicated article; source era retained	Historical evidence	dated-or-historical	/news/baby-cow-scholarship-fund	Evergreen page evidence	publish-dated	Source-grounded information is represented on its locked canonical route with evidence-era qualifiers.	yes	yes
FILE-548	02-collect/source-data/site-text/belonging--9483ca2c.txt	text/plain	Extracted official-site text snapshot for belonging	Current Stage 2 capture on 2026-08-27	Verified current public information	dated-or-historical	/approach	Evergreen page evidence	consolidated	Source-grounded information is represented on its locked canonical route with evidence-era qualifiers.	yes	yes
FILE-549	02-collect/source-data/site-text/cart--f4b89dcd.txt	text/plain	Extracted official-site text snapshot for cart	Archived/dedicated article; source era retained	Do not publish	excluded			exclude-obsolete	Stage 3/4 identifies this material as unsafe, unsupported, obsolete, empty, retired, or rights-limited.	yes	yes
FILE-550	02-collect/source-data/site-text/donate--52452f46.txt	text/plain	Extracted official-site text snapshot for donate	Current Stage 2 capture on 2026-08-27	Verified current public information	dated-or-historical	/support	Evergreen page evidence	consolidated	Source-grounded information is represented on its locked canonical route with evidence-era qualifiers.	yes	yes
FILE-551	02-collect/source-data/site-text/em-portugues--95973a54.txt	text/plain	Extracted official-site text snapshot for em-portugues	Current Stage 2 capture on 2026-08-27	Verified current public information	dated-or-historical			deferred	Portuguese source retained in evidence but the public language destination is intentionally inactive pending currentness, translation, accessibility, ownership, and service review.	yes	yes
FILE-552	02-collect/source-data/site-text/employment-opportunities--45ef9e11.txt	text/plain	Extracted official-site text snapshot for employment-opportunities	Current Stage 2 capture on 2026-08-27	Verified current public information	dated-or-historical	/employment	Evergreen page evidence	consolidated	Source-grounded information is represented on its locked canonical route with evidence-era qualifiers.	yes	yes
FILE-553	02-collect/source-data/site-text/enrollment-application--5c279b88.txt	text/plain	Extracted official-site text snapshot for enrollment-application	Current Stage 2 capture on 2026-08-27	Verified current public information	dated-or-historical	/enrollment	Evergreen page evidence	consolidated	Source-grounded information is represented on its locked canonical route with evidence-era qualifiers.	yes	yes
FILE-554	02-collect/source-data/site-text/for-educators--432f0173.txt	text/plain	Extracted official-site text snapshot for for-educators	Current Stage 2 capture on 2026-08-27	Verified current public information	dated-or-historical	/professional-development	Evergreen page evidence	consolidated	Source-grounded information is represented on its locked canonical route with evidence-era qualifiers.	yes	yes
FILE-555	02-collect/source-data/site-text/garden-gate-at-featherstone--8365f3d6.txt	text/plain	Extracted official-site text snapshot for garden-gate-at-featherstone	Current Stage 2 capture on 2026-08-27	Verified current public information	dated-or-historical	/about	Evergreen page evidence	consolidated	Source-grounded information is represented on its locked canonical route with evidence-era qualifiers.	yes	yes
FILE-556	02-collect/source-data/site-text/home--8b92c69b.txt	text/plain	Extracted official-site text snapshot for home	Current Stage 2 capture on 2026-08-27	Verified current public information	dated-or-historical	/	Evergreen page evidence	consolidated	Source-grounded information is represented on its locked canonical route with evidence-era qualifiers.	yes	yes
FILE-557	02-collect/source-data/site-text/kindergarten--534f5e8e.txt	text/plain	Extracted official-site text snapshot for kindergarten	Current Stage 2 capture on 2026-08-27	Verified current public information	dated-or-historical	/programs	Evergreen page evidence	consolidated	Source-grounded information is represented on its locked canonical route with evidence-era qualifiers.	yes	yes
FILE-558	02-collect/source-data/site-text/newsletters-press--53e1ba87.txt	text/plain	Extracted official-site text snapshot for newsletters-press	Archived/dedicated article; source era retained	Historical evidence	dated-or-historical	/news	News & Resources evidence	publish-dated	Source-grounded information is represented on its locked canonical route with evidence-era qualifiers.	yes	yes
FILE-559	02-collect/source-data/site-text/newsletters2025--08a0dd00.txt	text/plain	Extracted official-site text snapshot for newsletters2025	Current Stage 2 capture on 2026-08-27	Verified current public information	dated-or-historical	/news		duplicate	Duplicate of 02-collect/source-data/site-text/newsletters-press--53e1ba87.txt; represented once through the controlling record.	yes	yes
FILE-560	02-collect/source-data/site-text/our-approach--e7eaef97.txt	text/plain	Extracted official-site text snapshot for our-approach	Current Stage 2 capture on 2026-08-27	Verified current public information	dated-or-historical	/approach	Evergreen page evidence	consolidated	Source-grounded information is represented on its locked canonical route with evidence-era qualifiers.	yes	yes
FILE-561	02-collect/source-data/site-text/our-mission--43c2d968.txt	text/plain	Extracted official-site text snapshot for our-mission	Current Stage 2 capture on 2026-08-27	Verified current public information	dated-or-historical	/about	Evergreen page evidence	consolidated	Source-grounded information is represented on its locked canonical route with evidence-era qualifiers.	yes	yes
FILE-562	02-collect/source-data/site-text/our-programs--4e812e3b.txt	text/plain	Extracted official-site text snapshot for our-programs	Current Stage 2 capture on 2026-08-27	Verified current public information	dated-or-historical	/programs	Evergreen page evidence	consolidated	Source-grounded information is represented on its locked canonical route with evidence-era qualifiers.	yes	yes
FILE-563	02-collect/source-data/site-text/our-story--4d4c3ab7.txt	text/plain	Extracted official-site text snapshot for our-story	Current Stage 2 capture on 2026-08-27	Verified current public information	dated-or-historical	/about	Evergreen page evidence	consolidated	Source-grounded information is represented on its locked canonical route with evidence-era qualifiers.	yes	yes
FILE-564	02-collect/source-data/site-text/our-team--0da52a36.txt	text/plain	Extracted official-site text snapshot for our-team	Current Stage 2 capture on 2026-08-27	Verified current public information	dated-or-historical	/about/people		duplicate	Duplicate of 02-collect/source-data/site-text/about-us--70c6ed48.txt; represented once through the controlling record.	yes	yes
FILE-565	02-collect/source-data/site-text/ouroutdoorclassrooms--945f7582.txt	text/plain	Extracted official-site text snapshot for ouroutdoorclassrooms	Current Stage 2 capture on 2026-08-27	Verified current public information	dated-or-historical	/approach	Evergreen page evidence	consolidated	Source-grounded information is represented on its locked canonical route with evidence-era qualifiers.	yes	yes
FILE-566	02-collect/source-data/site-text/press--bf7a766b.txt	text/plain	Extracted official-site text snapshot for press	Current Stage 2 capture on 2026-08-27	Verified current public information	dated-or-historical	/news	News & Resources evidence	consolidated	Source-grounded information is represented on its locked canonical route with evidence-era qualifiers.	yes	yes
FILE-567	02-collect/source-data/site-text/professional-development--3df64ae7.txt	text/plain	Extracted official-site text snapshot for professional-development	Current Stage 2 capture on 2026-08-27	Verified current public information	dated-or-historical	/professional-development		duplicate	Duplicate of 02-collect/source-data/site-text/for-educators--432f0173.txt; represented once through the controlling record.	yes	yes
FILE-568	02-collect/source-data/site-text/questions--40e47008.txt	text/plain	Extracted official-site text snapshot for questions	Current Stage 2 capture on 2026-08-27	Verified current public information	dated-or-historical	/contact	Evergreen page evidence	consolidated	Source-grounded information is represented on its locked canonical route with evidence-era qualifiers.	yes	yes
FILE-569	02-collect/source-data/site-text/root--34bff215.txt	text/plain	Extracted official-site text snapshot for root	Current Stage 2 capture on 2026-08-27	Verified current public information	dated-or-historical	/		duplicate	Duplicate of 02-collect/source-data/site-text/home--8b92c69b.txt; represented once through the controlling record.	yes	yes
FILE-570	02-collect/source-data/site-text/studio-classrooms--c0a1ee92.txt	text/plain	Extracted official-site text snapshot for studio-classrooms	Current Stage 2 capture on 2026-08-27	Verified current public information	dated-or-historical	/programs		duplicate	Duplicate of 02-collect/source-data/site-text/our-programs--4e812e3b.txt; represented once through the controlling record.	yes	yes
FILE-571	02-collect/source-data/site-text/summer-at-gardengate--0ac8e0d0.txt	text/plain	Extracted official-site text snapshot for summer-at-gardengate	Current Stage 2 capture on 2026-08-27	Verified current public information	dated-or-historical	/programs	Evergreen page evidence	consolidated	Source-grounded information is represented on its locked canonical route with evidence-era qualifiers.	yes	yes
FILE-572	02-collect/source-data/sitemap.xml	text/xml	Saved official-site sitemap	Captured 2026-08-27	Verified current public information	dated-or-historical		Evidence and verification	consolidated	Source supports the reconciled site record, coverage ledger, verification, or a broader canonical responsibility without needing its own public page.	yes	yes
FILE-573	EARLY-HOMEPAGE-CONTENT-BRIEF.md	text/plain	Living early homepage content brief updated through Stage 3	Updated through Stage 3 on 2026-08-27	Strong inference	dated-or-historical		Evidence and verification	consolidated	Source supports the reconciled site record, coverage ledger, verification, or a broader canonical responsibility without needing its own public page.	yes	yes
SOURCE-1	.DS_Store	application/octet-stream	none; explicitly recorded system metadata			source record		Evidence and verification	consolidated	Source supports the reconciled site record, coverage ledger, verification, or a broader canonical responsibility without needing its own public page.	yes	yes
SOURCE-2	01-understand/UNDERSTAND.md	text/plain	high; directly controls source boundary, page responsibilities, routes, documents, forms, or cross-file verification			source record		Evidence and verification	consolidated	Source supports the reconciled site record, coverage ledger, verification, or a broader canonical responsibility without needing its own public page.	yes	yes
SOURCE-3	02-collect/.DS_Store	application/octet-stream	none; explicitly recorded system metadata			source record		Evidence and verification	consolidated	Source supports the reconciled site record, coverage ledger, verification, or a broader canonical responsibility without needing its own public page.	yes	yes
SOURCE-4	02-collect/COLLECT.md	text/plain	high; directly controls source boundary, page responsibilities, routes, documents, forms, or cross-file verification			source record		Evidence and verification	consolidated	Source supports the reconciled site record, coverage ledger, verification, or a broader canonical responsibility without needing its own public page.	yes	yes
SOURCE-5	02-collect/HOMEPAGE-SOURCE-NOTES.md	text/plain	high; directly controls source boundary, page responsibilities, routes, documents, forms, or cross-file verification			source record		Evidence and verification	consolidated	Source supports the reconciled site record, coverage ledger, verification, or a broader canonical responsibility without needing its own public page.	yes	yes
SOURCE-6	02-collect/SOURCE-MAP.md	text/plain	high; directly controls source boundary, page responsibilities, routes, documents, forms, or cross-file verification			source record		Evidence and verification	consolidated	Source supports the reconciled site record, coverage ledger, verification, or a broader canonical responsibility without needing its own public page.	yes	yes
SOURCE-7	02-collect/assets/.DS_Store	application/octet-stream	none; explicitly recorded system metadata			source record			deferred	Photograph or media record remains available to the approved image library; only final selected photographs are published and documented in IMAGE-USAGE.tsv.	yes	yes
SOURCE-8	02-collect/assets/ASSET-INVENTORY.tsv	text/plain	high; directly controls source boundary, page responsibilities, routes, documents, forms, or cross-file verification			source record			deferred	Photograph or media record remains available to the approved image library; only final selected photographs are published and documented in IMAGE-USAGE.tsv.	yes	yes
SOURCE-9	02-collect/assets/ASSET-SOURCES.tsv	text/plain	high; directly controls source boundary, page responsibilities, routes, documents, forms, or cross-file verification			source record			deferred	Photograph or media record remains available to the approved image library; only final selected photographs are published and documented in IMAGE-USAGE.tsv.	yes	yes
SOURCE-10	02-collect/assets/README.md	text/plain	low to medium; source administration, duplicate representation, or supporting context			source record			deferred	Photograph or media record remains available to the approved image library; only final selected photographs are published and documented in IMAGE-USAGE.tsv.	yes	yes
SOURCE-11	02-collect/assets/official-site-images/.DS_Store	application/octet-stream	none; explicitly recorded system metadata			source record			deferred	Photograph or media record remains available to the approved image library; only final selected photographs are published and documented in IMAGE-USAGE.tsv.	yes	yes
SOURCE-12	02-collect/assets/official-site-images/brand-unverified/ASSET-010--favicon.png	image/png	indirect; Stage 3 asset map supports content-purpose availability but no Stage 4 image selection or route decision			source record			deferred	Photograph or media record remains available to the approved image library; only final selected photographs are published and documented in IMAGE-USAGE.tsv.	yes	yes
SOURCE-13	02-collect/assets/official-site-images/restricted-child-rights/ASSET-003--Felix-Neck-Tree-Climbing-GG.jpg	image/jpeg	indirect; Stage 3 asset map supports content-purpose availability but no Stage 4 image selection or route decision			source record			deferred	Photograph or media record remains available to the approved image library; only final selected photographs are published and documented in IMAGE-USAGE.tsv.	yes	yes
SOURCE-14	02-collect/assets/official-site-images/restricted-child-rights/ASSET-004--GG-Founders1.jpg	image/jpeg	indirect; Stage 3 asset map supports content-purpose availability but no Stage 4 image selection or route decision			source record			deferred	Photograph or media record remains available to the approved image library; only final selected photographs are published and documented in IMAGE-USAGE.tsv.	yes	yes
SOURCE-15	02-collect/assets/official-site-images/restricted-child-rights/ASSET-005--Garden-Gate-CDC-Web-Banner.jpg	image/jpeg	indirect; Stage 3 asset map supports content-purpose availability but no Stage 4 image selection or route decision			source record			deferred	Photograph or media record remains available to the approved image library; only final selected photographs are published and documented in IMAGE-USAGE.tsv.	yes	yes
SOURCE-16	02-collect/assets/official-site-images/restricted-child-rights/ASSET-006--Exploring-Projects.jpg	image/jpeg	indirect; Stage 3 asset map supports content-purpose availability but no Stage 4 image selection or route decision			source record			deferred	Photograph or media record remains available to the approved image library; only final selected photographs are published and documented in IMAGE-USAGE.tsv.	yes	yes
SOURCE-17	02-collect/assets/official-site-images/restricted-child-rights/ASSET-007--Creative-Clay.jpg	image/jpeg	indirect; Stage 3 asset map supports content-purpose availability but no Stage 4 image selection or route decision			source record			deferred	Photograph or media record remains available to the approved image library; only final selected photographs are published and documented in IMAGE-USAGE.tsv.	yes	yes
SOURCE-18	02-collect/assets/official-site-images/restricted-child-rights/ASSET-008--.1Tye-Dye.jpg	image/jpeg	indirect; Stage 3 asset map supports content-purpose availability but no Stage 4 image selection or route decision			source record			deferred	Photograph or media record remains available to the approved image library; only final selected photographs are published and documented in IMAGE-USAGE.tsv.	yes	yes
SOURCE-19	02-collect/assets/official-site-images/restricted-child-rights/ASSET-009--GG-Building1.jpg	image/jpeg	indirect; Stage 3 asset map supports content-purpose availability but no Stage 4 image selection or route decision			source record			deferred	Photograph or media record remains available to the approved image library; only final selected photographs are published and documented in IMAGE-USAGE.tsv.	yes	yes
SOURCE-20	02-collect/assets/official-site-images/restricted-child-rights/ASSET-012--119641759_3713752725301412_6149950435623913334_o.jpg	image/jpeg	indirect; Stage 3 asset map supports content-purpose availability but no Stage 4 image selection or route decision			source record			deferred	Photograph or media record remains available to the approved image library; only final selected photographs are published and documented in IMAGE-USAGE.tsv.	yes	yes
SOURCE-21	02-collect/assets/official-site-images/restricted-child-rights/ASSET-013--119641759_3713752725301412_6149950435623913334_o.jpg	image/jpeg	indirect; Stage 3 asset map supports content-purpose availability but no Stage 4 image selection or route decision			source record			deferred	Photograph or media record remains available to the approved image library; only final selected photographs are published and documented in IMAGE-USAGE.tsv.	yes	yes
SOURCE-22	02-collect/assets/official-site-images/restricted-child-rights/ASSET-014--fullsizeoutput_10d8.jpg	image/jpeg	indirect; Stage 3 asset map supports content-purpose availability but no Stage 4 image selection or route decision			source record			deferred	Photograph or media record remains available to the approved image library; only final selected photographs are published and documented in IMAGE-USAGE.tsv.	yes	yes
SOURCE-23	02-collect/assets/official-site-images/restricted-child-rights/ASSET-015--IMG_0567.jpg	image/jpeg	indirect; Stage 3 asset map supports content-purpose availability but no Stage 4 image selection or route decision			source record			deferred	Photograph or media record remains available to the approved image library; only final selected photographs are published and documented in IMAGE-USAGE.tsv.	yes	yes
SOURCE-24	02-collect/assets/official-site-images/restricted-child-rights/ASSET-016--IMG_0567.jpg	image/jpeg	indirect; Stage 3 asset map supports content-purpose availability but no Stage 4 image selection or route decision			source record			duplicate	Duplicate of 02-collect/assets/official-site-images/restricted-child-rights/ASSET-015--IMG_0567.jpg; represented once through the controlling record.	yes	yes
SOURCE-25	02-collect/assets/official-site-images/restricted-child-rights/ASSET-017--fullsizeoutput_10d8.jpg	image/jpeg	indirect; Stage 3 asset map supports content-purpose availability but no Stage 4 image selection or route decision			source record			deferred	Photograph or media record remains available to the approved image library; only final selected photographs are published and documented in IMAGE-USAGE.tsv.	yes	yes
SOURCE-26	02-collect/assets/official-site-images/restricted-child-rights/ASSET-018--pasted-image-0.png	image/png	indirect; Stage 3 asset map supports content-purpose availability but no Stage 4 image selection or route decision			source record			deferred	Photograph or media record remains available to the approved image library; only final selected photographs are published and documented in IMAGE-USAGE.tsv.	yes	yes
SOURCE-27	02-collect/assets/official-site-images/restricted-child-rights/ASSET-019--pasted-image-0.jpg	image/jpeg	indirect; Stage 3 asset map supports content-purpose availability but no Stage 4 image selection or route decision			source record			deferred	Photograph or media record remains available to the approved image library; only final selected photographs are published and documented in IMAGE-USAGE.tsv.	yes	yes
SOURCE-28	02-collect/assets/official-site-images/restricted-child-rights/ASSET-020--478997_624519357558113_1511819515_o.jpg	image/jpeg	indirect; Stage 3 asset map supports content-purpose availability but no Stage 4 image selection or route decision			source record			deferred	Photograph or media record remains available to the approved image library; only final selected photographs are published and documented in IMAGE-USAGE.tsv.	yes	yes
SOURCE-29	02-collect/assets/official-site-images/restricted-child-rights/ASSET-021--478997_624519357558113_1511819515_o.jpg	image/jpeg	indirect; Stage 3 asset map supports content-purpose availability but no Stage 4 image selection or route decision			source record			duplicate	Duplicate of 02-collect/assets/official-site-images/restricted-child-rights/ASSET-020--478997_624519357558113_1511819515_o.jpg; represented once through the controlling record.	yes	yes
SOURCE-30	02-collect/assets/official-site-images/restricted-child-rights/ASSET-022--Facebook-Post-1.jpg	image/jpeg	indirect; Stage 3 asset map supports content-purpose availability but no Stage 4 image selection or route decision			source record			deferred	Photograph or media record remains available to the approved image library; only final selected photographs are published and documented in IMAGE-USAGE.tsv.	yes	yes
SOURCE-31	02-collect/assets/official-site-images/restricted-child-rights/ASSET-023--Facebook-Post-281-29.jpg	image/jpeg	indirect; Stage 3 asset map supports content-purpose availability but no Stage 4 image selection or route decision			source record			deferred	Photograph or media record remains available to the approved image library; only final selected photographs are published and documented in IMAGE-USAGE.tsv.	yes	yes
SOURCE-32	02-collect/assets/official-site-images/restricted-child-rights/ASSET-024--69036749_2713438491999512_6248344634406207488_n.jpg	image/jpeg	indirect; Stage 3 asset map supports content-purpose availability but no Stage 4 image selection or route decision			source record			deferred	Photograph or media record remains available to the approved image library; only final selected photographs are published and documented in IMAGE-USAGE.tsv.	yes	yes
SOURCE-33	02-collect/assets/official-site-images/restricted-child-rights/ASSET-025--62025634_2575479522462077_6798825971349716992_n.jpg	image/jpeg	indirect; Stage 3 asset map supports content-purpose availability but no Stage 4 image selection or route decision			source record			deferred	Photograph or media record remains available to the approved image library; only final selected photographs are published and documented in IMAGE-USAGE.tsv.	yes	yes
SOURCE-34	02-collect/assets/official-site-images/restricted-child-rights/ASSET-029--Facebook-Post.jpg	image/jpeg	indirect; Stage 3 asset map supports content-purpose availability but no Stage 4 image selection or route decision			source record			deferred	Photograph or media record remains available to the approved image library; only final selected photographs are published and documented in IMAGE-USAGE.tsv.	yes	yes
SOURCE-35	02-collect/assets/official-site-images/restricted-child-rights/ASSET-032--IMG_4258.jpg	image/jpeg	indirect; Stage 3 asset map supports content-purpose availability but no Stage 4 image selection or route decision			source record			deferred	Photograph or media record remains available to the approved image library; only final selected photographs are published and documented in IMAGE-USAGE.tsv.	yes	yes
SOURCE-36	02-collect/assets/official-site-images/restricted-child-rights/ASSET-033--IMG_5063.jpg	image/jpeg	indirect; Stage 3 asset map supports content-purpose availability but no Stage 4 image selection or route decision			source record			deferred	Photograph or media record remains available to the approved image library; only final selected photographs are published and documented in IMAGE-USAGE.tsv.	yes	yes
SOURCE-37	02-collect/assets/official-site-images/restricted-child-rights/ASSET-034--IMG_5075.jpg	image/jpeg	indirect; Stage 3 asset map supports content-purpose availability but no Stage 4 image selection or route decision			source record			deferred	Photograph or media record remains available to the approved image library; only final selected photographs are published and documented in IMAGE-USAGE.tsv.	yes	yes
SOURCE-38	02-collect/assets/official-site-images/restricted-child-rights/ASSET-035--IMG_5022.jpg	image/jpeg	indirect; Stage 3 asset map supports content-purpose availability but no Stage 4 image selection or route decision			source record			deferred	Photograph or media record remains available to the approved image library; only final selected photographs are published and documented in IMAGE-USAGE.tsv.	yes	yes
SOURCE-39	02-collect/assets/official-site-images/restricted-child-rights/ASSET-036--IMG_4990.jpg	image/jpeg	indirect; Stage 3 asset map supports content-purpose availability but no Stage 4 image selection or route decision			source record			deferred	Photograph or media record remains available to the approved image library; only final selected photographs are published and documented in IMAGE-USAGE.tsv.	yes	yes
SOURCE-40	02-collect/assets/official-site-images/restricted-child-rights/ASSET-037--IMG_4956.jpg	image/jpeg	indirect; Stage 3 asset map supports content-purpose availability but no Stage 4 image selection or route decision			source record			deferred	Photograph or media record remains available to the approved image library; only final selected photographs are published and documented in IMAGE-USAGE.tsv.	yes	yes
SOURCE-41	02-collect/assets/official-site-images/restricted-child-rights/ASSET-038--IMG_4976.jpg	image/jpeg	indirect; Stage 3 asset map supports content-purpose availability but no Stage 4 image selection or route decision			source record			deferred	Photograph or media record remains available to the approved image library; only final selected photographs are published and documented in IMAGE-USAGE.tsv.	yes	yes
SOURCE-42	02-collect/assets/official-site-images/restricted-child-rights/ASSET-039--IMG_4964.jpg	image/jpeg	indirect; Stage 3 asset map supports content-purpose availability but no Stage 4 image selection or route decision			source record			deferred	Photograph or media record remains available to the approved image library; only final selected photographs are published and documented in IMAGE-USAGE.tsv.	yes	yes
SOURCE-43	02-collect/assets/official-site-images/restricted-child-rights/ASSET-040--IMG_4896.jpg	image/jpeg	indirect; Stage 3 asset map supports content-purpose availability but no Stage 4 image selection or route decision			source record			deferred	Photograph or media record remains available to the approved image library; only final selected photographs are published and documented in IMAGE-USAGE.tsv.	yes	yes
SOURCE-44	02-collect/assets/official-site-images/restricted-child-rights/ASSET-041--IMG_4855.jpg	image/jpeg	indirect; Stage 3 asset map supports content-purpose availability but no Stage 4 image selection or route decision			source record			deferred	Photograph or media record remains available to the approved image library; only final selected photographs are published and documented in IMAGE-USAGE.tsv.	yes	yes
SOURCE-45	02-collect/assets/official-site-images/restricted-child-rights/ASSET-042--IMG_4848.jpg	image/jpeg	indirect; Stage 3 asset map supports content-purpose availability but no Stage 4 image selection or route decision			source record			deferred	Photograph or media record remains available to the approved image library; only final selected photographs are published and documented in IMAGE-USAGE.tsv.	yes	yes
SOURCE-46	02-collect/assets/official-site-images/restricted-child-rights/ASSET-043--IMG_4877.jpg	image/jpeg	indirect; Stage 3 asset map supports content-purpose availability but no Stage 4 image selection or route decision			source record			deferred	Photograph or media record remains available to the approved image library; only final selected photographs are published and documented in IMAGE-USAGE.tsv.	yes	yes
SOURCE-47	02-collect/assets/official-site-images/restricted-child-rights/ASSET-044--IMG_4866.jpg	image/jpeg	indirect; Stage 3 asset map supports content-purpose availability but no Stage 4 image selection or route decision			source record			deferred	Photograph or media record remains available to the approved image library; only final selected photographs are published and documented in IMAGE-USAGE.tsv.	yes	yes
SOURCE-48	02-collect/assets/official-site-images/restricted-child-rights/ASSET-045--IMG_4834.jpg	image/jpeg	indirect; Stage 3 asset map supports content-purpose availability but no Stage 4 image selection or route decision			source record			deferred	Photograph or media record remains available to the approved image library; only final selected photographs are published and documented in IMAGE-USAGE.tsv.	yes	yes
SOURCE-49	02-collect/assets/official-site-images/restricted-child-rights/ASSET-046--IMG_4718.jpg	image/jpeg	indirect; Stage 3 asset map supports content-purpose availability but no Stage 4 image selection or route decision			source record			deferred	Photograph or media record remains available to the approved image library; only final selected photographs are published and documented in IMAGE-USAGE.tsv.	yes	yes
SOURCE-50	02-collect/assets/official-site-images/restricted-child-rights/ASSET-047--IMG_7769.jpg	image/jpeg	indirect; Stage 3 asset map supports content-purpose availability but no Stage 4 image selection or route decision			source record			deferred	Photograph or media record remains available to the approved image library; only final selected photographs are published and documented in IMAGE-USAGE.tsv.	yes	yes
SOURCE-51	02-collect/assets/official-site-images/restricted-child-rights/ASSET-048--IMG_7766.jpg	image/jpeg	indirect; Stage 3 asset map supports content-purpose availability but no Stage 4 image selection or route decision			source record			deferred	Photograph or media record remains available to the approved image library; only final selected photographs are published and documented in IMAGE-USAGE.tsv.	yes	yes
SOURCE-52	02-collect/assets/official-site-images/restricted-child-rights/ASSET-049--IMG_6276.jpg	image/jpeg	indirect; Stage 3 asset map supports content-purpose availability but no Stage 4 image selection or route decision			source record			deferred	Photograph or media record remains available to the approved image library; only final selected photographs are published and documented in IMAGE-USAGE.tsv.	yes	yes
SOURCE-53	02-collect/assets/official-site-images/restricted-child-rights/ASSET-050--IMG_6254.jpg	image/jpeg	indirect; Stage 3 asset map supports content-purpose availability but no Stage 4 image selection or route decision			source record			deferred	Photograph or media record remains available to the approved image library; only final selected photographs are published and documented in IMAGE-USAGE.tsv.	yes	yes
SOURCE-54	02-collect/assets/official-site-images/restricted-child-rights/ASSET-051--IMG_4280.jpg	image/jpeg	indirect; Stage 3 asset map supports content-purpose availability but no Stage 4 image selection or route decision			source record			deferred	Photograph or media record remains available to the approved image library; only final selected photographs are published and documented in IMAGE-USAGE.tsv.	yes	yes
SOURCE-55	02-collect/assets/official-site-images/restricted-child-rights/ASSET-052--IMG_4242.jpg	image/jpeg	indirect; Stage 3 asset map supports content-purpose availability but no Stage 4 image selection or route decision			source record			deferred	Photograph or media record remains available to the approved image library; only final selected photographs are published and documented in IMAGE-USAGE.tsv.	yes	yes
SOURCE-56	02-collect/assets/official-site-images/restricted-child-rights/ASSET-053--IMG_4415.jpg	image/jpeg	indirect; Stage 3 asset map supports content-purpose availability but no Stage 4 image selection or route decision			source record			deferred	Photograph or media record remains available to the approved image library; only final selected photographs are published and documented in IMAGE-USAGE.tsv.	yes	yes
SOURCE-57	02-collect/assets/official-site-images/restricted-child-rights/ASSET-054--IMG_1065.jpg	image/jpeg	indirect; Stage 3 asset map supports content-purpose availability but no Stage 4 image selection or route decision			source record			deferred	Photograph or media record remains available to the approved image library; only final selected photographs are published and documented in IMAGE-USAGE.tsv.	yes	yes
SOURCE-58	02-collect/assets/official-site-images/restricted-child-rights/ASSET-055--IMG_7602.jpg	image/jpeg	indirect; Stage 3 asset map supports content-purpose availability but no Stage 4 image selection or route decision			source record			deferred	Photograph or media record remains available to the approved image library; only final selected photographs are published and documented in IMAGE-USAGE.tsv.	yes	yes
SOURCE-59	02-collect/assets/official-site-images/restricted-child-rights/ASSET-056--IMG_1049.jpg	image/jpeg	indirect; Stage 3 asset map supports content-purpose availability but no Stage 4 image selection or route decision			source record			deferred	Photograph or media record remains available to the approved image library; only final selected photographs are published and documented in IMAGE-USAGE.tsv.	yes	yes
SOURCE-60	02-collect/assets/official-site-images/restricted-child-rights/ASSET-057--IMG_1038.jpg	image/jpeg	indirect; Stage 3 asset map supports content-purpose availability but no Stage 4 image selection or route decision			source record			deferred	Photograph or media record remains available to the approved image library; only final selected photographs are published and documented in IMAGE-USAGE.tsv.	yes	yes
SOURCE-61	02-collect/assets/official-site-images/restricted-child-rights/ASSET-058--IMG_1090.jpg	image/jpeg	indirect; Stage 3 asset map supports content-purpose availability but no Stage 4 image selection or route decision			source record			deferred	Photograph or media record remains available to the approved image library; only final selected photographs are published and documented in IMAGE-USAGE.tsv.	yes	yes
SOURCE-62	02-collect/assets/official-site-images/restricted-child-rights/ASSET-059--IMG_1040.jpg	image/jpeg	indirect; Stage 3 asset map supports content-purpose availability but no Stage 4 image selection or route decision			source record			deferred	Photograph or media record remains available to the approved image library; only final selected photographs are published and documented in IMAGE-USAGE.tsv.	yes	yes
SOURCE-63	02-collect/assets/official-site-images/restricted-child-rights/ASSET-060--IMG_1061.jpg	image/jpeg	indirect; Stage 3 asset map supports content-purpose availability but no Stage 4 image selection or route decision			source record			deferred	Photograph or media record remains available to the approved image library; only final selected photographs are published and documented in IMAGE-USAGE.tsv.	yes	yes
SOURCE-64	02-collect/assets/official-site-images/restricted-child-rights/ASSET-061--IMG_1059.jpg	image/jpeg	indirect; Stage 3 asset map supports content-purpose availability but no Stage 4 image selection or route decision			source record			deferred	Photograph or media record remains available to the approved image library; only final selected photographs are published and documented in IMAGE-USAGE.tsv.	yes	yes
SOURCE-65	02-collect/assets/official-site-images/restricted-child-rights/ASSET-062--IMG_1099.jpg	image/jpeg	indirect; Stage 3 asset map supports content-purpose availability but no Stage 4 image selection or route decision			source record			deferred	Photograph or media record remains available to the approved image library; only final selected photographs are published and documented in IMAGE-USAGE.tsv.	yes	yes
SOURCE-66	02-collect/assets/official-site-images/restricted-child-rights/ASSET-063--IMG_5977.jpg	image/jpeg	indirect; Stage 3 asset map supports content-purpose availability but no Stage 4 image selection or route decision			source record			deferred	Photograph or media record remains available to the approved image library; only final selected photographs are published and documented in IMAGE-USAGE.tsv.	yes	yes
SOURCE-67	02-collect/assets/official-site-images/restricted-child-rights/ASSET-064--IMG_7623.jpg	image/jpeg	indirect; Stage 3 asset map supports content-purpose availability but no Stage 4 image selection or route decision			source record			deferred	Photograph or media record remains available to the approved image library; only final selected photographs are published and documented in IMAGE-USAGE.tsv.	yes	yes
SOURCE-68	02-collect/assets/official-site-images/restricted-child-rights/ASSET-065--IMG_5717.jpg	image/jpeg	indirect; Stage 3 asset map supports content-purpose availability but no Stage 4 image selection or route decision			source record			deferred	Photograph or media record remains available to the approved image library; only final selected photographs are published and documented in IMAGE-USAGE.tsv.	yes	yes
SOURCE-69	02-collect/assets/official-site-images/restricted-child-rights/ASSET-066--IMG_6044.jpg	image/jpeg	indirect; Stage 3 asset map supports content-purpose availability but no Stage 4 image selection or route decision			source record			deferred	Photograph or media record remains available to the approved image library; only final selected photographs are published and documented in IMAGE-USAGE.tsv.	yes	yes
SOURCE-70	02-collect/assets/official-site-images/restricted-child-rights/ASSET-067--IMG_5719.jpg	image/jpeg	indirect; Stage 3 asset map supports content-purpose availability but no Stage 4 image selection or route decision			source record			deferred	Photograph or media record remains available to the approved image library; only final selected photographs are published and documented in IMAGE-USAGE.tsv.	yes	yes
SOURCE-71	02-collect/assets/official-site-images/restricted-child-rights/ASSET-068--IMG_1051.jpg	image/jpeg	indirect; Stage 3 asset map supports content-purpose availability but no Stage 4 image selection or route decision			source record			deferred	Photograph or media record remains available to the approved image library; only final selected photographs are published and documented in IMAGE-USAGE.tsv.	yes	yes
SOURCE-72	02-collect/assets/official-site-images/restricted-child-rights/ASSET-069--IMG_1026.jpg	image/jpeg	indirect; Stage 3 asset map supports content-purpose availability but no Stage 4 image selection or route decision			source record			deferred	Photograph or media record remains available to the approved image library; only final selected photographs are published and documented in IMAGE-USAGE.tsv.	yes	yes
SOURCE-73	02-collect/assets/official-site-images/restricted-child-rights/ASSET-070--IMG_7728.jpg	image/jpeg	indirect; Stage 3 asset map supports content-purpose availability but no Stage 4 image selection or route decision			source record			deferred	Photograph or media record remains available to the approved image library; only final selected photographs are published and documented in IMAGE-USAGE.tsv.	yes	yes
SOURCE-74	02-collect/assets/official-site-images/restricted-child-rights/ASSET-071--IMG_7735.jpg	image/jpeg	indirect; Stage 3 asset map supports content-purpose availability but no Stage 4 image selection or route decision			source record			deferred	Photograph or media record remains available to the approved image library; only final selected photographs are published and documented in IMAGE-USAGE.tsv.	yes	yes
SOURCE-75	02-collect/assets/official-site-images/restricted-child-rights/ASSET-072--IMG_7719.jpg	image/jpeg	indirect; Stage 3 asset map supports content-purpose availability but no Stage 4 image selection or route decision			source record			deferred	Photograph or media record remains available to the approved image library; only final selected photographs are published and documented in IMAGE-USAGE.tsv.	yes	yes
SOURCE-76	02-collect/assets/official-site-images/restricted-child-rights/ASSET-073--IMG_7776.jpg	image/jpeg	indirect; Stage 3 asset map supports content-purpose availability but no Stage 4 image selection or route decision			source record			deferred	Photograph or media record remains available to the approved image library; only final selected photographs are published and documented in IMAGE-USAGE.tsv.	yes	yes
SOURCE-77	02-collect/assets/official-site-images/restricted-child-rights/ASSET-074--IMG_4429.jpg	image/jpeg	indirect; Stage 3 asset map supports content-purpose availability but no Stage 4 image selection or route decision			source record			deferred	Photograph or media record remains available to the approved image library; only final selected photographs are published and documented in IMAGE-USAGE.tsv.	yes	yes
SOURCE-78	02-collect/assets/official-site-images/restricted-child-rights/ASSET-075--IMG_7788.jpg	image/jpeg	indirect; Stage 3 asset map supports content-purpose availability but no Stage 4 image selection or route decision			source record			deferred	Photograph or media record remains available to the approved image library; only final selected photographs are published and documented in IMAGE-USAGE.tsv.	yes	yes
SOURCE-79	02-collect/assets/official-site-images/restricted-child-rights/ASSET-076--IMG_7797.jpg	image/jpeg	indirect; Stage 3 asset map supports content-purpose availability but no Stage 4 image selection or route decision			source record			deferred	Photograph or media record remains available to the approved image library; only final selected photographs are published and documented in IMAGE-USAGE.tsv.	yes	yes
SOURCE-80	02-collect/assets/official-site-images/restricted-child-rights/ASSET-077--IMG_7787.jpg	image/jpeg	indirect; Stage 3 asset map supports content-purpose availability but no Stage 4 image selection or route decision			source record			deferred	Photograph or media record remains available to the approved image library; only final selected photographs are published and documented in IMAGE-USAGE.tsv.	yes	yes
SOURCE-81	02-collect/assets/official-site-images/restricted-child-rights/ASSET-078--IMG_7852.jpg	image/jpeg	indirect; Stage 3 asset map supports content-purpose availability but no Stage 4 image selection or route decision			source record			deferred	Photograph or media record remains available to the approved image library; only final selected photographs are published and documented in IMAGE-USAGE.tsv.	yes	yes
SOURCE-82	02-collect/assets/official-site-images/restricted-child-rights/ASSET-079--IMG_7801.jpg	image/jpeg	indirect; Stage 3 asset map supports content-purpose availability but no Stage 4 image selection or route decision			source record			deferred	Photograph or media record remains available to the approved image library; only final selected photographs are published and documented in IMAGE-USAGE.tsv.	yes	yes
SOURCE-83	02-collect/assets/official-site-images/restricted-child-rights/ASSET-080--IMG_7899.jpg	image/jpeg	indirect; Stage 3 asset map supports content-purpose availability but no Stage 4 image selection or route decision			source record			deferred	Photograph or media record remains available to the approved image library; only final selected photographs are published and documented in IMAGE-USAGE.tsv.	yes	yes
SOURCE-84	02-collect/assets/official-site-images/restricted-child-rights/ASSET-081--IMG_7826.jpg	image/jpeg	indirect; Stage 3 asset map supports content-purpose availability but no Stage 4 image selection or route decision			source record			deferred	Photograph or media record remains available to the approved image library; only final selected photographs are published and documented in IMAGE-USAGE.tsv.	yes	yes
SOURCE-85	02-collect/assets/official-site-images/restricted-child-rights/ASSET-082--IMG_7903.jpg	image/jpeg	indirect; Stage 3 asset map supports content-purpose availability but no Stage 4 image selection or route decision			source record			deferred	Photograph or media record remains available to the approved image library; only final selected photographs are published and documented in IMAGE-USAGE.tsv.	yes	yes
SOURCE-86	02-collect/assets/official-site-images/restricted-child-rights/ASSET-083--IMG_7611.jpg	image/jpeg	indirect; Stage 3 asset map supports content-purpose availability but no Stage 4 image selection or route decision			source record			deferred	Photograph or media record remains available to the approved image library; only final selected photographs are published and documented in IMAGE-USAGE.tsv.	yes	yes
SOURCE-87	02-collect/assets/official-site-images/restricted-child-rights/ASSET-084--IMG_7627.jpg	image/jpeg	indirect; Stage 3 asset map supports content-purpose availability but no Stage 4 image selection or route decision			source record			deferred	Photograph or media record remains available to the approved image library; only final selected photographs are published and documented in IMAGE-USAGE.tsv.	yes	yes
SOURCE-88	02-collect/assets/official-site-images/restricted-child-rights/ASSET-085--IMG_7632.jpg	image/jpeg	indirect; Stage 3 asset map supports content-purpose availability but no Stage 4 image selection or route decision			source record			deferred	Photograph or media record remains available to the approved image library; only final selected photographs are published and documented in IMAGE-USAGE.tsv.	yes	yes
SOURCE-89	02-collect/assets/official-site-images/restricted-child-rights/ASSET-086--IMG_4818.jpg	image/jpeg	indirect; Stage 3 asset map supports content-purpose availability but no Stage 4 image selection or route decision			source record			deferred	Photograph or media record remains available to the approved image library; only final selected photographs are published and documented in IMAGE-USAGE.tsv.	yes	yes
SOURCE-90	02-collect/assets/official-site-images/restricted-child-rights/ASSET-087--IMG_6060.jpg	image/jpeg	indirect; Stage 3 asset map supports content-purpose availability but no Stage 4 image selection or route decision			source record			deferred	Photograph or media record remains available to the approved image library; only final selected photographs are published and documented in IMAGE-USAGE.tsv.	yes	yes
SOURCE-91	02-collect/assets/official-site-images/restricted-child-rights/ASSET-088--IMG_7618.jpg	image/jpeg	indirect; Stage 3 asset map supports content-purpose availability but no Stage 4 image selection or route decision			source record			deferred	Photograph or media record remains available to the approved image library; only final selected photographs are published and documented in IMAGE-USAGE.tsv.	yes	yes
SOURCE-92	02-collect/assets/official-site-images/restricted-child-rights/ASSET-089--IMG_6082.jpg	image/jpeg	indirect; Stage 3 asset map supports content-purpose availability but no Stage 4 image selection or route decision			source record			deferred	Photograph or media record remains available to the approved image library; only final selected photographs are published and documented in IMAGE-USAGE.tsv.	yes	yes
SOURCE-93	02-collect/assets/official-site-images/restricted-child-rights/ASSET-090--PhotoRoom_20230926_131806.jpg	image/jpeg	indirect; Stage 3 asset map supports content-purpose availability but no Stage 4 image selection or route decision			source record			deferred	Photograph or media record remains available to the approved image library; only final selected photographs are published and documented in IMAGE-USAGE.tsv.	yes	yes
SOURCE-94	02-collect/assets/official-site-images/restricted-child-rights/ASSET-091--IMG_7331.jpg	image/jpeg	indirect; Stage 3 asset map supports content-purpose availability but no Stage 4 image selection or route decision			source record			deferred	Photograph or media record remains available to the approved image library; only final selected photographs are published and documented in IMAGE-USAGE.tsv.	yes	yes
SOURCE-95	02-collect/assets/official-site-images/restricted-child-rights/ASSET-092--IMG_7051.jpg	image/jpeg	indirect; Stage 3 asset map supports content-purpose availability but no Stage 4 image selection or route decision			source record			deferred	Photograph or media record remains available to the approved image library; only final selected photographs are published and documented in IMAGE-USAGE.tsv.	yes	yes
SOURCE-96	02-collect/assets/official-site-images/restricted-child-rights/ASSET-093--IMG_7048.jpg	image/jpeg	indirect; Stage 3 asset map supports content-purpose availability but no Stage 4 image selection or route decision			source record			deferred	Photograph or media record remains available to the approved image library; only final selected photographs are published and documented in IMAGE-USAGE.tsv.	yes	yes
SOURCE-97	02-collect/assets/official-site-images/restricted-child-rights/ASSET-094--IMG_6237.jpg	image/jpeg	indirect; Stage 3 asset map supports content-purpose availability but no Stage 4 image selection or route decision			source record			deferred	Photograph or media record remains available to the approved image library; only final selected photographs are published and documented in IMAGE-USAGE.tsv.	yes	yes
SOURCE-98	02-collect/assets/official-site-images/restricted-child-rights/ASSET-095--IMG_6233.jpg	image/jpeg	indirect; Stage 3 asset map supports content-purpose availability but no Stage 4 image selection or route decision			source record			deferred	Photograph or media record remains available to the approved image library; only final selected photographs are published and documented in IMAGE-USAGE.tsv.	yes	yes
SOURCE-99	02-collect/assets/official-site-images/restricted-child-rights/ASSET-096--IMG_6457.jpg	image/jpeg	indirect; Stage 3 asset map supports content-purpose availability but no Stage 4 image selection or route decision			source record			deferred	Photograph or media record remains available to the approved image library; only final selected photographs are published and documented in IMAGE-USAGE.tsv.	yes	yes
SOURCE-100	02-collect/assets/official-site-images/restricted-child-rights/ASSET-097--IMG_6471.jpg	image/jpeg	indirect; Stage 3 asset map supports content-purpose availability but no Stage 4 image selection or route decision			source record			deferred	Photograph or media record remains available to the approved image library; only final selected photographs are published and documented in IMAGE-USAGE.tsv.	yes	yes
SOURCE-101	02-collect/assets/official-site-images/restricted-child-rights/ASSET-098--IMG_7059.jpg	image/jpeg	indirect; Stage 3 asset map supports content-purpose availability but no Stage 4 image selection or route decision			source record			deferred	Photograph or media record remains available to the approved image library; only final selected photographs are published and documented in IMAGE-USAGE.tsv.	yes	yes
SOURCE-102	02-collect/assets/official-site-images/restricted-child-rights/ASSET-099--IMG_6225.jpg	image/jpeg	indirect; Stage 3 asset map supports content-purpose availability but no Stage 4 image selection or route decision			source record			deferred	Photograph or media record remains available to the approved image library; only final selected photographs are published and documented in IMAGE-USAGE.tsv.	yes	yes
SOURCE-103	02-collect/assets/official-site-images/restricted-child-rights/ASSET-100--IMG_7060.jpg	image/jpeg	indirect; Stage 3 asset map supports content-purpose availability but no Stage 4 image selection or route decision			source record			deferred	Photograph or media record remains available to the approved image library; only final selected photographs are published and documented in IMAGE-USAGE.tsv.	yes	yes
SOURCE-104	02-collect/assets/official-site-images/restricted-child-rights/ASSET-101--IMG_6236.jpg	image/jpeg	indirect; Stage 3 asset map supports content-purpose availability but no Stage 4 image selection or route decision			source record			deferred	Photograph or media record remains available to the approved image library; only final selected photographs are published and documented in IMAGE-USAGE.tsv.	yes	yes
SOURCE-105	02-collect/assets/official-site-images/restricted-child-rights/ASSET-102--IMG_8208.jpg	image/jpeg	indirect; Stage 3 asset map supports content-purpose availability but no Stage 4 image selection or route decision			source record			deferred	Photograph or media record remains available to the approved image library; only final selected photographs are published and documented in IMAGE-USAGE.tsv.	yes	yes
SOURCE-106	02-collect/assets/official-site-images/restricted-child-rights/ASSET-103--IMG_8098.jpg	image/jpeg	indirect; Stage 3 asset map supports content-purpose availability but no Stage 4 image selection or route decision			source record			deferred	Photograph or media record remains available to the approved image library; only final selected photographs are published and documented in IMAGE-USAGE.tsv.	yes	yes
SOURCE-107	02-collect/assets/official-site-images/restricted-child-rights/ASSET-104--IMG_8096.jpg	image/jpeg	indirect; Stage 3 asset map supports content-purpose availability but no Stage 4 image selection or route decision			source record			deferred	Photograph or media record remains available to the approved image library; only final selected photographs are published and documented in IMAGE-USAGE.tsv.	yes	yes
SOURCE-108	02-collect/assets/official-site-images/restricted-child-rights/ASSET-105--IMG_8079.jpg	image/jpeg	indirect; Stage 3 asset map supports content-purpose availability but no Stage 4 image selection or route decision			source record			deferred	Photograph or media record remains available to the approved image library; only final selected photographs are published and documented in IMAGE-USAGE.tsv.	yes	yes
SOURCE-109	02-collect/assets/official-site-images/restricted-child-rights/ASSET-106--IMG_8210.jpg	image/jpeg	indirect; Stage 3 asset map supports content-purpose availability but no Stage 4 image selection or route decision			source record			deferred	Photograph or media record remains available to the approved image library; only final selected photographs are published and documented in IMAGE-USAGE.tsv.	yes	yes
SOURCE-110	02-collect/assets/official-site-images/restricted-child-rights/ASSET-107--IMG_8110.jpg	image/jpeg	indirect; Stage 3 asset map supports content-purpose availability but no Stage 4 image selection or route decision			source record			deferred	Photograph or media record remains available to the approved image library; only final selected photographs are published and documented in IMAGE-USAGE.tsv.	yes	yes
SOURCE-111	02-collect/assets/official-site-images/restricted-child-rights/ASSET-108--IMG_8084.jpg	image/jpeg	indirect; Stage 3 asset map supports content-purpose availability but no Stage 4 image selection or route decision			source record			deferred	Photograph or media record remains available to the approved image library; only final selected photographs are published and documented in IMAGE-USAGE.tsv.	yes	yes
SOURCE-112	02-collect/assets/official-site-images/restricted-child-rights/ASSET-109--IMG_8199.jpg	image/jpeg	indirect; Stage 3 asset map supports content-purpose availability but no Stage 4 image selection or route decision			source record			deferred	Photograph or media record remains available to the approved image library; only final selected photographs are published and documented in IMAGE-USAGE.tsv.	yes	yes
SOURCE-113	02-collect/assets/official-site-images/restricted-child-rights/ASSET-110--IMG_8201.jpg	image/jpeg	indirect; Stage 3 asset map supports content-purpose availability but no Stage 4 image selection or route decision			source record			deferred	Photograph or media record remains available to the approved image library; only final selected photographs are published and documented in IMAGE-USAGE.tsv.	yes	yes
SOURCE-114	02-collect/assets/official-site-images/restricted-child-rights/ASSET-111--IMG_8080.jpg	image/jpeg	indirect; Stage 3 asset map supports content-purpose availability but no Stage 4 image selection or route decision			source record			deferred	Photograph or media record remains available to the approved image library; only final selected photographs are published and documented in IMAGE-USAGE.tsv.	yes	yes
SOURCE-115	02-collect/assets/official-site-images/restricted-child-rights/ASSET-112--IMG_6445.jpg	image/jpeg	indirect; Stage 3 asset map supports content-purpose availability but no Stage 4 image selection or route decision			source record			deferred	Photograph or media record remains available to the approved image library; only final selected photographs are published and documented in IMAGE-USAGE.tsv.	yes	yes
SOURCE-116	02-collect/assets/official-site-images/restricted-child-rights/ASSET-113--IMG_8233.jpg	image/jpeg	indirect; Stage 3 asset map supports content-purpose availability but no Stage 4 image selection or route decision			source record			deferred	Photograph or media record remains available to the approved image library; only final selected photographs are published and documented in IMAGE-USAGE.tsv.	yes	yes
SOURCE-117	02-collect/assets/official-site-images/restricted-child-rights/ASSET-114--IMG_1163.jpg	image/jpeg	indirect; Stage 3 asset map supports content-purpose availability but no Stage 4 image selection or route decision			source record			deferred	Photograph or media record remains available to the approved image library; only final selected photographs are published and documented in IMAGE-USAGE.tsv.	yes	yes
SOURCE-118	02-collect/assets/official-site-images/restricted-child-rights/ASSET-115--IMG_1168.jpg	image/jpeg	indirect; Stage 3 asset map supports content-purpose availability but no Stage 4 image selection or route decision			source record			deferred	Photograph or media record remains available to the approved image library; only final selected photographs are published and documented in IMAGE-USAGE.tsv.	yes	yes
SOURCE-119	02-collect/assets/official-site-images/restricted-child-rights/ASSET-116--IMG_6475.jpg	image/jpeg	indirect; Stage 3 asset map supports content-purpose availability but no Stage 4 image selection or route decision			source record			deferred	Photograph or media record remains available to the approved image library; only final selected photographs are published and documented in IMAGE-USAGE.tsv.	yes	yes
SOURCE-120	02-collect/assets/official-site-images/restricted-child-rights/ASSET-117--IMG_6110.jpg	image/jpeg	indirect; Stage 3 asset map supports content-purpose availability but no Stage 4 image selection or route decision			source record			deferred	Photograph or media record remains available to the approved image library; only final selected photographs are published and documented in IMAGE-USAGE.tsv.	yes	yes
SOURCE-121	02-collect/assets/official-site-images/restricted-child-rights/ASSET-118--IMG_7898.jpg	image/jpeg	indirect; Stage 3 asset map supports content-purpose availability but no Stage 4 image selection or route decision			source record			deferred	Photograph or media record remains available to the approved image library; only final selected photographs are published and documented in IMAGE-USAGE.tsv.	yes	yes
SOURCE-122	02-collect/assets/official-site-images/restricted-child-rights/ASSET-119--IMG_1158.jpg	image/jpeg	indirect; Stage 3 asset map supports content-purpose availability but no Stage 4 image selection or route decision			source record			deferred	Photograph or media record remains available to the approved image library; only final selected photographs are published and documented in IMAGE-USAGE.tsv.	yes	yes
SOURCE-123	02-collect/assets/official-site-images/restricted-child-rights/ASSET-120--IMG_6131.jpg	image/jpeg	indirect; Stage 3 asset map supports content-purpose availability but no Stage 4 image selection or route decision			source record			deferred	Photograph or media record remains available to the approved image library; only final selected photographs are published and documented in IMAGE-USAGE.tsv.	yes	yes
SOURCE-124	02-collect/assets/official-site-images/restricted-child-rights/ASSET-121--IMG_6472.jpg	image/jpeg	indirect; Stage 3 asset map supports content-purpose availability but no Stage 4 image selection or route decision			source record			deferred	Photograph or media record remains available to the approved image library; only final selected photographs are published and documented in IMAGE-USAGE.tsv.	yes	yes
SOURCE-125	02-collect/assets/official-site-images/restricted-child-rights/ASSET-122--IMG_6259.jpg	image/jpeg	indirect; Stage 3 asset map supports content-purpose availability but no Stage 4 image selection or route decision			source record			deferred	Photograph or media record remains available to the approved image library; only final selected photographs are published and documented in IMAGE-USAGE.tsv.	yes	yes
SOURCE-126	02-collect/assets/official-site-images/restricted-child-rights/ASSET-123--IMG_1144.jpg	image/jpeg	indirect; Stage 3 asset map supports content-purpose availability but no Stage 4 image selection or route decision			source record			deferred	Photograph or media record remains available to the approved image library; only final selected photographs are published and documented in IMAGE-USAGE.tsv.	yes	yes
SOURCE-127	02-collect/assets/official-site-images/restricted-child-rights/ASSET-124--IMG_6487.jpg	image/jpeg	indirect; Stage 3 asset map supports content-purpose availability but no Stage 4 image selection or route decision			source record			deferred	Photograph or media record remains available to the approved image library; only final selected photographs are published and documented in IMAGE-USAGE.tsv.	yes	yes
SOURCE-128	02-collect/assets/official-site-images/restricted-child-rights/ASSET-125--IMG_1150.jpg	image/jpeg	indirect; Stage 3 asset map supports content-purpose availability but no Stage 4 image selection or route decision			source record			deferred	Photograph or media record remains available to the approved image library; only final selected photographs are published and documented in IMAGE-USAGE.tsv.	yes	yes
SOURCE-129	02-collect/assets/official-site-images/restricted-child-rights/ASSET-126--IMG_8243.jpg	image/jpeg	indirect; Stage 3 asset map supports content-purpose availability but no Stage 4 image selection or route decision			source record			deferred	Photograph or media record remains available to the approved image library; only final selected photographs are published and documented in IMAGE-USAGE.tsv.	yes	yes
SOURCE-130	02-collect/assets/official-site-images/restricted-child-rights/ASSET-127--IMG_8244.jpg	image/jpeg	indirect; Stage 3 asset map supports content-purpose availability but no Stage 4 image selection or route decision			source record			deferred	Photograph or media record remains available to the approved image library; only final selected photographs are published and documented in IMAGE-USAGE.tsv.	yes	yes
SOURCE-131	02-collect/assets/official-site-images/restricted-child-rights/ASSET-128--IMG_8242.jpg	image/jpeg	indirect; Stage 3 asset map supports content-purpose availability but no Stage 4 image selection or route decision			source record			deferred	Photograph or media record remains available to the approved image library; only final selected photographs are published and documented in IMAGE-USAGE.tsv.	yes	yes
SOURCE-132	02-collect/assets/official-site-images/restricted-child-rights/ASSET-129--IMG_7240.jpg	image/jpeg	indirect; Stage 3 asset map supports content-purpose availability but no Stage 4 image selection or route decision			source record			deferred	Photograph or media record remains available to the approved image library; only final selected photographs are published and documented in IMAGE-USAGE.tsv.	yes	yes
SOURCE-133	02-collect/assets/official-site-images/restricted-child-rights/ASSET-130--IMG_9424.jpg	image/jpeg	indirect; Stage 3 asset map supports content-purpose availability but no Stage 4 image selection or route decision			source record			deferred	Photograph or media record remains available to the approved image library; only final selected photographs are published and documented in IMAGE-USAGE.tsv.	yes	yes
SOURCE-134	02-collect/assets/official-site-images/restricted-child-rights/ASSET-131--IMG_9322.jpg	image/jpeg	indirect; Stage 3 asset map supports content-purpose availability but no Stage 4 image selection or route decision			source record			deferred	Photograph or media record remains available to the approved image library; only final selected photographs are published and documented in IMAGE-USAGE.tsv.	yes	yes
SOURCE-135	02-collect/assets/official-site-images/restricted-child-rights/ASSET-132--IMG_9938.jpg	image/jpeg	indirect; Stage 3 asset map supports content-purpose availability but no Stage 4 image selection or route decision			source record			deferred	Photograph or media record remains available to the approved image library; only final selected photographs are published and documented in IMAGE-USAGE.tsv.	yes	yes
SOURCE-136	02-collect/assets/official-site-images/restricted-child-rights/ASSET-133--IMG_6795.jpg	image/jpeg	indirect; Stage 3 asset map supports content-purpose availability but no Stage 4 image selection or route decision			source record			deferred	Photograph or media record remains available to the approved image library; only final selected photographs are published and documented in IMAGE-USAGE.tsv.	yes	yes
SOURCE-137	02-collect/assets/official-site-images/restricted-child-rights/ASSET-134--IMG_6826.jpg	image/jpeg	indirect; Stage 3 asset map supports content-purpose availability but no Stage 4 image selection or route decision			source record			deferred	Photograph or media record remains available to the approved image library; only final selected photographs are published and documented in IMAGE-USAGE.tsv.	yes	yes
SOURCE-138	02-collect/assets/official-site-images/restricted-child-rights/ASSET-135--IMG_1397.jpg	image/jpeg	indirect; Stage 3 asset map supports content-purpose availability but no Stage 4 image selection or route decision			source record			deferred	Photograph or media record remains available to the approved image library; only final selected photographs are published and documented in IMAGE-USAGE.tsv.	yes	yes
SOURCE-139	02-collect/assets/official-site-images/restricted-child-rights/ASSET-136--IMG_8352.jpg	image/jpeg	indirect; Stage 3 asset map supports content-purpose availability but no Stage 4 image selection or route decision			source record			deferred	Photograph or media record remains available to the approved image library; only final selected photographs are published and documented in IMAGE-USAGE.tsv.	yes	yes
SOURCE-140	02-collect/assets/official-site-images/restricted-child-rights/ASSET-137--IMG_8347.jpg	image/jpeg	indirect; Stage 3 asset map supports content-purpose availability but no Stage 4 image selection or route decision			source record			deferred	Photograph or media record remains available to the approved image library; only final selected photographs are published and documented in IMAGE-USAGE.tsv.	yes	yes
SOURCE-141	02-collect/assets/official-site-images/restricted-child-rights/ASSET-138--IMG_8483.jpg	image/jpeg	indirect; Stage 3 asset map supports content-purpose availability but no Stage 4 image selection or route decision			source record			deferred	Photograph or media record remains available to the approved image library; only final selected photographs are published and documented in IMAGE-USAGE.tsv.	yes	yes
SOURCE-142	02-collect/assets/official-site-images/restricted-child-rights/ASSET-139--IMG_8883.jpg	image/jpeg	indirect; Stage 3 asset map supports content-purpose availability but no Stage 4 image selection or route decision			source record			deferred	Photograph or media record remains available to the approved image library; only final selected photographs are published and documented in IMAGE-USAGE.tsv.	yes	yes
SOURCE-143	02-collect/assets/official-site-images/restricted-child-rights/ASSET-140--IMG_1557.jpg	image/jpeg	indirect; Stage 3 asset map supports content-purpose availability but no Stage 4 image selection or route decision			source record			deferred	Photograph or media record remains available to the approved image library; only final selected photographs are published and documented in IMAGE-USAGE.tsv.	yes	yes
SOURCE-144	02-collect/assets/official-site-images/restricted-child-rights/ASSET-141--IMG_1715.jpg	image/jpeg	indirect; Stage 3 asset map supports content-purpose availability but no Stage 4 image selection or route decision			source record			deferred	Photograph or media record remains available to the approved image library; only final selected photographs are published and documented in IMAGE-USAGE.tsv.	yes	yes
SOURCE-145	02-collect/assets/official-site-images/restricted-child-rights/ASSET-142--IMG_2419.jpg	image/jpeg	indirect; Stage 3 asset map supports content-purpose availability but no Stage 4 image selection or route decision			source record			deferred	Photograph or media record remains available to the approved image library; only final selected photographs are published and documented in IMAGE-USAGE.tsv.	yes	yes
SOURCE-146	02-collect/assets/official-site-images/restricted-child-rights/ASSET-143--IMG_2362.jpg	image/jpeg	indirect; Stage 3 asset map supports content-purpose availability but no Stage 4 image selection or route decision			source record			deferred	Photograph or media record remains available to the approved image library; only final selected photographs are published and documented in IMAGE-USAGE.tsv.	yes	yes
SOURCE-147	02-collect/assets/official-site-images/restricted-child-rights/ASSET-144--IMG_2361.jpg	image/jpeg	indirect; Stage 3 asset map supports content-purpose availability but no Stage 4 image selection or route decision			source record			deferred	Photograph or media record remains available to the approved image library; only final selected photographs are published and documented in IMAGE-USAGE.tsv.	yes	yes
SOURCE-148	02-collect/assets/official-site-images/restricted-child-rights/ASSET-145--IMG_1259.jpg	image/jpeg	indirect; Stage 3 asset map supports content-purpose availability but no Stage 4 image selection or route decision			source record			deferred	Photograph or media record remains available to the approved image library; only final selected photographs are published and documented in IMAGE-USAGE.tsv.	yes	yes
SOURCE-149	02-collect/assets/official-site-images/restricted-child-rights/ASSET-146--IMG_1730.jpg	image/jpeg	indirect; Stage 3 asset map supports content-purpose availability but no Stage 4 image selection or route decision			source record			deferred	Photograph or media record remains available to the approved image library; only final selected photographs are published and documented in IMAGE-USAGE.tsv.	yes	yes
SOURCE-150	02-collect/assets/official-site-images/restricted-child-rights/ASSET-147--IMG_2365.jpg	image/jpeg	indirect; Stage 3 asset map supports content-purpose availability but no Stage 4 image selection or route decision			source record			deferred	Photograph or media record remains available to the approved image library; only final selected photographs are published and documented in IMAGE-USAGE.tsv.	yes	yes
SOURCE-151	02-collect/assets/official-site-images/restricted-child-rights/ASSET-148--IMG_6942.jpg	image/jpeg	indirect; Stage 3 asset map supports content-purpose availability but no Stage 4 image selection or route decision			source record			deferred	Photograph or media record remains available to the approved image library; only final selected photographs are published and documented in IMAGE-USAGE.tsv.	yes	yes
SOURCE-152	02-collect/assets/official-site-images/restricted-child-rights/ASSET-149--IMG_7684.jpg	image/jpeg	indirect; Stage 3 asset map supports content-purpose availability but no Stage 4 image selection or route decision			source record			deferred	Photograph or media record remains available to the approved image library; only final selected photographs are published and documented in IMAGE-USAGE.tsv.	yes	yes
SOURCE-153	02-collect/assets/official-site-images/restricted-child-rights/ASSET-150--IMG_7034.jpg	image/jpeg	indirect; Stage 3 asset map supports content-purpose availability but no Stage 4 image selection or route decision			source record			deferred	Photograph or media record remains available to the approved image library; only final selected photographs are published and documented in IMAGE-USAGE.tsv.	yes	yes
SOURCE-154	02-collect/assets/official-site-images/restricted-child-rights/ASSET-151--IMG_7562.jpg	image/jpeg	indirect; Stage 3 asset map supports content-purpose availability but no Stage 4 image selection or route decision			source record			deferred	Photograph or media record remains available to the approved image library; only final selected photographs are published and documented in IMAGE-USAGE.tsv.	yes	yes
SOURCE-155	02-collect/assets/official-site-images/restricted-child-rights/ASSET-152--FullSizeRender.jpg	image/jpeg	indirect; Stage 3 asset map supports content-purpose availability but no Stage 4 image selection or route decision			source record			deferred	Photograph or media record remains available to the approved image library; only final selected photographs are published and documented in IMAGE-USAGE.tsv.	yes	yes
SOURCE-156	02-collect/assets/official-site-images/restricted-child-rights/ASSET-153--IMG_7306.jpg	image/jpeg	indirect; Stage 3 asset map supports content-purpose availability but no Stage 4 image selection or route decision			source record			deferred	Photograph or media record remains available to the approved image library; only final selected photographs are published and documented in IMAGE-USAGE.tsv.	yes	yes
SOURCE-157	02-collect/assets/official-site-images/restricted-child-rights/ASSET-154--IMG_6969.jpg	image/jpeg	indirect; Stage 3 asset map supports content-purpose availability but no Stage 4 image selection or route decision			source record			deferred	Photograph or media record remains available to the approved image library; only final selected photographs are published and documented in IMAGE-USAGE.tsv.	yes	yes
SOURCE-158	02-collect/assets/official-site-images/restricted-child-rights/ASSET-155--IMG_7594.jpg	image/jpeg	indirect; Stage 3 asset map supports content-purpose availability but no Stage 4 image selection or route decision			source record			deferred	Photograph or media record remains available to the approved image library; only final selected photographs are published and documented in IMAGE-USAGE.tsv.	yes	yes
SOURCE-159	02-collect/assets/official-site-images/restricted-child-rights/ASSET-156--IMG_8857.jpg	image/jpeg	indirect; Stage 3 asset map supports content-purpose availability but no Stage 4 image selection or route decision			source record			deferred	Photograph or media record remains available to the approved image library; only final selected photographs are published and documented in IMAGE-USAGE.tsv.	yes	yes
SOURCE-160	02-collect/assets/official-site-images/restricted-child-rights/ASSET-157--IMG_8993.jpg	image/jpeg	indirect; Stage 3 asset map supports content-purpose availability but no Stage 4 image selection or route decision			source record			deferred	Photograph or media record remains available to the approved image library; only final selected photographs are published and documented in IMAGE-USAGE.tsv.	yes	yes
SOURCE-161	02-collect/assets/official-site-images/restricted-child-rights/ASSET-158--IMG_8853.jpg	image/jpeg	indirect; Stage 3 asset map supports content-purpose availability but no Stage 4 image selection or route decision			source record			deferred	Photograph or media record remains available to the approved image library; only final selected photographs are published and documented in IMAGE-USAGE.tsv.	yes	yes
SOURCE-162	02-collect/assets/official-site-images/restricted-child-rights/ASSET-159--IMG_9001.jpg	image/jpeg	indirect; Stage 3 asset map supports content-purpose availability but no Stage 4 image selection or route decision			source record			deferred	Photograph or media record remains available to the approved image library; only final selected photographs are published and documented in IMAGE-USAGE.tsv.	yes	yes
SOURCE-163	02-collect/assets/official-site-images/restricted-child-rights/ASSET-160--IMG_8974.jpg	image/jpeg	indirect; Stage 3 asset map supports content-purpose availability but no Stage 4 image selection or route decision			source record			deferred	Photograph or media record remains available to the approved image library; only final selected photographs are published and documented in IMAGE-USAGE.tsv.	yes	yes
SOURCE-164	02-collect/assets/official-site-images/restricted-child-rights/ASSET-161--IMG_8998.jpg	image/jpeg	indirect; Stage 3 asset map supports content-purpose availability but no Stage 4 image selection or route decision			source record			deferred	Photograph or media record remains available to the approved image library; only final selected photographs are published and documented in IMAGE-USAGE.tsv.	yes	yes
SOURCE-165	02-collect/assets/official-site-images/restricted-child-rights/ASSET-162--IMG_8934.jpg	image/jpeg	indirect; Stage 3 asset map supports content-purpose availability but no Stage 4 image selection or route decision			source record			deferred	Photograph or media record remains available to the approved image library; only final selected photographs are published and documented in IMAGE-USAGE.tsv.	yes	yes
SOURCE-166	02-collect/assets/official-site-images/restricted-child-rights/ASSET-163--IMG_8937.jpg	image/jpeg	indirect; Stage 3 asset map supports content-purpose availability but no Stage 4 image selection or route decision			source record			deferred	Photograph or media record remains available to the approved image library; only final selected photographs are published and documented in IMAGE-USAGE.tsv.	yes	yes
SOURCE-167	02-collect/assets/official-site-images/restricted-child-rights/ASSET-164--IMG_2976.jpg	image/jpeg	indirect; Stage 3 asset map supports content-purpose availability but no Stage 4 image selection or route decision			source record			deferred	Photograph or media record remains available to the approved image library; only final selected photographs are published and documented in IMAGE-USAGE.tsv.	yes	yes
SOURCE-168	02-collect/assets/official-site-images/restricted-child-rights/ASSET-165--IMG_2963.jpg	image/jpeg	indirect; Stage 3 asset map supports content-purpose availability but no Stage 4 image selection or route decision			source record			deferred	Photograph or media record remains available to the approved image library; only final selected photographs are published and documented in IMAGE-USAGE.tsv.	yes	yes
SOURCE-169	02-collect/assets/official-site-images/restricted-child-rights/ASSET-166--IMG_2965.jpg	image/jpeg	indirect; Stage 3 asset map supports content-purpose availability but no Stage 4 image selection or route decision			source record			deferred	Photograph or media record remains available to the approved image library; only final selected photographs are published and documented in IMAGE-USAGE.tsv.	yes	yes
SOURCE-170	02-collect/assets/official-site-images/restricted-child-rights/ASSET-167--IMG_2955.jpg	image/jpeg	indirect; Stage 3 asset map supports content-purpose availability but no Stage 4 image selection or route decision			source record			deferred	Photograph or media record remains available to the approved image library; only final selected photographs are published and documented in IMAGE-USAGE.tsv.	yes	yes
SOURCE-171	02-collect/assets/official-site-images/restricted-child-rights/ASSET-168--IMG_1586.jpg	image/jpeg	indirect; Stage 3 asset map supports content-purpose availability but no Stage 4 image selection or route decision			source record			deferred	Photograph or media record remains available to the approved image library; only final selected photographs are published and documented in IMAGE-USAGE.tsv.	yes	yes
SOURCE-172	02-collect/assets/official-site-images/restricted-child-rights/ASSET-169--IMG_1584.jpg	image/jpeg	indirect; Stage 3 asset map supports content-purpose availability but no Stage 4 image selection or route decision			source record			deferred	Photograph or media record remains available to the approved image library; only final selected photographs are published and documented in IMAGE-USAGE.tsv.	yes	yes
SOURCE-173	02-collect/assets/official-site-images/restricted-child-rights/ASSET-170--IMG_1588.jpg	image/jpeg	indirect; Stage 3 asset map supports content-purpose availability but no Stage 4 image selection or route decision			source record			deferred	Photograph or media record remains available to the approved image library; only final selected photographs are published and documented in IMAGE-USAGE.tsv.	yes	yes
SOURCE-174	02-collect/assets/official-site-images/restricted-child-rights/ASSET-171--IMG_1583.jpg	image/jpeg	indirect; Stage 3 asset map supports content-purpose availability but no Stage 4 image selection or route decision			source record			deferred	Photograph or media record remains available to the approved image library; only final selected photographs are published and documented in IMAGE-USAGE.tsv.	yes	yes
SOURCE-175	02-collect/assets/official-site-images/restricted-child-rights/ASSET-172--FDFCFA65-4D4C-4D51-9B2D-CA55061E2991.jpg	image/jpeg	indirect; Stage 3 asset map supports content-purpose availability but no Stage 4 image selection or route decision			source record			deferred	Photograph or media record remains available to the approved image library; only final selected photographs are published and documented in IMAGE-USAGE.tsv.	yes	yes
SOURCE-176	02-collect/assets/official-site-images/restricted-child-rights/ASSET-173--IMG_8676.jpg	image/jpeg	indirect; Stage 3 asset map supports content-purpose availability but no Stage 4 image selection or route decision			source record			deferred	Photograph or media record remains available to the approved image library; only final selected photographs are published and documented in IMAGE-USAGE.tsv.	yes	yes
SOURCE-177	02-collect/assets/official-site-images/restricted-child-rights/ASSET-174--IMG_8674.jpg	image/jpeg	indirect; Stage 3 asset map supports content-purpose availability but no Stage 4 image selection or route decision			source record			deferred	Photograph or media record remains available to the approved image library; only final selected photographs are published and documented in IMAGE-USAGE.tsv.	yes	yes
SOURCE-178	02-collect/assets/official-site-images/restricted-child-rights/ASSET-175--IMG_8675.jpg	image/jpeg	indirect; Stage 3 asset map supports content-purpose availability but no Stage 4 image selection or route decision			source record			deferred	Photograph or media record remains available to the approved image library; only final selected photographs are published and documented in IMAGE-USAGE.tsv.	yes	yes
SOURCE-179	02-collect/assets/official-site-images/restricted-child-rights/ASSET-176--IMG_2361.jpg	image/jpeg	indirect; Stage 3 asset map supports content-purpose availability but no Stage 4 image selection or route decision			source record			duplicate	Duplicate of 02-collect/assets/official-site-images/restricted-child-rights/ASSET-144--IMG_2361.jpg; represented once through the controlling record.	yes	yes
SOURCE-180	02-collect/assets/official-site-images/restricted-child-rights/ASSET-177--PhotoRoom_20220803_093532.jpg	image/jpeg	indirect; Stage 3 asset map supports content-purpose availability but no Stage 4 image selection or route decision			source record			deferred	Photograph or media record remains available to the approved image library; only final selected photographs are published and documented in IMAGE-USAGE.tsv.	yes	yes
SOURCE-181	02-collect/assets/official-site-images/restricted-child-rights/ASSET-178--IMG_9487.jpg	image/jpeg	indirect; Stage 3 asset map supports content-purpose availability but no Stage 4 image selection or route decision			source record			deferred	Photograph or media record remains available to the approved image library; only final selected photographs are published and documented in IMAGE-USAGE.tsv.	yes	yes
SOURCE-182	02-collect/assets/official-site-images/restricted-child-rights/ASSET-179--IMG_9488.jpg	image/jpeg	indirect; Stage 3 asset map supports content-purpose availability but no Stage 4 image selection or route decision			source record			deferred	Photograph or media record remains available to the approved image library; only final selected photographs are published and documented in IMAGE-USAGE.tsv.	yes	yes
SOURCE-183	02-collect/assets/official-site-images/restricted-child-rights/ASSET-180--IMG_9489.jpg	image/jpeg	indirect; Stage 3 asset map supports content-purpose availability but no Stage 4 image selection or route decision			source record			deferred	Photograph or media record remains available to the approved image library; only final selected photographs are published and documented in IMAGE-USAGE.tsv.	yes	yes
SOURCE-184	02-collect/assets/official-site-images/restricted-child-rights/ASSET-181--IMG_9490.jpg	image/jpeg	indirect; Stage 3 asset map supports content-purpose availability but no Stage 4 image selection or route decision			source record			deferred	Photograph or media record remains available to the approved image library; only final selected photographs are published and documented in IMAGE-USAGE.tsv.	yes	yes
SOURCE-185	02-collect/assets/official-site-images/restricted-child-rights/ASSET-182--IMG_9493.jpg	image/jpeg	indirect; Stage 3 asset map supports content-purpose availability but no Stage 4 image selection or route decision			source record			deferred	Photograph or media record remains available to the approved image library; only final selected photographs are published and documented in IMAGE-USAGE.tsv.	yes	yes
SOURCE-186	02-collect/assets/official-site-images/restricted-child-rights/ASSET-183--IMG_9492.jpg	image/jpeg	indirect; Stage 3 asset map supports content-purpose availability but no Stage 4 image selection or route decision			source record			deferred	Photograph or media record remains available to the approved image library; only final selected photographs are published and documented in IMAGE-USAGE.tsv.	yes	yes
SOURCE-187	02-collect/assets/official-site-images/restricted-child-rights/ASSET-184--IMG_9491.jpg	image/jpeg	indirect; Stage 3 asset map supports content-purpose availability but no Stage 4 image selection or route decision			source record			deferred	Photograph or media record remains available to the approved image library; only final selected photographs are published and documented in IMAGE-USAGE.tsv.	yes	yes
SOURCE-188	02-collect/assets/official-site-images/restricted-child-rights/ASSET-185--IMG_9494.jpg	image/jpeg	indirect; Stage 3 asset map supports content-purpose availability but no Stage 4 image selection or route decision			source record			deferred	Photograph or media record remains available to the approved image library; only final selected photographs are published and documented in IMAGE-USAGE.tsv.	yes	yes
SOURCE-189	02-collect/assets/official-site-images/restricted-child-rights/ASSET-186--PhotoRoom_20240124_114530.jpg	image/jpeg	indirect; Stage 3 asset map supports content-purpose availability but no Stage 4 image selection or route decision			source record			deferred	Photograph or media record remains available to the approved image library; only final selected photographs are published and documented in IMAGE-USAGE.tsv.	yes	yes
SOURCE-190	02-collect/assets/official-site-images/restricted-child-rights/ASSET-187--IMG_8757.jpg	image/jpeg	indirect; Stage 3 asset map supports content-purpose availability but no Stage 4 image selection or route decision			source record			deferred	Photograph or media record remains available to the approved image library; only final selected photographs are published and documented in IMAGE-USAGE.tsv.	yes	yes
SOURCE-191	02-collect/assets/official-site-images/restricted-child-rights/ASSET-188--Photoroom_20240304_160503.jpg	image/jpeg	indirect; Stage 3 asset map supports content-purpose availability but no Stage 4 image selection or route decision			source record			deferred	Photograph or media record remains available to the approved image library; only final selected photographs are published and documented in IMAGE-USAGE.tsv.	yes	yes
SOURCE-192	02-collect/assets/official-site-images/restricted-child-rights/ASSET-189--Photoroom_20240304_160140.jpg	image/jpeg	indirect; Stage 3 asset map supports content-purpose availability but no Stage 4 image selection or route decision			source record			deferred	Photograph or media record remains available to the approved image library; only final selected photographs are published and documented in IMAGE-USAGE.tsv.	yes	yes
SOURCE-193	02-collect/assets/official-site-images/restricted-child-rights/ASSET-190--IMG_8830.jpg	image/jpeg	indirect; Stage 3 asset map supports content-purpose availability but no Stage 4 image selection or route decision			source record			deferred	Photograph or media record remains available to the approved image library; only final selected photographs are published and documented in IMAGE-USAGE.tsv.	yes	yes
SOURCE-194	02-collect/assets/official-site-images/restricted-child-rights/ASSET-191--IMG_8699.jpg	image/jpeg	indirect; Stage 3 asset map supports content-purpose availability but no Stage 4 image selection or route decision			source record			deferred	Photograph or media record remains available to the approved image library; only final selected photographs are published and documented in IMAGE-USAGE.tsv.	yes	yes
SOURCE-195	02-collect/assets/official-site-images/restricted-child-rights/ASSET-192--IMG_8707.jpg	image/jpeg	indirect; Stage 3 asset map supports content-purpose availability but no Stage 4 image selection or route decision			source record			deferred	Photograph or media record remains available to the approved image library; only final selected photographs are published and documented in IMAGE-USAGE.tsv.	yes	yes
SOURCE-196	02-collect/assets/official-site-images/restricted-child-rights/ASSET-193--IMG_8779.jpg	image/jpeg	indirect; Stage 3 asset map supports content-purpose availability but no Stage 4 image selection or route decision			source record			deferred	Photograph or media record remains available to the approved image library; only final selected photographs are published and documented in IMAGE-USAGE.tsv.	yes	yes
SOURCE-197	02-collect/assets/official-site-images/restricted-child-rights/ASSET-194--IMG_8582.jpg	image/jpeg	indirect; Stage 3 asset map supports content-purpose availability but no Stage 4 image selection or route decision			source record			deferred	Photograph or media record remains available to the approved image library; only final selected photographs are published and documented in IMAGE-USAGE.tsv.	yes	yes
SOURCE-198	02-collect/assets/official-site-images/restricted-child-rights/ASSET-195--IMG_8710.jpg	image/jpeg	indirect; Stage 3 asset map supports content-purpose availability but no Stage 4 image selection or route decision			source record			deferred	Photograph or media record remains available to the approved image library; only final selected photographs are published and documented in IMAGE-USAGE.tsv.	yes	yes
SOURCE-199	02-collect/assets/official-site-images/restricted-child-rights/ASSET-196--IMG_8800.jpg	image/jpeg	indirect; Stage 3 asset map supports content-purpose availability but no Stage 4 image selection or route decision			source record			deferred	Photograph or media record remains available to the approved image library; only final selected photographs are published and documented in IMAGE-USAGE.tsv.	yes	yes
SOURCE-200	02-collect/assets/official-site-images/restricted-child-rights/ASSET-197--IMG_8583.jpg	image/jpeg	indirect; Stage 3 asset map supports content-purpose availability but no Stage 4 image selection or route decision			source record			deferred	Photograph or media record remains available to the approved image library; only final selected photographs are published and documented in IMAGE-USAGE.tsv.	yes	yes
SOURCE-201	02-collect/assets/official-site-images/restricted-child-rights/ASSET-198--IMG_8687.jpg	image/jpeg	indirect; Stage 3 asset map supports content-purpose availability but no Stage 4 image selection or route decision			source record			deferred	Photograph or media record remains available to the approved image library; only final selected photographs are published and documented in IMAGE-USAGE.tsv.	yes	yes
SOURCE-202	02-collect/assets/official-site-images/restricted-child-rights/ASSET-199--IMG_8819.jpg	image/jpeg	indirect; Stage 3 asset map supports content-purpose availability but no Stage 4 image selection or route decision			source record			deferred	Photograph or media record remains available to the approved image library; only final selected photographs are published and documented in IMAGE-USAGE.tsv.	yes	yes
SOURCE-203	02-collect/assets/official-site-images/restricted-child-rights/ASSET-200--IMG_2212.jpg	image/jpeg	indirect; Stage 3 asset map supports content-purpose availability but no Stage 4 image selection or route decision			source record			deferred	Photograph or media record remains available to the approved image library; only final selected photographs are published and documented in IMAGE-USAGE.tsv.	yes	yes
SOURCE-204	02-collect/assets/official-site-images/restricted-child-rights/ASSET-201--IMG_8876.jpg	image/jpeg	indirect; Stage 3 asset map supports content-purpose availability but no Stage 4 image selection or route decision			source record			deferred	Photograph or media record remains available to the approved image library; only final selected photographs are published and documented in IMAGE-USAGE.tsv.	yes	yes
SOURCE-205	02-collect/assets/official-site-images/restricted-child-rights/ASSET-202--IMG_8875.jpg	image/jpeg	indirect; Stage 3 asset map supports content-purpose availability but no Stage 4 image selection or route decision			source record			deferred	Photograph or media record remains available to the approved image library; only final selected photographs are published and documented in IMAGE-USAGE.tsv.	yes	yes
SOURCE-206	02-collect/assets/official-site-images/restricted-child-rights/ASSET-203--IMG_2185.jpg	image/jpeg	indirect; Stage 3 asset map supports content-purpose availability but no Stage 4 image selection or route decision			source record			deferred	Photograph or media record remains available to the approved image library; only final selected photographs are published and documented in IMAGE-USAGE.tsv.	yes	yes
SOURCE-207	02-collect/assets/official-site-images/restricted-child-rights/ASSET-204--IMG_2215.jpg	image/jpeg	indirect; Stage 3 asset map supports content-purpose availability but no Stage 4 image selection or route decision			source record			deferred	Photograph or media record remains available to the approved image library; only final selected photographs are published and documented in IMAGE-USAGE.tsv.	yes	yes
SOURCE-208	02-collect/assets/official-site-images/restricted-child-rights/ASSET-205--IMG_2106.jpg	image/jpeg	indirect; Stage 3 asset map supports content-purpose availability but no Stage 4 image selection or route decision			source record			deferred	Photograph or media record remains available to the approved image library; only final selected photographs are published and documented in IMAGE-USAGE.tsv.	yes	yes
SOURCE-209	02-collect/assets/official-site-images/restricted-child-rights/ASSET-206--IMG_8977.jpg	image/jpeg	indirect; Stage 3 asset map supports content-purpose availability but no Stage 4 image selection or route decision			source record			deferred	Photograph or media record remains available to the approved image library; only final selected photographs are published and documented in IMAGE-USAGE.tsv.	yes	yes
SOURCE-210	02-collect/assets/official-site-images/restricted-child-rights/ASSET-207--IMG_8984.jpg	image/jpeg	indirect; Stage 3 asset map supports content-purpose availability but no Stage 4 image selection or route decision			source record			deferred	Photograph or media record remains available to the approved image library; only final selected photographs are published and documented in IMAGE-USAGE.tsv.	yes	yes
SOURCE-211	02-collect/assets/official-site-images/restricted-child-rights/ASSET-208--IMG_2218.jpg	image/jpeg	indirect; Stage 3 asset map supports content-purpose availability but no Stage 4 image selection or route decision			source record			deferred	Photograph or media record remains available to the approved image library; only final selected photographs are published and documented in IMAGE-USAGE.tsv.	yes	yes
SOURCE-212	02-collect/assets/official-site-images/restricted-child-rights/ASSET-209--IMG_8757.jpg	image/jpeg	indirect; Stage 3 asset map supports content-purpose availability but no Stage 4 image selection or route decision			source record			deferred	Photograph or media record remains available to the approved image library; only final selected photographs are published and documented in IMAGE-USAGE.tsv.	yes	yes
SOURCE-213	02-collect/assets/official-site-images/restricted-child-rights/ASSET-210--IMG_2186.jpg	image/jpeg	indirect; Stage 3 asset map supports content-purpose availability but no Stage 4 image selection or route decision			source record			deferred	Photograph or media record remains available to the approved image library; only final selected photographs are published and documented in IMAGE-USAGE.tsv.	yes	yes
SOURCE-214	02-collect/assets/official-site-images/restricted-child-rights/ASSET-211--IMG_8784.jpg	image/jpeg	indirect; Stage 3 asset map supports content-purpose availability but no Stage 4 image selection or route decision			source record			deferred	Photograph or media record remains available to the approved image library; only final selected photographs are published and documented in IMAGE-USAGE.tsv.	yes	yes
SOURCE-215	02-collect/assets/official-site-images/restricted-child-rights/ASSET-212--IMG_9852.jpg	image/jpeg	indirect; Stage 3 asset map supports content-purpose availability but no Stage 4 image selection or route decision			source record			deferred	Photograph or media record remains available to the approved image library; only final selected photographs are published and documented in IMAGE-USAGE.tsv.	yes	yes
SOURCE-216	02-collect/assets/official-site-images/restricted-child-rights/ASSET-213--IMG_9998.jpg	image/jpeg	indirect; Stage 3 asset map supports content-purpose availability but no Stage 4 image selection or route decision			source record			deferred	Photograph or media record remains available to the approved image library; only final selected photographs are published and documented in IMAGE-USAGE.tsv.	yes	yes
SOURCE-217	02-collect/assets/official-site-images/restricted-child-rights/ASSET-214--IMG_9845.jpg	image/jpeg	indirect; Stage 3 asset map supports content-purpose availability but no Stage 4 image selection or route decision			source record			deferred	Photograph or media record remains available to the approved image library; only final selected photographs are published and documented in IMAGE-USAGE.tsv.	yes	yes
SOURCE-218	02-collect/assets/official-site-images/restricted-child-rights/ASSET-215--IMG_9502.jpg	image/jpeg	indirect; Stage 3 asset map supports content-purpose availability but no Stage 4 image selection or route decision			source record			deferred	Photograph or media record remains available to the approved image library; only final selected photographs are published and documented in IMAGE-USAGE.tsv.	yes	yes
SOURCE-219	02-collect/assets/official-site-images/restricted-child-rights/ASSET-216--IMG_9548.jpg	image/jpeg	indirect; Stage 3 asset map supports content-purpose availability but no Stage 4 image selection or route decision			source record			deferred	Photograph or media record remains available to the approved image library; only final selected photographs are published and documented in IMAGE-USAGE.tsv.	yes	yes
SOURCE-220	02-collect/assets/official-site-images/restricted-child-rights/ASSET-217--IMG_9701.jpg	image/jpeg	indirect; Stage 3 asset map supports content-purpose availability but no Stage 4 image selection or route decision			source record			deferred	Photograph or media record remains available to the approved image library; only final selected photographs are published and documented in IMAGE-USAGE.tsv.	yes	yes
SOURCE-221	02-collect/assets/official-site-images/restricted-child-rights/ASSET-218--IMG_9844.jpg	image/jpeg	indirect; Stage 3 asset map supports content-purpose availability but no Stage 4 image selection or route decision			source record			deferred	Photograph or media record remains available to the approved image library; only final selected photographs are published and documented in IMAGE-USAGE.tsv.	yes	yes
SOURCE-222	02-collect/assets/official-site-images/restricted-child-rights/ASSET-219--IMG_9378.jpg	image/jpeg	indirect; Stage 3 asset map supports content-purpose availability but no Stage 4 image selection or route decision			source record			deferred	Photograph or media record remains available to the approved image library; only final selected photographs are published and documented in IMAGE-USAGE.tsv.	yes	yes
SOURCE-223	02-collect/assets/official-site-images/restricted-child-rights/ASSET-220--IMG_9846.jpg	image/jpeg	indirect; Stage 3 asset map supports content-purpose availability but no Stage 4 image selection or route decision			source record			deferred	Photograph or media record remains available to the approved image library; only final selected photographs are published and documented in IMAGE-USAGE.tsv.	yes	yes
SOURCE-224	02-collect/assets/official-site-images/restricted-child-rights/ASSET-221--IMG_9967.jpg	image/jpeg	indirect; Stage 3 asset map supports content-purpose availability but no Stage 4 image selection or route decision			source record			deferred	Photograph or media record remains available to the approved image library; only final selected photographs are published and documented in IMAGE-USAGE.tsv.	yes	yes
SOURCE-225	02-collect/assets/official-site-images/restricted-child-rights/ASSET-222--IMG_9874.jpg	image/jpeg	indirect; Stage 3 asset map supports content-purpose availability but no Stage 4 image selection or route decision			source record			deferred	Photograph or media record remains available to the approved image library; only final selected photographs are published and documented in IMAGE-USAGE.tsv.	yes	yes
SOURCE-226	02-collect/assets/official-site-images/restricted-child-rights/ASSET-223--IMG_9988.jpg	image/jpeg	indirect; Stage 3 asset map supports content-purpose availability but no Stage 4 image selection or route decision			source record			deferred	Photograph or media record remains available to the approved image library; only final selected photographs are published and documented in IMAGE-USAGE.tsv.	yes	yes
SOURCE-227	02-collect/assets/official-site-images/restricted-child-rights/ASSET-224--FullSizeRender.jpg	image/jpeg	indirect; Stage 3 asset map supports content-purpose availability but no Stage 4 image selection or route decision			source record			deferred	Photograph or media record remains available to the approved image library; only final selected photographs are published and documented in IMAGE-USAGE.tsv.	yes	yes
SOURCE-228	02-collect/assets/official-site-images/restricted-child-rights/ASSET-225--IMG_5668.jpg	image/jpeg	indirect; Stage 3 asset map supports content-purpose availability but no Stage 4 image selection or route decision			source record			deferred	Photograph or media record remains available to the approved image library; only final selected photographs are published and documented in IMAGE-USAGE.tsv.	yes	yes
SOURCE-229	02-collect/assets/official-site-images/restricted-child-rights/ASSET-226--IMG_5411.jpg	image/jpeg	indirect; Stage 3 asset map supports content-purpose availability but no Stage 4 image selection or route decision			source record			deferred	Photograph or media record remains available to the approved image library; only final selected photographs are published and documented in IMAGE-USAGE.tsv.	yes	yes
SOURCE-230	02-collect/assets/official-site-images/restricted-child-rights/ASSET-227--IMG_5408.jpg	image/jpeg	indirect; Stage 3 asset map supports content-purpose availability but no Stage 4 image selection or route decision			source record			deferred	Photograph or media record remains available to the approved image library; only final selected photographs are published and documented in IMAGE-USAGE.tsv.	yes	yes
SOURCE-231	02-collect/assets/official-site-images/restricted-child-rights/ASSET-228--IMG_5409.jpg	image/jpeg	indirect; Stage 3 asset map supports content-purpose availability but no Stage 4 image selection or route decision			source record			deferred	Photograph or media record remains available to the approved image library; only final selected photographs are published and documented in IMAGE-USAGE.tsv.	yes	yes
SOURCE-232	02-collect/assets/official-site-images/restricted-child-rights/ASSET-229--IMG_5407.jpg	image/jpeg	indirect; Stage 3 asset map supports content-purpose availability but no Stage 4 image selection or route decision			source record			deferred	Photograph or media record remains available to the approved image library; only final selected photographs are published and documented in IMAGE-USAGE.tsv.	yes	yes
SOURCE-233	02-collect/assets/official-site-images/restricted-child-rights/ASSET-230--IMG_5410.jpg	image/jpeg	indirect; Stage 3 asset map supports content-purpose availability but no Stage 4 image selection or route decision			source record			deferred	Photograph or media record remains available to the approved image library; only final selected photographs are published and documented in IMAGE-USAGE.tsv.	yes	yes
SOURCE-234	02-collect/assets/official-site-images/restricted-child-rights/ASSET-231--IMG_5668.jpg	image/jpeg	indirect; Stage 3 asset map supports content-purpose availability but no Stage 4 image selection or route decision			source record			duplicate	Duplicate of 02-collect/assets/official-site-images/restricted-child-rights/ASSET-225--IMG_5668.jpg; represented once through the controlling record.	yes	yes
SOURCE-235	02-collect/assets/official-site-images/restricted-child-rights/ASSET-232--thumbnail_0C3CD104-8E1E-4338-92DA-A79C7DDD1EB6.jpg	image/jpeg	indirect; Stage 3 asset map supports content-purpose availability but no Stage 4 image selection or route decision			source record			deferred	Photograph or media record remains available to the approved image library; only final selected photographs are published and documented in IMAGE-USAGE.tsv.	yes	yes
SOURCE-236	02-collect/assets/official-site-images/restricted-child-rights/ASSET-233--IMG_2251.jpg	image/jpeg	indirect; Stage 3 asset map supports content-purpose availability but no Stage 4 image selection or route decision			source record			deferred	Photograph or media record remains available to the approved image library; only final selected photographs are published and documented in IMAGE-USAGE.tsv.	yes	yes
SOURCE-237	02-collect/assets/official-site-images/restricted-child-rights/ASSET-234--IMG_3237.jpg	image/jpeg	indirect; Stage 3 asset map supports content-purpose availability but no Stage 4 image selection or route decision			source record			deferred	Photograph or media record remains available to the approved image library; only final selected photographs are published and documented in IMAGE-USAGE.tsv.	yes	yes
SOURCE-238	02-collect/assets/official-site-images/restricted-child-rights/ASSET-235--IMG_4258.jpg	image/jpeg	indirect; Stage 3 asset map supports content-purpose availability but no Stage 4 image selection or route decision			source record			duplicate	Duplicate of 02-collect/assets/official-site-images/restricted-child-rights/ASSET-032--IMG_4258.jpg; represented once through the controlling record.	yes	yes
SOURCE-239	02-collect/assets/official-site-images/restricted-child-rights/ASSET-236--PhotoRoom_20220803_094041.jpg	image/jpeg	indirect; Stage 3 asset map supports content-purpose availability but no Stage 4 image selection or route decision			source record			deferred	Photograph or media record remains available to the approved image library; only final selected photographs are published and documented in IMAGE-USAGE.tsv.	yes	yes
SOURCE-240	02-collect/assets/official-site-images/restricted-child-rights/ASSET-237--IMG_8883.jpg	image/jpeg	indirect; Stage 3 asset map supports content-purpose availability but no Stage 4 image selection or route decision			source record			duplicate	Duplicate of 02-collect/assets/official-site-images/restricted-child-rights/ASSET-139--IMG_8883.jpg; represented once through the controlling record.	yes	yes
SOURCE-241	02-collect/assets/official-site-images/restricted-child-rights/ASSET-238--savingPNG.jpg	image/jpeg	indirect; Stage 3 asset map supports content-purpose availability but no Stage 4 image selection or route decision			source record			deferred	Photograph or media record remains available to the approved image library; only final selected photographs are published and documented in IMAGE-USAGE.tsv.	yes	yes
SOURCE-242	02-collect/assets/official-site-images/restricted-child-rights/ASSET-241--IMG_1998.jpg	image/jpeg	indirect; Stage 3 asset map supports content-purpose availability but no Stage 4 image selection or route decision			source record			deferred	Photograph or media record remains available to the approved image library; only final selected photographs are published and documented in IMAGE-USAGE.tsv.	yes	yes
SOURCE-243	02-collect/assets/official-site-images/restricted-child-rights/ASSET-242--savingPNG.jpg	image/jpeg	indirect; Stage 3 asset map supports content-purpose availability but no Stage 4 image selection or route decision			source record			deferred	Photograph or media record remains available to the approved image library; only final selected photographs are published and documented in IMAGE-USAGE.tsv.	yes	yes
SOURCE-244	02-collect/assets/official-site-images/restricted-child-rights/ASSET-243--D8F9D056-EB2B-4910-8F51-D5FA120F199A.jpg	image/jpeg	indirect; Stage 3 asset map supports content-purpose availability but no Stage 4 image selection or route decision			source record			deferred	Photograph or media record remains available to the approved image library; only final selected photographs are published and documented in IMAGE-USAGE.tsv.	yes	yes
SOURCE-245	02-collect/assets/official-site-images/restricted-child-rights/ASSET-244--PhotoRoom_20240124_114530.jpg	image/jpeg	indirect; Stage 3 asset map supports content-purpose availability but no Stage 4 image selection or route decision			source record			duplicate	Duplicate of 02-collect/assets/official-site-images/restricted-child-rights/ASSET-186--PhotoRoom_20240124_114530.jpg; represented once through the controlling record.	yes	yes
SOURCE-246	02-collect/assets/official-site-images/restricted-child-rights/ASSET-245--IMG_3522.jpg	image/jpeg	indirect; Stage 3 asset map supports content-purpose availability but no Stage 4 image selection or route decision			source record			deferred	Photograph or media record remains available to the approved image library; only final selected photographs are published and documented in IMAGE-USAGE.tsv.	yes	yes
SOURCE-247	02-collect/assets/official-site-images/restricted-child-rights/ASSET-246--IMG_8881.jpg	image/jpeg	indirect; Stage 3 asset map supports content-purpose availability but no Stage 4 image selection or route decision			source record			deferred	Photograph or media record remains available to the approved image library; only final selected photographs are published and documented in IMAGE-USAGE.tsv.	yes	yes
SOURCE-248	02-collect/assets/official-site-images/restricted-child-rights/ASSET-247--collage_export_90DA45D6-2EF8-4A13-AF85-B54AA4A7D85A.jpg	image/jpeg	indirect; Stage 3 asset map supports content-purpose availability but no Stage 4 image selection or route decision			source record			deferred	Photograph or media record remains available to the approved image library; only final selected photographs are published and documented in IMAGE-USAGE.tsv.	yes	yes
SOURCE-249	02-collect/assets/official-site-images/restricted-child-rights/ASSET-250--IMG_2185.jpg	image/jpeg	indirect; Stage 3 asset map supports content-purpose availability but no Stage 4 image selection or route decision			source record			deferred	Photograph or media record remains available to the approved image library; only final selected photographs are published and documented in IMAGE-USAGE.tsv.	yes	yes
SOURCE-250	02-collect/assets/official-site-images/restricted-child-rights/ASSET-251--IMG_7240.jpg	image/jpeg	indirect; Stage 3 asset map supports content-purpose availability but no Stage 4 image selection or route decision			source record			duplicate	Duplicate of 02-collect/assets/official-site-images/restricted-child-rights/ASSET-129--IMG_7240.jpg; represented once through the controlling record.	yes	yes
SOURCE-251	02-collect/assets/official-site-images/restricted-child-rights/ASSET-252--FB2E3C46-D539-467D-822B-5258D1358EED.jpg	image/jpeg	indirect; Stage 3 asset map supports content-purpose availability but no Stage 4 image selection or route decision			source record			deferred	Photograph or media record remains available to the approved image library; only final selected photographs are published and documented in IMAGE-USAGE.tsv.	yes	yes
SOURCE-252	02-collect/assets/official-site-images/restricted-child-rights/ASSET-253--IMG_3859.jpg	image/jpeg	indirect; Stage 3 asset map supports content-purpose availability but no Stage 4 image selection or route decision			source record			deferred	Photograph or media record remains available to the approved image library; only final selected photographs are published and documented in IMAGE-USAGE.tsv.	yes	yes
SOURCE-253	02-collect/assets/official-site-images/restricted-child-rights/ASSET-254--IMG_0683.jpg	image/jpeg	indirect; Stage 3 asset map supports content-purpose availability but no Stage 4 image selection or route decision			source record			deferred	Photograph or media record remains available to the approved image library; only final selected photographs are published and documented in IMAGE-USAGE.tsv.	yes	yes
SOURCE-254	02-collect/assets/official-site-images/restricted-child-rights/ASSET-255--IMG_8056.jpg	image/jpeg	indirect; Stage 3 asset map supports content-purpose availability but no Stage 4 image selection or route decision			source record			deferred	Photograph or media record remains available to the approved image library; only final selected photographs are published and documented in IMAGE-USAGE.tsv.	yes	yes
SOURCE-255	02-collect/assets/official-site-images/restricted-child-rights/ASSET-256--Photoroom_20250127_211517.jpg	image/jpeg	indirect; Stage 3 asset map supports content-purpose availability but no Stage 4 image selection or route decision			source record			deferred	Photograph or media record remains available to the approved image library; only final selected photographs are published and documented in IMAGE-USAGE.tsv.	yes	yes
SOURCE-256	02-collect/assets/official-site-images/restricted-child-rights/ASSET-257--Screen-Shot-2025-06-06-at-12.09.44-PM.png	image/png	indirect; Stage 3 asset map supports content-purpose availability but no Stage 4 image selection or route decision			source record			deferred	Photograph or media record remains available to the approved image library; only final selected photographs are published and documented in IMAGE-USAGE.tsv.	yes	yes
SOURCE-257	02-collect/assets/official-site-images/restricted-child-rights/ASSET-259--FullSizeRender.jpg	image/jpeg	indirect; Stage 3 asset map supports content-purpose availability but no Stage 4 image selection or route decision			source record			duplicate	Duplicate of 02-collect/assets/official-site-images/restricted-child-rights/ASSET-224--FullSizeRender.jpg; represented once through the controlling record.	yes	yes
SOURCE-258	02-collect/assets/official-site-images/restricted-child-rights/ASSET-263--Photoroom_20240604_141150.jpg	image/jpeg	indirect; Stage 3 asset map supports content-purpose availability but no Stage 4 image selection or route decision			source record			deferred	Photograph or media record remains available to the approved image library; only final selected photographs are published and documented in IMAGE-USAGE.tsv.	yes	yes
SOURCE-259	02-collect/assets/official-site-images/restricted-child-rights/ASSET-264--IMG_4401.jpg	image/jpeg	indirect; Stage 3 asset map supports content-purpose availability but no Stage 4 image selection or route decision			source record			deferred	Photograph or media record remains available to the approved image library; only final selected photographs are published and documented in IMAGE-USAGE.tsv.	yes	yes
SOURCE-260	02-collect/assets/official-site-images/restricted-child-rights/ASSET-265--IMG_3890.jpg	image/jpeg	indirect; Stage 3 asset map supports content-purpose availability but no Stage 4 image selection or route decision			source record			deferred	Photograph or media record remains available to the approved image library; only final selected photographs are published and documented in IMAGE-USAGE.tsv.	yes	yes
SOURCE-261	02-collect/assets/official-site-images/restricted-child-rights/ASSET-266--fullsizeoutput_10d8.jpg	image/jpeg	indirect; Stage 3 asset map supports content-purpose availability but no Stage 4 image selection or route decision			source record			duplicate	Duplicate of 02-collect/assets/official-site-images/restricted-child-rights/ASSET-017--fullsizeoutput_10d8.jpg; represented once through the controlling record.	yes	yes
SOURCE-262	02-collect/assets/official-site-images/restricted-child-rights/ASSET-267--119641759_3713752725301412_6149950435623913334_o.jpg	image/jpeg	indirect; Stage 3 asset map supports content-purpose availability but no Stage 4 image selection or route decision			source record			duplicate	Duplicate of 02-collect/assets/official-site-images/restricted-child-rights/ASSET-012--119641759_3713752725301412_6149950435623913334_o.jpg; represented once through the controlling record.	yes	yes
SOURCE-263	02-collect/assets/official-site-images/restricted-child-rights/ASSET-268--IMG_0567.jpg	image/jpeg	indirect; Stage 3 asset map supports content-purpose availability but no Stage 4 image selection or route decision			source record			duplicate	Duplicate of 02-collect/assets/official-site-images/restricted-child-rights/ASSET-015--IMG_0567.jpg; represented once through the controlling record.	yes	yes
SOURCE-264	02-collect/assets/official-site-images/restricted-child-rights/ASSET-269--pasted-image-0.jpg	image/jpeg	indirect; Stage 3 asset map supports content-purpose availability but no Stage 4 image selection or route decision			source record			duplicate	Duplicate of 02-collect/assets/official-site-images/restricted-child-rights/ASSET-019--pasted-image-0.jpg; represented once through the controlling record.	yes	yes
SOURCE-265	02-collect/assets/official-site-images/restricted-child-rights/ASSET-270--478997_624519357558113_1511819515_o.jpg	image/jpeg	indirect; Stage 3 asset map supports content-purpose availability but no Stage 4 image selection or route decision			source record			duplicate	Duplicate of 02-collect/assets/official-site-images/restricted-child-rights/ASSET-020--478997_624519357558113_1511819515_o.jpg; represented once through the controlling record.	yes	yes
SOURCE-266	02-collect/assets/official-site-images/restricted-child-rights/ASSET-271--Facebook-Post-281-29.jpg	image/jpeg	indirect; Stage 3 asset map supports content-purpose availability but no Stage 4 image selection or route decision			source record			duplicate	Duplicate of 02-collect/assets/official-site-images/restricted-child-rights/ASSET-023--Facebook-Post-281-29.jpg; represented once through the controlling record.	yes	yes
SOURCE-267	02-collect/assets/official-site-images/restricted-child-rights/ASSET-272--IMG_4258.jpg	image/jpeg	indirect; Stage 3 asset map supports content-purpose availability but no Stage 4 image selection or route decision			source record			duplicate	Duplicate of 02-collect/assets/official-site-images/restricted-child-rights/ASSET-032--IMG_4258.jpg; represented once through the controlling record.	yes	yes
SOURCE-268	02-collect/assets/official-site-images/restricted-child-rights/ASSET-273--IMG_4818.jpg	image/jpeg	indirect; Stage 3 asset map supports content-purpose availability but no Stage 4 image selection or route decision			source record			duplicate	Duplicate of 02-collect/assets/official-site-images/restricted-child-rights/ASSET-086--IMG_4818.jpg; represented once through the controlling record.	yes	yes
SOURCE-269	02-collect/assets/official-site-images/restricted-child-rights/ASSET-274--IMG_7240.jpg	image/jpeg	indirect; Stage 3 asset map supports content-purpose availability but no Stage 4 image selection or route decision			source record			duplicate	Duplicate of 02-collect/assets/official-site-images/restricted-child-rights/ASSET-129--IMG_7240.jpg; represented once through the controlling record.	yes	yes
SOURCE-270	02-collect/assets/official-site-images/restricted-child-rights/ASSET-275--IMG_8883.jpg	image/jpeg	indirect; Stage 3 asset map supports content-purpose availability but no Stage 4 image selection or route decision			source record			duplicate	Duplicate of 02-collect/assets/official-site-images/restricted-child-rights/ASSET-139--IMG_8883.jpg; represented once through the controlling record.	yes	yes
SOURCE-271	02-collect/assets/official-site-images/restricted-child-rights/ASSET-276--IMG_2361.jpg	image/jpeg	indirect; Stage 3 asset map supports content-purpose availability but no Stage 4 image selection or route decision			source record			duplicate	Duplicate of 02-collect/assets/official-site-images/restricted-child-rights/ASSET-144--IMG_2361.jpg; represented once through the controlling record.	yes	yes
SOURCE-272	02-collect/assets/official-site-images/restricted-child-rights/ASSET-277--FB2E3C46-D539-467D-822B-5258D1358EED.jpg	image/jpeg	indirect; Stage 3 asset map supports content-purpose availability but no Stage 4 image selection or route decision			source record			duplicate	Duplicate of 02-collect/assets/official-site-images/restricted-child-rights/ASSET-252--FB2E3C46-D539-467D-822B-5258D1358EED.jpg; represented once through the controlling record.	yes	yes
SOURCE-273	02-collect/assets/official-site-images/restricted-child-rights/ASSET-278--IMG_4401.jpg	image/jpeg	indirect; Stage 3 asset map supports content-purpose availability but no Stage 4 image selection or route decision			source record			duplicate	Duplicate of 02-collect/assets/official-site-images/restricted-child-rights/ASSET-264--IMG_4401.jpg; represented once through the controlling record.	yes	yes
SOURCE-274	02-collect/assets/official-site-images/restricted-child-rights/ASSET-279--PhotoRoom_20240124_114530.jpg	image/jpeg	indirect; Stage 3 asset map supports content-purpose availability but no Stage 4 image selection or route decision			source record			duplicate	Duplicate of 02-collect/assets/official-site-images/restricted-child-rights/ASSET-186--PhotoRoom_20240124_114530.jpg; represented once through the controlling record.	yes	yes
SOURCE-275	02-collect/assets/official-site-images/restricted-child-rights/ASSET-280--IMG_8757.jpg	image/jpeg	indirect; Stage 3 asset map supports content-purpose availability but no Stage 4 image selection or route decision			source record			duplicate	Duplicate of 02-collect/assets/official-site-images/restricted-child-rights/ASSET-187--IMG_8757.jpg; represented once through the controlling record.	yes	yes
SOURCE-276	02-collect/assets/official-site-images/restricted-child-rights/ASSET-281--FullSizeRender.jpg	image/jpeg	indirect; Stage 3 asset map supports content-purpose availability but no Stage 4 image selection or route decision			source record			duplicate	Duplicate of 02-collect/assets/official-site-images/restricted-child-rights/ASSET-224--FullSizeRender.jpg; represented once through the controlling record.	yes	yes
SOURCE-277	02-collect/assets/official-site-images/restricted-child-rights/ASSET-282--IMG_5668.jpg	image/jpeg	indirect; Stage 3 asset map supports content-purpose availability but no Stage 4 image selection or route decision			source record			duplicate	Duplicate of 02-collect/assets/official-site-images/restricted-child-rights/ASSET-225--IMG_5668.jpg; represented once through the controlling record.	yes	yes
SOURCE-278	02-collect/assets/official-site-images/team-portraits-unverified/ASSET-001--savingPNG.jpg	image/jpeg	indirect; Stage 3 asset map supports content-purpose availability but no Stage 4 image selection or route decision			source record			deferred	Photograph or media record remains available to the approved image library; only final selected photographs are published and documented in IMAGE-USAGE.tsv.	yes	yes
SOURCE-279	02-collect/assets/official-site-images/team-portraits-unverified/ASSET-002--Photoroom_20250904_124726.jpg	image/jpeg	indirect; Stage 3 asset map supports content-purpose availability but no Stage 4 image selection or route decision			source record			deferred	Photograph or media record remains available to the approved image library; only final selected photographs are published and documented in IMAGE-USAGE.tsv.	yes	yes
SOURCE-280	02-collect/assets/official-site-images/team-portraits-unverified/ASSET-011--PhotoRoom_20210304_135239.jpg	image/jpeg	indirect; Stage 3 asset map supports content-purpose availability but no Stage 4 image selection or route decision			source record			deferred	Photograph or media record remains available to the approved image library; only final selected photographs are published and documented in IMAGE-USAGE.tsv.	yes	yes
SOURCE-281	02-collect/assets/official-site-images/team-portraits-unverified/ASSET-239--Photoroom_20250904_125629.jpg	image/jpeg	indirect; Stage 3 asset map supports content-purpose availability but no Stage 4 image selection or route decision			source record			deferred	Photograph or media record remains available to the approved image library; only final selected photographs are published and documented in IMAGE-USAGE.tsv.	yes	yes
SOURCE-282	02-collect/assets/official-site-images/team-portraits-unverified/ASSET-240--Photoroom_20250903_164655.jpg	image/jpeg	indirect; Stage 3 asset map supports content-purpose availability but no Stage 4 image selection or route decision			source record			deferred	Photograph or media record remains available to the approved image library; only final selected photographs are published and documented in IMAGE-USAGE.tsv.	yes	yes
SOURCE-283	02-collect/assets/official-site-images/team-portraits-unverified/ASSET-248--Photoroom_20250903_113934.jpg	image/jpeg	indirect; Stage 3 asset map supports content-purpose availability but no Stage 4 image selection or route decision			source record			deferred	Photograph or media record remains available to the approved image library; only final selected photographs are published and documented in IMAGE-USAGE.tsv.	yes	yes
SOURCE-284	02-collect/assets/official-site-images/team-portraits-unverified/ASSET-258--Trina-Welch.jpg	image/jpeg	indirect; Stage 3 asset map supports content-purpose availability but no Stage 4 image selection or route decision			source record			deferred	Photograph or media record remains available to the approved image library; only final selected photographs are published and documented in IMAGE-USAGE.tsv.	yes	yes
SOURCE-285	02-collect/assets/official-site-images/team-portraits-unverified/ASSET-260--Photoroom_20250903_122734.jpg	image/jpeg	indirect; Stage 3 asset map supports content-purpose availability but no Stage 4 image selection or route decision			source record			deferred	Photograph or media record remains available to the approved image library; only final selected photographs are published and documented in IMAGE-USAGE.tsv.	yes	yes
SOURCE-286	02-collect/assets/official-site-images/team-portraits-unverified/ASSET-261--Photoroom_20250903_124749.jpg	image/jpeg	indirect; Stage 3 asset map supports content-purpose availability but no Stage 4 image selection or route decision			source record			deferred	Photograph or media record remains available to the approved image library; only final selected photographs are published and documented in IMAGE-USAGE.tsv.	yes	yes
SOURCE-287	02-collect/assets/official-site-images/third-party-marks-unverified/ASSET-026--couch.jpg	image/jpeg	indirect; Stage 3 asset map supports content-purpose availability but no Stage 4 image selection or route decision			source record			deferred	Photograph or media record remains available to the approved image library; only final selected photographs are published and documented in IMAGE-USAGE.tsv.	yes	yes
SOURCE-288	02-collect/assets/official-site-images/third-party-marks-unverified/ASSET-027--mv.jpg	image/jpeg	indirect; Stage 3 asset map supports content-purpose availability but no Stage 4 image selection or route decision			source record			deferred	Photograph or media record remains available to the approved image library; only final selected photographs are published and documented in IMAGE-USAGE.tsv.	yes	yes
SOURCE-289	02-collect/assets/official-site-images/third-party-marks-unverified/ASSET-028--mvyouth.jpg	image/jpeg	indirect; Stage 3 asset map supports content-purpose availability but no Stage 4 image selection or route decision			source record			deferred	Photograph or media record remains available to the approved image library; only final selected photographs are published and documented in IMAGE-USAGE.tsv.	yes	yes
SOURCE-290	02-collect/assets/official-site-images/third-party-marks-unverified/ASSET-030--featherstone.jpg	image/jpeg	indirect; Stage 3 asset map supports content-purpose availability but no Stage 4 image selection or route decision			source record			deferred	Photograph or media record remains available to the approved image library; only final selected photographs are published and documented in IMAGE-USAGE.tsv.	yes	yes
SOURCE-291	02-collect/assets/official-site-images/third-party-marks-unverified/ASSET-031--southmountain.jpg	image/jpeg	indirect; Stage 3 asset map supports content-purpose availability but no Stage 4 image selection or route decision			source record			deferred	Photograph or media record remains available to the approved image library; only final selected photographs are published and documented in IMAGE-USAGE.tsv.	yes	yes
SOURCE-292	02-collect/assets/official-site-images/third-party-marks-unverified/ASSET-249--bank.jpg	image/jpeg	indirect; Stage 3 asset map supports content-purpose availability but no Stage 4 image selection or route decision			source record			deferred	Photograph or media record remains available to the approved image library; only final selected photographs are published and documented in IMAGE-USAGE.tsv.	yes	yes
SOURCE-293	02-collect/assets/official-site-images/third-party-marks-unverified/ASSET-262--rotary.jpg	image/jpeg	indirect; Stage 3 asset map supports content-purpose availability but no Stage 4 image selection or route decision			source record			deferred	Photograph or media record remains available to the approved image library; only final selected photographs are published and documented in IMAGE-USAGE.tsv.	yes	yes
SOURCE-294	02-collect/source-data/MANUAL-OBSERVATIONS.md	text/plain	low to medium; source administration, duplicate representation, or supporting context			source record		Evidence and verification	consolidated	Source supports the reconciled site record, coverage ledger, verification, or a broader canonical responsibility without needing its own public page.	yes	yes
SOURCE-295	02-collect/source-data/README.md	text/plain	low to medium; source administration, duplicate representation, or supporting context			source record		Evidence and verification	consolidated	Source supports the reconciled site record, coverage ledger, verification, or a broader canonical responsibility without needing its own public page.	yes	yes
SOURCE-296	02-collect/source-data/archived/root--20250408080624--34bff215.html	text/html	medium; trust, history, place, or conflict context only when traceable and dated			source record		Evidence and verification	consolidated	Source supports the reconciled site record, coverage ledger, verification, or a broader canonical responsibility without needing its own public page.	yes	yes
SOURCE-297	02-collect/source-data/archived/root--20250408080624--34bff215.txt	text/plain	medium; trust, history, place, or conflict context only when traceable and dated			source record		Evidence and verification	consolidated	Source supports the reconciled site record, coverage ledger, verification, or a broader canonical responsibility without needing its own public page.	yes	yes
SOURCE-298	02-collect/source-data/archived/wix-home-20230804011047.html	text/html	medium; trust, history, place, or conflict context only when traceable and dated			source record		Evidence and verification	consolidated	Source supports the reconciled site record, coverage ledger, verification, or a broader canonical responsibility without needing its own public page.	yes	yes
SOURCE-299	02-collect/source-data/external/html/charity-navigator-profile.html	text/html	medium; trust, history, place, or conflict context only when traceable and dated			source record		Evidence and verification	consolidated	Source supports the reconciled site record, coverage ledger, verification, or a broader canonical responsibility without needing its own public page.	yes	yes
SOURCE-300	02-collect/source-data/external/html/charity-navigator-profile.txt	text/plain	medium; trust, history, place, or conflict context only when traceable and dated			source record		Evidence and verification	consolidated	Source supports the reconciled site record, coverage ledger, verification, or a broader canonical responsibility without needing its own public page.	yes	yes
SOURCE-301	02-collect/source-data/external/html/childcarecenter-oak-bluffs.html	text/html	medium; trust, history, place, or conflict context only when traceable and dated			source record		Evidence and verification	consolidated	Source supports the reconciled site record, coverage ledger, verification, or a broader canonical responsibility without needing its own public page.	yes	yes
SOURCE-302	02-collect/source-data/external/html/childcarecenter-oak-bluffs.txt	text/plain	medium; trust, history, place, or conflict context only when traceable and dated			source record		Evidence and verification	consolidated	Source supports the reconciled site record, coverage ledger, verification, or a broader canonical responsibility without needing its own public page.	yes	yes
SOURCE-303	02-collect/source-data/external/html/childcarecenter-vineyard-haven.html	text/html	medium; trust, history, place, or conflict context only when traceable and dated			source record		Evidence and verification	consolidated	Source supports the reconciled site record, coverage ledger, verification, or a broader canonical responsibility without needing its own public page.	yes	yes
SOURCE-304	02-collect/source-data/external/html/childcarecenter-vineyard-haven.txt	text/plain	medium; trust, history, place, or conflict context only when traceable and dated			source record		Evidence and verification	consolidated	Source supports the reconciled site record, coverage ledger, verification, or a broader canonical responsibility without needing its own public page.	yes	yes
SOURCE-305	02-collect/source-data/external/html/couch-foundation-2024-form-990pf-html.html	application/gzip	medium; trust, history, place, or conflict context only when traceable and dated			source record		Evidence and verification	consolidated	Source supports the reconciled site record, coverage ledger, verification, or a broader canonical responsibility without needing its own public page.	yes	yes
SOURCE-306	02-collect/source-data/external/html/couch-foundation-2024-form-990pf-html.txt	application/octet-stream	medium; trust, history, place, or conflict context only when traceable and dated			source record		Evidence and verification	consolidated	Source supports the reconciled site record, coverage ledger, verification, or a broader canonical responsibility without needing its own public page.	yes	yes
SOURCE-307	02-collect/source-data/external/html/couch-foundation.html	text/html	medium; trust, history, place, or conflict context only when traceable and dated			source record		Evidence and verification	consolidated	Source supports the reconciled site record, coverage ledger, verification, or a broader canonical responsibility without needing its own public page.	yes	yes
SOURCE-308	02-collect/source-data/external/html/couch-foundation.txt	text/plain	medium; trust, history, place, or conflict context only when traceable and dated			source record		Evidence and verification	consolidated	Source supports the reconciled site record, coverage ledger, verification, or a broader canonical responsibility without needing its own public page.	yes	yes
SOURCE-309	02-collect/source-data/external/html/featherstone-capital-campaign.html	text/html	medium; trust, history, place, or conflict context only when traceable and dated			source record		Evidence and verification	consolidated	Source supports the reconciled site record, coverage ledger, verification, or a broader canonical responsibility without needing its own public page.	yes	yes
SOURCE-310	02-collect/source-data/external/html/featherstone-capital-campaign.txt	text/plain	medium; trust, history, place, or conflict context only when traceable and dated			source record		Evidence and verification	consolidated	Source supports the reconciled site record, coverage ledger, verification, or a broader canonical responsibility without needing its own public page.	yes	yes
SOURCE-311	02-collect/source-data/external/html/featherstone-news.html	text/html	medium; trust, history, place, or conflict context only when traceable and dated			source record		Evidence and verification	consolidated	Source supports the reconciled site record, coverage ledger, verification, or a broader canonical responsibility without needing its own public page.	yes	yes
SOURCE-312	02-collect/source-data/external/html/featherstone-news.txt	text/plain	medium; trust, history, place, or conflict context only when traceable and dated			source record		Evidence and verification	consolidated	Source supports the reconciled site record, coverage ledger, verification, or a broader canonical responsibility without needing its own public page.	yes	yes
SOURCE-313	02-collect/source-data/external/html/featherstone-previous-shows.html	text/html	medium; trust, history, place, or conflict context only when traceable and dated			source record		Evidence and verification	consolidated	Source supports the reconciled site record, coverage ledger, verification, or a broader canonical responsibility without needing its own public page.	yes	yes
SOURCE-314	02-collect/source-data/external/html/featherstone-previous-shows.txt	text/plain	medium; trust, history, place, or conflict context only when traceable and dated			source record		Evidence and verification	consolidated	Source supports the reconciled site record, coverage ledger, verification, or a broader canonical responsibility without needing its own public page.	yes	yes
SOURCE-315	02-collect/source-data/external/html/featherstone-visit.html	text/html	medium; trust, history, place, or conflict context only when traceable and dated			source record		Evidence and verification	consolidated	Source supports the reconciled site record, coverage ledger, verification, or a broader canonical responsibility without needing its own public page.	yes	yes
SOURCE-316	02-collect/source-data/external/html/featherstone-visit.txt	text/plain	medium; trust, history, place, or conflict context only when traceable and dated			source record		Evidence and verification	consolidated	Source supports the reconciled site record, coverage ledger, verification, or a broader canonical responsibility without needing its own public page.	yes	yes
SOURCE-317	02-collect/source-data/external/html/garden-gate-2024-form-990-html.html	application/gzip	medium; trust, history, place, or conflict context only when traceable and dated			source record		Evidence and verification	consolidated	Source supports the reconciled site record, coverage ledger, verification, or a broader canonical responsibility without needing its own public page.	yes	yes
SOURCE-318	02-collect/source-data/external/html/garden-gate-2024-form-990-html.txt	application/octet-stream	medium; trust, history, place, or conflict context only when traceable and dated			source record			duplicate	Duplicate of 02-collect/source-data/external/html/couch-foundation-2024-form-990pf-html.txt; represented once through the controlling record.	yes	yes
SOURCE-319	02-collect/source-data/external/html/garden-gate-2024-form-990-pdf-access-page.html	text/html	medium; trust, history, place, or conflict context only when traceable and dated			source record		Evidence and verification	consolidated	Source supports the reconciled site record, coverage ledger, verification, or a broader canonical responsibility without needing its own public page.	yes	yes
SOURCE-320	02-collect/source-data/external/html/goodwin-reggio-institute.html	text/html	medium; trust, history, place, or conflict context only when traceable and dated			source record		Evidence and verification	consolidated	Source supports the reconciled site record, coverage ledger, verification, or a broader canonical responsibility without needing its own public page.	yes	yes
SOURCE-321	02-collect/source-data/external/html/goodwin-reggio-institute.txt	text/plain	medium; trust, history, place, or conflict context only when traceable and dated			source record		Evidence and verification	consolidated	Source supports the reconciled site record, coverage ledger, verification, or a broader canonical responsibility without needing its own public page.	yes	yes
SOURCE-322	02-collect/source-data/external/html/legacy-wix-home.html	text/html	medium; trust, history, place, or conflict context only when traceable and dated			source record		Evidence and verification	consolidated	Source supports the reconciled site record, coverage ledger, verification, or a broader canonical responsibility without needing its own public page.	yes	yes
SOURCE-323	02-collect/source-data/external/html/legacy-wix-home.txt	text/plain	medium; trust, history, place, or conflict context only when traceable and dated			source record		Evidence and verification	consolidated	Source supports the reconciled site record, coverage ledger, verification, or a broader canonical responsibility without needing its own public page.	yes	yes
SOURCE-324	02-collect/source-data/external/html/mvbank-contributions-2021.html	text/html	medium; trust, history, place, or conflict context only when traceable and dated			source record		Evidence and verification	consolidated	Source supports the reconciled site record, coverage ledger, verification, or a broader canonical responsibility without needing its own public page.	yes	yes
SOURCE-325	02-collect/source-data/external/html/mvbank-contributions-2021.txt	text/plain	medium; trust, history, place, or conflict context only when traceable and dated			source record		Evidence and verification	consolidated	Source supports the reconciled site record, coverage ledger, verification, or a broader canonical responsibility without needing its own public page.	yes	yes
SOURCE-326	02-collect/source-data/external/html/mvbank-contributions-2022.html	text/html	medium; trust, history, place, or conflict context only when traceable and dated			source record		Evidence and verification	consolidated	Source supports the reconciled site record, coverage ledger, verification, or a broader canonical responsibility without needing its own public page.	yes	yes
SOURCE-327	02-collect/source-data/external/html/mvbank-contributions-2022.txt	text/plain	medium; trust, history, place, or conflict context only when traceable and dated			source record		Evidence and verification	consolidated	Source supports the reconciled site record, coverage ledger, verification, or a broader canonical responsibility without needing its own public page.	yes	yes
SOURCE-328	02-collect/source-data/external/html/mvbank-contributions-2023.html	text/html	medium; trust, history, place, or conflict context only when traceable and dated			source record		Evidence and verification	consolidated	Source supports the reconciled site record, coverage ledger, verification, or a broader canonical responsibility without needing its own public page.	yes	yes
SOURCE-329	02-collect/source-data/external/html/mvbank-contributions-2023.txt	text/plain	medium; trust, history, place, or conflict context only when traceable and dated			source record		Evidence and verification	consolidated	Source supports the reconciled site record, coverage ledger, verification, or a broader canonical responsibility without needing its own public page.	yes	yes
SOURCE-330	02-collect/source-data/external/html/mvcf-community-impact-grants.html	text/html	medium; trust, history, place, or conflict context only when traceable and dated			source record		Evidence and verification	consolidated	Source supports the reconciled site record, coverage ledger, verification, or a broader canonical responsibility without needing its own public page.	yes	yes
SOURCE-331	02-collect/source-data/external/html/mvcf-community-impact-grants.txt	text/plain	medium; trust, history, place, or conflict context only when traceable and dated			source record		Evidence and verification	consolidated	Source supports the reconciled site record, coverage ledger, verification, or a broader canonical responsibility without needing its own public page.	yes	yes
SOURCE-332	02-collect/source-data/external/html/mvcf-emergency-response-grants.html	text/html	medium; trust, history, place, or conflict context only when traceable and dated			source record		Evidence and verification	consolidated	Source supports the reconciled site record, coverage ledger, verification, or a broader canonical responsibility without needing its own public page.	yes	yes
SOURCE-333	02-collect/source-data/external/html/mvcf-emergency-response-grants.txt	text/plain	medium; trust, history, place, or conflict context only when traceable and dated			source record		Evidence and verification	consolidated	Source supports the reconciled site record, coverage ledger, verification, or a broader canonical responsibility without needing its own public page.	yes	yes
SOURCE-334	02-collect/source-data/external/html/mvcs-childcare-directory.html	text/html	medium; trust, history, place, or conflict context only when traceable and dated			source record		Evidence and verification	consolidated	Source supports the reconciled site record, coverage ledger, verification, or a broader canonical responsibility without needing its own public page.	yes	yes
SOURCE-335	02-collect/source-data/external/html/mvcs-childcare-directory.txt	text/plain	medium; trust, history, place, or conflict context only when traceable and dated			source record		Evidence and verification	consolidated	Source supports the reconciled site record, coverage ledger, verification, or a broader canonical responsibility without needing its own public page.	yes	yes
SOURCE-336	02-collect/source-data/external/html/mvtimes-100-languages.html	text/html	medium; trust, history, place, or conflict context only when traceable and dated			source record		Evidence and verification	consolidated	Source supports the reconciled site record, coverage ledger, verification, or a broader canonical responsibility without needing its own public page.	yes	yes
SOURCE-337	02-collect/source-data/external/html/mvtimes-100-languages.txt	text/plain	medium; trust, history, place, or conflict context only when traceable and dated			source record		Evidence and verification	consolidated	Source supports the reconciled site record, coverage ledger, verification, or a broader canonical responsibility without needing its own public page.	yes	yes
SOURCE-338	02-collect/source-data/external/html/mvtimes-childrens-rights-2017.html	text/html	medium; trust, history, place, or conflict context only when traceable and dated			source record		Evidence and verification	consolidated	Source supports the reconciled site record, coverage ledger, verification, or a broader canonical responsibility without needing its own public page.	yes	yes
SOURCE-339	02-collect/source-data/external/html/mvtimes-childrens-rights-2017.txt	text/plain	medium; trust, history, place, or conflict context only when traceable and dated			source record		Evidence and verification	consolidated	Source supports the reconciled site record, coverage ledger, verification, or a broader canonical responsibility without needing its own public page.	yes	yes
SOURCE-340	02-collect/source-data/external/html/mvtimes-community-youth-art-2019.html	text/html	medium; trust, history, place, or conflict context only when traceable and dated			source record		Evidence and verification	consolidated	Source supports the reconciled site record, coverage ledger, verification, or a broader canonical responsibility without needing its own public page.	yes	yes
SOURCE-341	02-collect/source-data/external/html/mvtimes-community-youth-art-2019.txt	text/plain	medium; trust, history, place, or conflict context only when traceable and dated			source record		Evidence and verification	consolidated	Source supports the reconciled site record, coverage ledger, verification, or a broader canonical responsibility without needing its own public page.	yes	yes
SOURCE-342	02-collect/source-data/external/html/mvtimes-educator-retreat-2015.html	text/html	medium; trust, history, place, or conflict context only when traceable and dated			source record		Evidence and verification	consolidated	Source supports the reconciled site record, coverage ledger, verification, or a broader canonical responsibility without needing its own public page.	yes	yes
SOURCE-343	02-collect/source-data/external/html/mvtimes-educator-retreat-2015.txt	text/plain	medium; trust, history, place, or conflict context only when traceable and dated			source record		Evidence and verification	consolidated	Source supports the reconciled site record, coverage ledger, verification, or a broader canonical responsibility without needing its own public page.	yes	yes
SOURCE-344	02-collect/source-data/external/html/mvtimes-featherstone-2026.html	text/html	medium; trust, history, place, or conflict context only when traceable and dated			source record		Evidence and verification	consolidated	Source supports the reconciled site record, coverage ledger, verification, or a broader canonical responsibility without needing its own public page.	yes	yes
SOURCE-345	02-collect/source-data/external/html/mvtimes-featherstone-2026.txt	text/plain	medium; trust, history, place, or conflict context only when traceable and dated			source record		Evidence and verification	consolidated	Source supports the reconciled site record, coverage ledger, verification, or a broader canonical responsibility without needing its own public page.	yes	yes
SOURCE-346	02-collect/source-data/external/html/mvtimes-fire-station-2013.html	text/html	medium; trust, history, place, or conflict context only when traceable and dated			source record		Evidence and verification	consolidated	Source supports the reconciled site record, coverage ledger, verification, or a broader canonical responsibility without needing its own public page.	yes	yes
SOURCE-347	02-collect/source-data/external/html/mvtimes-fire-station-2013.txt	text/plain	medium; trust, history, place, or conflict context only when traceable and dated			source record		Evidence and verification	consolidated	Source supports the reconciled site record, coverage ledger, verification, or a broader canonical responsibility without needing its own public page.	yes	yes
SOURCE-348	02-collect/source-data/external/html/mvtimes-graduation-2012.html	text/html	medium; trust, history, place, or conflict context only when traceable and dated			source record		Evidence and verification	consolidated	Source supports the reconciled site record, coverage ledger, verification, or a broader canonical responsibility without needing its own public page.	yes	yes
SOURCE-349	02-collect/source-data/external/html/mvtimes-graduation-2012.txt	text/plain	medium; trust, history, place, or conflict context only when traceable and dated			source record		Evidence and verification	consolidated	Source supports the reconciled site record, coverage ledger, verification, or a broader canonical responsibility without needing its own public page.	yes	yes
SOURCE-350	02-collect/source-data/external/html/mvtimes-new-place-to-explore.html	text/html	medium; trust, history, place, or conflict context only when traceable and dated			source record		Evidence and verification	consolidated	Source supports the reconciled site record, coverage ledger, verification, or a broader canonical responsibility without needing its own public page.	yes	yes
SOURCE-351	02-collect/source-data/external/html/mvtimes-new-place-to-explore.txt	text/plain	medium; trust, history, place, or conflict context only when traceable and dated			source record		Evidence and verification	consolidated	Source supports the reconciled site record, coverage ledger, verification, or a broader canonical responsibility without needing its own public page.	yes	yes
SOURCE-352	02-collect/source-data/external/html/mvtimes-permanent-home.html	text/html	medium; trust, history, place, or conflict context only when traceable and dated			source record		Evidence and verification	consolidated	Source supports the reconciled site record, coverage ledger, verification, or a broader canonical responsibility without needing its own public page.	yes	yes
SOURCE-353	02-collect/source-data/external/html/mvtimes-permanent-home.txt	text/plain	medium; trust, history, place, or conflict context only when traceable and dated			source record		Evidence and verification	consolidated	Source supports the reconciled site record, coverage ledger, verification, or a broader canonical responsibility without needing its own public page.	yes	yes
SOURCE-354	02-collect/source-data/external/html/mvtimes-summer-camps-2012.html	text/html	medium; trust, history, place, or conflict context only when traceable and dated			source record		Evidence and verification	consolidated	Source supports the reconciled site record, coverage ledger, verification, or a broader canonical responsibility without needing its own public page.	yes	yes
SOURCE-355	02-collect/source-data/external/html/mvtimes-summer-camps-2012.txt	text/plain	medium; trust, history, place, or conflict context only when traceable and dated			source record		Evidence and verification	consolidated	Source supports the reconciled site record, coverage ledger, verification, or a broader canonical responsibility without needing its own public page.	yes	yes
SOURCE-356	02-collect/source-data/external/html/mvtimes-summer-camps-2015.html	text/html	medium; trust, history, place, or conflict context only when traceable and dated			source record		Evidence and verification	consolidated	Source supports the reconciled site record, coverage ledger, verification, or a broader canonical responsibility without needing its own public page.	yes	yes
SOURCE-357	02-collect/source-data/external/html/mvtimes-summer-camps-2015.txt	text/plain	medium; trust, history, place, or conflict context only when traceable and dated			source record		Evidence and verification	consolidated	Source supports the reconciled site record, coverage ledger, verification, or a broader canonical responsibility without needing its own public page.	yes	yes
SOURCE-358	02-collect/source-data/external/html/mvtimes-treehouse-2014.html	text/html	medium; trust, history, place, or conflict context only when traceable and dated			source record		Evidence and verification	consolidated	Source supports the reconciled site record, coverage ledger, verification, or a broader canonical responsibility without needing its own public page.	yes	yes
SOURCE-359	02-collect/source-data/external/html/mvtimes-treehouse-2014.txt	text/plain	medium; trust, history, place, or conflict context only when traceable and dated			source record		Evidence and verification	consolidated	Source supports the reconciled site record, coverage ledger, verification, or a broader canonical responsibility without needing its own public page.	yes	yes
SOURCE-360	02-collect/source-data/external/html/propublica-nonprofit-profile.html	text/html	medium; trust, history, place, or conflict context only when traceable and dated			source record		Evidence and verification	consolidated	Source supports the reconciled site record, coverage ledger, verification, or a broader canonical responsibility without needing its own public page.	yes	yes
SOURCE-361	02-collect/source-data/external/html/propublica-nonprofit-profile.txt	text/plain	medium; trust, history, place, or conflict context only when traceable and dated			source record		Evidence and verification	consolidated	Source supports the reconciled site record, coverage ledger, verification, or a broader canonical responsibility without needing its own public page.	yes	yes
SOURCE-362	02-collect/source-data/external/html/vineyard-gazette-save-ece-2020.html	text/html	medium; trust, history, place, or conflict context only when traceable and dated			source record		Evidence and verification	consolidated	Source supports the reconciled site record, coverage ledger, verification, or a broader canonical responsibility without needing its own public page.	yes	yes
SOURCE-363	02-collect/source-data/external/html/vineyard-gazette-save-ece-2020.txt	text/plain	medium; trust, history, place, or conflict context only when traceable and dated			source record		Evidence and verification	consolidated	Source supports the reconciled site record, coverage ledger, verification, or a broader canonical responsibility without needing its own public page.	yes	yes
SOURCE-364	02-collect/source-data/external/nonprofit-filings/2024-form-990-full.html	text/html	medium; trust, history, place, or conflict context only when traceable and dated			source record		Evidence and verification	consolidated	Source supports the reconciled site record, coverage ledger, verification, or a broader canonical responsibility without needing its own public page.	yes	yes
SOURCE-365	02-collect/source-data/external/nonprofit-filings/2024-form-990-xml-access-blocked.html	text/html	medium; trust, history, place, or conflict context only when traceable and dated			source record		Evidence and verification	consolidated	Source supports the reconciled site record, coverage ledger, verification, or a broader canonical responsibility without needing its own public page.	yes	yes
SOURCE-366	02-collect/source-data/external/nonprofit-filings/couch-foundation-2024-form-990pf-xml-not-found.xml	text/xml	medium; trust, history, place, or conflict context only when traceable and dated			source record		Evidence and verification	consolidated	Source supports the reconciled site record, coverage ledger, verification, or a broader canonical responsibility without needing its own public page.	yes	yes
SOURCE-367	02-collect/source-data/external/pdf-text/garden-gate-2024-form-990.txt	text/plain	medium; trust, history, place, or conflict context only when traceable and dated			source record		Evidence and verification	consolidated	Source supports the reconciled site record, coverage ledger, verification, or a broader canonical responsibility without needing its own public page.	yes	yes
SOURCE-368	02-collect/source-data/external/pdf-text/massdevelopment-cff-2023.txt	text/plain	medium; trust, history, place, or conflict context only when traceable and dated			source record		Evidence and verification	consolidated	Source supports the reconciled site record, coverage ledger, verification, or a broader canonical responsibility without needing its own public page.	yes	yes
SOURCE-369	02-collect/source-data/external/pdf-text/mvbank-giving-report-2021.txt	text/plain	medium; trust, history, place, or conflict context only when traceable and dated			source record		Evidence and verification	consolidated	Source supports the reconciled site record, coverage ledger, verification, or a broader canonical responsibility without needing its own public page.	yes	yes
SOURCE-370	02-collect/source-data/external/pdf-text/mvcs-family-resource-guide-2018.txt	text/plain	medium; trust, history, place, or conflict context only when traceable and dated			source record		Evidence and verification	consolidated	Source supports the reconciled site record, coverage ledger, verification, or a broader canonical responsibility without needing its own public page.	yes	yes
SOURCE-371	02-collect/source-data/external/pdfs/garden-gate-2024-form-990.pdf	application/pdf	medium; trust, history, place, or conflict context only when traceable and dated			source record		Evidence and verification	consolidated	Source supports the reconciled site record, coverage ledger, verification, or a broader canonical responsibility without needing its own public page.	yes	yes
SOURCE-372	02-collect/source-data/external/pdfs/massdevelopment-cff-2023.pdf	application/pdf	medium; trust, history, place, or conflict context only when traceable and dated			source record		Evidence and verification	consolidated	Source supports the reconciled site record, coverage ledger, verification, or a broader canonical responsibility without needing its own public page.	yes	yes
SOURCE-373	02-collect/source-data/external/pdfs/mvbank-giving-report-2021.pdf	application/pdf	medium; trust, history, place, or conflict context only when traceable and dated			source record		Evidence and verification	consolidated	Source supports the reconciled site record, coverage ledger, verification, or a broader canonical responsibility without needing its own public page.	yes	yes
SOURCE-374	02-collect/source-data/external/pdfs/mvcs-family-resource-guide-2018.pdf	application/pdf	medium; trust, history, place, or conflict context only when traceable and dated			source record		Evidence and verification	consolidated	Source supports the reconciled site record, coverage ledger, verification, or a broader canonical responsibility without needing its own public page.	yes	yes
SOURCE-375	02-collect/source-data/link-status.tsv	text/plain	high; directly controls source boundary, page responsibilities, routes, documents, forms, or cross-file verification			source record		Evidence and verification	consolidated	Source supports the reconciled site record, coverage ledger, verification, or a broader canonical responsibility without needing its own public page.	yes	yes
SOURCE-376	02-collect/source-data/pdf-inventory.tsv	text/plain	high; directly controls source boundary, page responsibilities, routes, documents, forms, or cross-file verification			source record		Evidence and verification	consolidated	Source supports the reconciled site record, coverage ledger, verification, or a broader canonical responsibility without needing its own public page.	yes	yes
SOURCE-377	02-collect/source-data/pdf-text/2-Newsletter-April-3-2026--1b2374bd.txt	text/plain	medium; document meaning and date inform News, Enrollment, Programs, or Portuguese handling			source record	/news	Dated newsletter resources	resource-file	Retained as a clearly dated document resource; its contents are not converted into evergreen claims.	yes	yes
SOURCE-378	02-collect/source-data/pdf-text/2025-Enrollment-Application-1--3cd8c8c6.txt	text/plain	medium; document meaning and date inform News, Enrollment, Programs, or Portuguese handling			source record		Evidence and verification	consolidated	Source supports the reconciled site record, coverage ledger, verification, or a broader canonical responsibility without needing its own public page.	yes	yes
SOURCE-379	02-collect/source-data/pdf-text/Copy-of-Newsletter-August-12-2026--c324fe11.txt	text/plain	medium; document meaning and date inform News, Enrollment, Programs, or Portuguese handling			source record	/news	Dated newsletter resources	resource-file	Retained as a clearly dated document resource; its contents are not converted into evergreen claims.	yes	yes
SOURCE-380	02-collect/source-data/pdf-text/Newsletter-April-10-2026--20c51349.txt	text/plain	medium; document meaning and date inform News, Enrollment, Programs, or Portuguese handling			source record	/news	Dated newsletter resources	resource-file	Retained as a clearly dated document resource; its contents are not converted into evergreen claims.	yes	yes
SOURCE-381	02-collect/source-data/pdf-text/Newsletter-August-12-2026--4addf26e.txt	text/plain	medium; document meaning and date inform News, Enrollment, Programs, or Portuguese handling			source record	/news	Dated newsletter resources	resource-file	Retained as a clearly dated document resource; its contents are not converted into evergreen claims.	yes	yes
SOURCE-382	02-collect/source-data/pdf-text/Newsletter-August-5-2026--06b22423.txt	text/plain	medium; document meaning and date inform News, Enrollment, Programs, or Portuguese handling			source record	/news	Dated newsletter resources	resource-file	Retained as a clearly dated document resource; its contents are not converted into evergreen claims.	yes	yes
SOURCE-383	02-collect/source-data/pdf-text/Newsletter-December-12-2025--7149d671.txt	text/plain	medium; document meaning and date inform News, Enrollment, Programs, or Portuguese handling			source record	/news	Dated newsletter resources	resource-file	Retained as a clearly dated document resource; its contents are not converted into evergreen claims.	yes	yes
SOURCE-384	02-collect/source-data/pdf-text/Newsletter-December-5-2025--914a895f.txt	text/plain	medium; document meaning and date inform News, Enrollment, Programs, or Portuguese handling			source record	/news	Dated newsletter resources	resource-file	Retained as a clearly dated document resource; its contents are not converted into evergreen claims.	yes	yes
SOURCE-385	02-collect/source-data/pdf-text/Newsletter-February-13-2026--bbccbaea.txt	text/plain	medium; document meaning and date inform News, Enrollment, Programs, or Portuguese handling			source record	/news	Dated newsletter resources	resource-file	Retained as a clearly dated document resource; its contents are not converted into evergreen claims.	yes	yes
SOURCE-386	02-collect/source-data/pdf-text/Newsletter-February-6-2026--084e1a8d.txt	text/plain	medium; document meaning and date inform News, Enrollment, Programs, or Portuguese handling			source record	/news	Dated newsletter resources	resource-file	Retained as a clearly dated document resource; its contents are not converted into evergreen claims.	yes	yes
SOURCE-387	02-collect/source-data/pdf-text/Newsletter-January-16-2026--4ade4827.txt	text/plain	medium; document meaning and date inform News, Enrollment, Programs, or Portuguese handling			source record	/news	Dated newsletter resources	resource-file	Retained as a clearly dated document resource; its contents are not converted into evergreen claims.	yes	yes
SOURCE-388	02-collect/source-data/pdf-text/Newsletter-January-23-2026--38487e36.txt	text/plain	medium; document meaning and date inform News, Enrollment, Programs, or Portuguese handling			source record	/news	Dated newsletter resources	resource-file	Retained as a clearly dated document resource; its contents are not converted into evergreen claims.	yes	yes
SOURCE-389	02-collect/source-data/pdf-text/Newsletter-January-30-2026--66e4848b.txt	text/plain	medium; document meaning and date inform News, Enrollment, Programs, or Portuguese handling			source record	/news	Dated newsletter resources	resource-file	Retained as a clearly dated document resource; its contents are not converted into evergreen claims.	yes	yes
SOURCE-390	02-collect/source-data/pdf-text/Newsletter-January-9-2026--67d63f1f.txt	text/plain	medium; document meaning and date inform News, Enrollment, Programs, or Portuguese handling			source record	/news	Dated newsletter resources	resource-file	Retained as a clearly dated document resource; its contents are not converted into evergreen claims.	yes	yes
SOURCE-391	02-collect/source-data/pdf-text/Newsletter-July-15-2026--63bfc9ed.txt	text/plain	medium; document meaning and date inform News, Enrollment, Programs, or Portuguese handling			source record	/news	Dated newsletter resources	resource-file	Retained as a clearly dated document resource; its contents are not converted into evergreen claims.	yes	yes
SOURCE-392	02-collect/source-data/pdf-text/Newsletter-July-22-2026--0ebb475c.txt	text/plain	medium; document meaning and date inform News, Enrollment, Programs, or Portuguese handling			source record	/news	Dated newsletter resources	resource-file	Retained as a clearly dated document resource; its contents are not converted into evergreen claims.	yes	yes
SOURCE-393	02-collect/source-data/pdf-text/Newsletter-July-29-2026-knf9--ef7b1f04.txt	text/plain	medium; document meaning and date inform News, Enrollment, Programs, or Portuguese handling			source record	/news	Dated newsletter resources	resource-file	Retained as a clearly dated document resource; its contents are not converted into evergreen claims.	yes	yes
SOURCE-394	02-collect/source-data/pdf-text/Newsletter-July-8-2026--44be9989.txt	text/plain	medium; document meaning and date inform News, Enrollment, Programs, or Portuguese handling			source record	/news	Dated newsletter resources	resource-file	Retained as a clearly dated document resource; its contents are not converted into evergreen claims.	yes	yes
SOURCE-395	02-collect/source-data/pdf-text/Newsletter-June-12-2026--af8d5eb9.txt	text/plain	medium; document meaning and date inform News, Enrollment, Programs, or Portuguese handling			source record	/news	Dated newsletter resources	resource-file	Retained as a clearly dated document resource; its contents are not converted into evergreen claims.	yes	yes
SOURCE-396	02-collect/source-data/pdf-text/Newsletter-June-5-2026--52a5fd5f.txt	text/plain	medium; document meaning and date inform News, Enrollment, Programs, or Portuguese handling			source record	/news	Dated newsletter resources	resource-file	Retained as a clearly dated document resource; its contents are not converted into evergreen claims.	yes	yes
SOURCE-397	02-collect/source-data/pdf-text/Newsletter-March-13-2026--1d8cda11.txt	text/plain	medium; document meaning and date inform News, Enrollment, Programs, or Portuguese handling			source record	/news	Dated newsletter resources	resource-file	Retained as a clearly dated document resource; its contents are not converted into evergreen claims.	yes	yes
SOURCE-398	02-collect/source-data/pdf-text/Newsletter-March-20-2026--e1bd1dd1.txt	text/plain	medium; document meaning and date inform News, Enrollment, Programs, or Portuguese handling			source record	/news	Dated newsletter resources	resource-file	Retained as a clearly dated document resource; its contents are not converted into evergreen claims.	yes	yes
SOURCE-399	02-collect/source-data/pdf-text/Newsletter-March-27-2026--99cca02b.txt	text/plain	medium; document meaning and date inform News, Enrollment, Programs, or Portuguese handling			source record	/news	Dated newsletter resources	resource-file	Retained as a clearly dated document resource; its contents are not converted into evergreen claims.	yes	yes
SOURCE-400	02-collect/source-data/pdf-text/Newsletter-March-6-2026--3a997f8e.txt	text/plain	medium; document meaning and date inform News, Enrollment, Programs, or Portuguese handling			source record	/news	Dated newsletter resources	resource-file	Retained as a clearly dated document resource; its contents are not converted into evergreen claims.	yes	yes
SOURCE-401	02-collect/source-data/pdf-text/Newsletter-May-1-2026--df410ab2.txt	text/plain	medium; document meaning and date inform News, Enrollment, Programs, or Portuguese handling			source record	/news	Dated newsletter resources	resource-file	Retained as a clearly dated document resource; its contents are not converted into evergreen claims.	yes	yes
SOURCE-402	02-collect/source-data/pdf-text/Newsletter-May-15-2026--adc82779.txt	text/plain	medium; document meaning and date inform News, Enrollment, Programs, or Portuguese handling			source record	/news	Dated newsletter resources	resource-file	Retained as a clearly dated document resource; its contents are not converted into evergreen claims.	yes	yes
SOURCE-403	02-collect/source-data/pdf-text/Newsletter-May-22-2026--1df144e2.txt	text/plain	medium; document meaning and date inform News, Enrollment, Programs, or Portuguese handling			source record	/news	Dated newsletter resources	resource-file	Retained as a clearly dated document resource; its contents are not converted into evergreen claims.	yes	yes
SOURCE-404	02-collect/source-data/pdf-text/Newsletter-May-29-2026--50003baf.txt	text/plain	medium; document meaning and date inform News, Enrollment, Programs, or Portuguese handling			source record	/news	Dated newsletter resources	resource-file	Retained as a clearly dated document resource; its contents are not converted into evergreen claims.	yes	yes
SOURCE-405	02-collect/source-data/pdf-text/Newsletter-May-8-2026--55807b9d.txt	text/plain	medium; document meaning and date inform News, Enrollment, Programs, or Portuguese handling			source record	/news	Dated newsletter resources	resource-file	Retained as a clearly dated document resource; its contents are not converted into evergreen claims.	yes	yes
SOURCE-406	02-collect/source-data/pdf-text/Newsletter-November-14-2025--c4f16d91.txt	text/plain	medium; document meaning and date inform News, Enrollment, Programs, or Portuguese handling			source record	/news	Dated newsletter resources	resource-file	Retained as a clearly dated document resource; its contents are not converted into evergreen claims.	yes	yes
SOURCE-407	02-collect/source-data/pdf-text/Newsletter-November-21-2025-9y2b--65de3227.txt	text/plain	medium; document meaning and date inform News, Enrollment, Programs, or Portuguese handling			source record	/news	Dated newsletter resources	resource-file	Retained as a clearly dated document resource; its contents are not converted into evergreen claims.	yes	yes
SOURCE-408	02-collect/source-data/pdf-text/Newsletter-November-7-2025--ae7d5041.txt	text/plain	medium; document meaning and date inform News, Enrollment, Programs, or Portuguese handling			source record	/news	Dated newsletter resources	resource-file	Retained as a clearly dated document resource; its contents are not converted into evergreen claims.	yes	yes
SOURCE-409	02-collect/source-data/pdf-text/Newsletter-October-10-2025-yzty--572002a9.txt	text/plain	medium; document meaning and date inform News, Enrollment, Programs, or Portuguese handling			source record	/news	Dated newsletter resources	resource-file	Retained as a clearly dated document resource; its contents are not converted into evergreen claims.	yes	yes
SOURCE-410	02-collect/source-data/pdf-text/Newsletter-October-17-2025--09fe4018.txt	text/plain	medium; document meaning and date inform News, Enrollment, Programs, or Portuguese handling			source record	/news	Dated newsletter resources	resource-file	Retained as a clearly dated document resource; its contents are not converted into evergreen claims.	yes	yes
SOURCE-411	02-collect/source-data/pdf-text/Newsletter-October-24-2025-bf59--e5000bac.txt	text/plain	medium; document meaning and date inform News, Enrollment, Programs, or Portuguese handling			source record	/news	Dated newsletter resources	resource-file	Retained as a clearly dated document resource; its contents are not converted into evergreen claims.	yes	yes
SOURCE-412	02-collect/source-data/pdf-text/Newsletter-October-3-2025--612571a4.txt	text/plain	medium; document meaning and date inform News, Enrollment, Programs, or Portuguese handling			source record	/news	Dated newsletter resources	resource-file	Retained as a clearly dated document resource; its contents are not converted into evergreen claims.	yes	yes
SOURCE-413	02-collect/source-data/pdf-text/Newsletter-October-31-2025-1--0487389c.txt	text/plain	medium; document meaning and date inform News, Enrollment, Programs, or Portuguese handling			source record	/news	Dated newsletter resources	resource-file	Retained as a clearly dated document resource; its contents are not converted into evergreen claims.	yes	yes
SOURCE-414	02-collect/source-data/pdf-text/Newsletter-September-12-2025--2de0faf9.txt	text/plain	medium; document meaning and date inform News, Enrollment, Programs, or Portuguese handling			source record	/news	Dated newsletter resources	resource-file	Retained as a clearly dated document resource; its contents are not converted into evergreen claims.	yes	yes
SOURCE-415	02-collect/source-data/pdf-text/Newsletter-September-5-2025--eac84f86.txt	text/plain	medium; document meaning and date inform News, Enrollment, Programs, or Portuguese handling			source record	/news	Dated newsletter resources	resource-file	Retained as a clearly dated document resource; its contents are not converted into evergreen claims.	yes	yes
SOURCE-416	02-collect/source-data/pdf-text/Silver_Lining_Stories_for_Newsletter--cacaf5f2.txt	text/plain	medium; document meaning and date inform News, Enrollment, Programs, or Portuguese handling			source record	/news	Dated newsletter resources	resource-file	Retained as a clearly dated document resource; its contents are not converted into evergreen claims.	yes	yes
SOURCE-417	02-collect/source-data/pdf-text/Translated-copy-of-Community-of-Belonging--4724dfa7.txt	text/plain	medium; document meaning and date inform News, Enrollment, Programs, or Portuguese handling			source record			deferred	Portuguese source retained in evidence but the public language destination is intentionally inactive pending currentness, translation, accessibility, ownership, and service review.	yes	yes
SOURCE-418	02-collect/source-data/pdf-text/Translated-copy-of-Enrollment--0fdd4e68.txt	text/plain	medium; document meaning and date inform News, Enrollment, Programs, or Portuguese handling			source record			deferred	Portuguese source retained in evidence but the public language destination is intentionally inactive pending currentness, translation, accessibility, ownership, and service review.	yes	yes
SOURCE-419	02-collect/source-data/pdf-text/Translated-copy-of-Kindergarten-QA--1bc9195b.txt	text/plain	medium; document meaning and date inform News, Enrollment, Programs, or Portuguese handling			source record			deferred	Portuguese source retained in evidence but the public language destination is intentionally inactive pending currentness, translation, accessibility, ownership, and service review.	yes	yes
SOURCE-420	02-collect/source-data/pdf-text/Translated20copy20of20Our20MissionC2A028129--cfb9c358.txt	text/plain	medium; document meaning and date inform News, Enrollment, Programs, or Portuguese handling			source record			deferred	Portuguese source retained in evidence but the public language destination is intentionally inactive pending currentness, translation, accessibility, ownership, and service review.	yes	yes
SOURCE-421	02-collect/source-data/pdf-text/Translated20copy20of20Our20Studio20Classrooms--dc559c91.txt	text/plain	medium; document meaning and date inform News, Enrollment, Programs, or Portuguese handling			source record			deferred	Portuguese source retained in evidence but the public language destination is intentionally inactive pending currentness, translation, accessibility, ownership, and service review.	yes	yes
SOURCE-422	02-collect/source-data/pdf-text/Translated2Bcopy2Bof2B2BOur2BStory2B--f6bac4f2.txt	text/plain	medium; document meaning and date inform News, Enrollment, Programs, or Portuguese handling			source record			deferred	Portuguese source retained in evidence but the public language destination is intentionally inactive pending currentness, translation, accessibility, ownership, and service review.	yes	yes
SOURCE-423	02-collect/source-data/pdfs/2-Newsletter-April-3-2026--1b2374bd.pdf	application/pdf	medium; public document transition controlled by paired extract and PDF inventory			source record	/news	Dated newsletter resources	resource-file	Retained as a clearly dated document resource; its contents are not converted into evergreen claims.	yes	yes
SOURCE-424	02-collect/source-data/pdfs/2025-Enrollment-Application-1--3cd8c8c6.pdf	application/pdf	medium; public document transition controlled by paired extract and PDF inventory			source record		Evidence and verification	consolidated	Source supports the reconciled site record, coverage ledger, verification, or a broader canonical responsibility without needing its own public page.	yes	yes
SOURCE-425	02-collect/source-data/pdfs/Copy-of-Newsletter-August-12-2026--c324fe11.pdf	application/pdf	medium; public document transition controlled by paired extract and PDF inventory			source record	/news	Dated newsletter resources	resource-file	Retained as a clearly dated document resource; its contents are not converted into evergreen claims.	yes	yes
SOURCE-426	02-collect/source-data/pdfs/Newsletter-April-10-2026--20c51349.pdf	application/pdf	medium; public document transition controlled by paired extract and PDF inventory			source record	/news	Dated newsletter resources	resource-file	Retained as a clearly dated document resource; its contents are not converted into evergreen claims.	yes	yes
SOURCE-427	02-collect/source-data/pdfs/Newsletter-August-12-2026--4addf26e.pdf	application/pdf	medium; public document transition controlled by paired extract and PDF inventory			source record	/news	Dated newsletter resources	resource-file	Retained as a clearly dated document resource; its contents are not converted into evergreen claims.	yes	yes
SOURCE-428	02-collect/source-data/pdfs/Newsletter-August-5-2026--06b22423.pdf	application/pdf	medium; public document transition controlled by paired extract and PDF inventory			source record	/news	Dated newsletter resources	resource-file	Retained as a clearly dated document resource; its contents are not converted into evergreen claims.	yes	yes
SOURCE-429	02-collect/source-data/pdfs/Newsletter-December-12-2025--7149d671.pdf	application/pdf	medium; public document transition controlled by paired extract and PDF inventory			source record	/news	Dated newsletter resources	resource-file	Retained as a clearly dated document resource; its contents are not converted into evergreen claims.	yes	yes
SOURCE-430	02-collect/source-data/pdfs/Newsletter-December-5-2025--914a895f.pdf	application/pdf	medium; public document transition controlled by paired extract and PDF inventory			source record	/news	Dated newsletter resources	resource-file	Retained as a clearly dated document resource; its contents are not converted into evergreen claims.	yes	yes
SOURCE-431	02-collect/source-data/pdfs/Newsletter-February-13-2026--bbccbaea.pdf	application/pdf	medium; public document transition controlled by paired extract and PDF inventory			source record	/news	Dated newsletter resources	resource-file	Retained as a clearly dated document resource; its contents are not converted into evergreen claims.	yes	yes
SOURCE-432	02-collect/source-data/pdfs/Newsletter-February-6-2026--084e1a8d.pdf	application/pdf	medium; public document transition controlled by paired extract and PDF inventory			source record	/news	Dated newsletter resources	resource-file	Retained as a clearly dated document resource; its contents are not converted into evergreen claims.	yes	yes
SOURCE-433	02-collect/source-data/pdfs/Newsletter-January-16-2026--4ade4827.pdf	application/pdf	medium; public document transition controlled by paired extract and PDF inventory			source record	/news	Dated newsletter resources	resource-file	Retained as a clearly dated document resource; its contents are not converted into evergreen claims.	yes	yes
SOURCE-434	02-collect/source-data/pdfs/Newsletter-January-23-2026--38487e36.pdf	application/pdf	medium; public document transition controlled by paired extract and PDF inventory			source record	/news	Dated newsletter resources	resource-file	Retained as a clearly dated document resource; its contents are not converted into evergreen claims.	yes	yes
SOURCE-435	02-collect/source-data/pdfs/Newsletter-January-30-2026--66e4848b.pdf	application/pdf	medium; public document transition controlled by paired extract and PDF inventory			source record	/news	Dated newsletter resources	resource-file	Retained as a clearly dated document resource; its contents are not converted into evergreen claims.	yes	yes
SOURCE-436	02-collect/source-data/pdfs/Newsletter-January-9-2026--67d63f1f.pdf	application/pdf	medium; public document transition controlled by paired extract and PDF inventory			source record	/news	Dated newsletter resources	resource-file	Retained as a clearly dated document resource; its contents are not converted into evergreen claims.	yes	yes
SOURCE-437	02-collect/source-data/pdfs/Newsletter-July-15-2026--63bfc9ed.pdf	application/pdf	medium; public document transition controlled by paired extract and PDF inventory			source record	/news	Dated newsletter resources	resource-file	Retained as a clearly dated document resource; its contents are not converted into evergreen claims.	yes	yes
SOURCE-438	02-collect/source-data/pdfs/Newsletter-July-22-2026--0ebb475c.pdf	application/pdf	medium; public document transition controlled by paired extract and PDF inventory			source record	/news	Dated newsletter resources	resource-file	Retained as a clearly dated document resource; its contents are not converted into evergreen claims.	yes	yes
SOURCE-439	02-collect/source-data/pdfs/Newsletter-July-29-2026-knf9--ef7b1f04.pdf	application/pdf	medium; public document transition controlled by paired extract and PDF inventory			source record	/news	Dated newsletter resources	resource-file	Retained as a clearly dated document resource; its contents are not converted into evergreen claims.	yes	yes
SOURCE-440	02-collect/source-data/pdfs/Newsletter-July-8-2026--44be9989.pdf	application/pdf	medium; public document transition controlled by paired extract and PDF inventory			source record	/news	Dated newsletter resources	resource-file	Retained as a clearly dated document resource; its contents are not converted into evergreen claims.	yes	yes
SOURCE-441	02-collect/source-data/pdfs/Newsletter-June-12-2026--af8d5eb9.pdf	application/pdf	medium; public document transition controlled by paired extract and PDF inventory			source record	/news	Dated newsletter resources	resource-file	Retained as a clearly dated document resource; its contents are not converted into evergreen claims.	yes	yes
SOURCE-442	02-collect/source-data/pdfs/Newsletter-June-5-2026--52a5fd5f.pdf	application/pdf	medium; public document transition controlled by paired extract and PDF inventory			source record	/news	Dated newsletter resources	resource-file	Retained as a clearly dated document resource; its contents are not converted into evergreen claims.	yes	yes
SOURCE-443	02-collect/source-data/pdfs/Newsletter-March-13-2026--1d8cda11.pdf	application/pdf	medium; public document transition controlled by paired extract and PDF inventory			source record	/news	Dated newsletter resources	resource-file	Retained as a clearly dated document resource; its contents are not converted into evergreen claims.	yes	yes
SOURCE-444	02-collect/source-data/pdfs/Newsletter-March-20-2026--e1bd1dd1.pdf	application/pdf	medium; public document transition controlled by paired extract and PDF inventory			source record	/news	Dated newsletter resources	resource-file	Retained as a clearly dated document resource; its contents are not converted into evergreen claims.	yes	yes
SOURCE-445	02-collect/source-data/pdfs/Newsletter-March-27-2026--99cca02b.pdf	application/pdf	medium; public document transition controlled by paired extract and PDF inventory			source record	/news	Dated newsletter resources	resource-file	Retained as a clearly dated document resource; its contents are not converted into evergreen claims.	yes	yes
SOURCE-446	02-collect/source-data/pdfs/Newsletter-March-6-2026--3a997f8e.pdf	application/pdf	medium; public document transition controlled by paired extract and PDF inventory			source record	/news	Dated newsletter resources	resource-file	Retained as a clearly dated document resource; its contents are not converted into evergreen claims.	yes	yes
SOURCE-447	02-collect/source-data/pdfs/Newsletter-May-1-2026--df410ab2.pdf	application/pdf	medium; public document transition controlled by paired extract and PDF inventory			source record	/news	Dated newsletter resources	resource-file	Retained as a clearly dated document resource; its contents are not converted into evergreen claims.	yes	yes
SOURCE-448	02-collect/source-data/pdfs/Newsletter-May-15-2026--adc82779.pdf	application/pdf	medium; public document transition controlled by paired extract and PDF inventory			source record	/news	Dated newsletter resources	resource-file	Retained as a clearly dated document resource; its contents are not converted into evergreen claims.	yes	yes
SOURCE-449	02-collect/source-data/pdfs/Newsletter-May-22-2026--1df144e2.pdf	application/pdf	medium; public document transition controlled by paired extract and PDF inventory			source record	/news	Dated newsletter resources	resource-file	Retained as a clearly dated document resource; its contents are not converted into evergreen claims.	yes	yes
SOURCE-450	02-collect/source-data/pdfs/Newsletter-May-29-2026--50003baf.pdf	application/pdf	medium; public document transition controlled by paired extract and PDF inventory			source record	/news	Dated newsletter resources	resource-file	Retained as a clearly dated document resource; its contents are not converted into evergreen claims.	yes	yes
SOURCE-451	02-collect/source-data/pdfs/Newsletter-May-8-2026--55807b9d.pdf	application/pdf	medium; public document transition controlled by paired extract and PDF inventory			source record	/news	Dated newsletter resources	resource-file	Retained as a clearly dated document resource; its contents are not converted into evergreen claims.	yes	yes
SOURCE-452	02-collect/source-data/pdfs/Newsletter-November-14-2025--c4f16d91.pdf	application/pdf	medium; public document transition controlled by paired extract and PDF inventory			source record	/news	Dated newsletter resources	resource-file	Retained as a clearly dated document resource; its contents are not converted into evergreen claims.	yes	yes
SOURCE-453	02-collect/source-data/pdfs/Newsletter-November-21-2025-9y2b--65de3227.pdf	application/pdf	medium; public document transition controlled by paired extract and PDF inventory			source record	/news	Dated newsletter resources	resource-file	Retained as a clearly dated document resource; its contents are not converted into evergreen claims.	yes	yes
SOURCE-454	02-collect/source-data/pdfs/Newsletter-November-7-2025--ae7d5041.pdf	application/pdf	medium; public document transition controlled by paired extract and PDF inventory			source record	/news	Dated newsletter resources	resource-file	Retained as a clearly dated document resource; its contents are not converted into evergreen claims.	yes	yes
SOURCE-455	02-collect/source-data/pdfs/Newsletter-October-10-2025-yzty--572002a9.pdf	application/pdf	medium; public document transition controlled by paired extract and PDF inventory			source record	/news	Dated newsletter resources	resource-file	Retained as a clearly dated document resource; its contents are not converted into evergreen claims.	yes	yes
SOURCE-456	02-collect/source-data/pdfs/Newsletter-October-17-2025--09fe4018.pdf	application/pdf	medium; public document transition controlled by paired extract and PDF inventory			source record	/news	Dated newsletter resources	resource-file	Retained as a clearly dated document resource; its contents are not converted into evergreen claims.	yes	yes
SOURCE-457	02-collect/source-data/pdfs/Newsletter-October-24-2025-bf59--e5000bac.pdf	application/pdf	medium; public document transition controlled by paired extract and PDF inventory			source record	/news	Dated newsletter resources	resource-file	Retained as a clearly dated document resource; its contents are not converted into evergreen claims.	yes	yes
SOURCE-458	02-collect/source-data/pdfs/Newsletter-October-3-2025--612571a4.pdf	application/pdf	medium; public document transition controlled by paired extract and PDF inventory			source record	/news	Dated newsletter resources	resource-file	Retained as a clearly dated document resource; its contents are not converted into evergreen claims.	yes	yes
SOURCE-459	02-collect/source-data/pdfs/Newsletter-October-31-2025-1--0487389c.pdf	application/pdf	medium; public document transition controlled by paired extract and PDF inventory			source record	/news	Dated newsletter resources	resource-file	Retained as a clearly dated document resource; its contents are not converted into evergreen claims.	yes	yes
SOURCE-460	02-collect/source-data/pdfs/Newsletter-September-12-2025--2de0faf9.pdf	application/pdf	medium; public document transition controlled by paired extract and PDF inventory			source record	/news	Dated newsletter resources	resource-file	Retained as a clearly dated document resource; its contents are not converted into evergreen claims.	yes	yes
SOURCE-461	02-collect/source-data/pdfs/Newsletter-September-5-2025--eac84f86.pdf	application/pdf	medium; public document transition controlled by paired extract and PDF inventory			source record	/news	Dated newsletter resources	resource-file	Retained as a clearly dated document resource; its contents are not converted into evergreen claims.	yes	yes
SOURCE-462	02-collect/source-data/pdfs/Silver_Lining_Stories_for_Newsletter--cacaf5f2.pdf	application/pdf	medium; public document transition controlled by paired extract and PDF inventory			source record	/news	Dated newsletter resources	resource-file	Retained as a clearly dated document resource; its contents are not converted into evergreen claims.	yes	yes
SOURCE-463	02-collect/source-data/pdfs/Translated-copy-of-Community-of-Belonging--4724dfa7.pdf	application/pdf	medium; public document transition controlled by paired extract and PDF inventory			source record			deferred	Portuguese source retained in evidence but the public language destination is intentionally inactive pending currentness, translation, accessibility, ownership, and service review.	yes	yes
SOURCE-464	02-collect/source-data/pdfs/Translated-copy-of-Enrollment--0fdd4e68.pdf	application/pdf	medium; public document transition controlled by paired extract and PDF inventory			source record			deferred	Portuguese source retained in evidence but the public language destination is intentionally inactive pending currentness, translation, accessibility, ownership, and service review.	yes	yes
SOURCE-465	02-collect/source-data/pdfs/Translated-copy-of-Kindergarten-QA--1bc9195b.pdf	application/pdf	medium; public document transition controlled by paired extract and PDF inventory			source record			deferred	Portuguese source retained in evidence but the public language destination is intentionally inactive pending currentness, translation, accessibility, ownership, and service review.	yes	yes
SOURCE-466	02-collect/source-data/pdfs/Translated20copy20of20Our20MissionC2A028129--cfb9c358.pdf	application/pdf	medium; public document transition controlled by paired extract and PDF inventory			source record			deferred	Portuguese source retained in evidence but the public language destination is intentionally inactive pending currentness, translation, accessibility, ownership, and service review.	yes	yes
SOURCE-467	02-collect/source-data/pdfs/Translated20copy20of20Our20Studio20Classrooms--dc559c91.pdf	application/pdf	medium; public document transition controlled by paired extract and PDF inventory			source record			deferred	Portuguese source retained in evidence but the public language destination is intentionally inactive pending currentness, translation, accessibility, ownership, and service review.	yes	yes
SOURCE-468	02-collect/source-data/pdfs/Translated2Bcopy2Bof2B2BOur2BStory2B--f6bac4f2.pdf	application/pdf	medium; public document transition controlled by paired extract and PDF inventory			source record			deferred	Portuguese source retained in evidence but the public language destination is intentionally inactive pending currentness, translation, accessibility, ownership, and service review.	yes	yes
SOURCE-469	02-collect/source-data/raw/asset-original-probes.json	application/json	medium to high; machine-readable validation of routes, forms, links, assets, and collection counts			source record		Evidence and verification	consolidated	Source supports the reconciled site record, coverage ledger, verification, or a broader canonical responsibility without needing its own public page.	yes	yes
SOURCE-470	02-collect/source-data/raw/asset-probes.json	application/json	medium to high; machine-readable validation of routes, forms, links, assets, and collection counts			source record		Evidence and verification	consolidated	Source supports the reconciled site record, coverage ledger, verification, or a broader canonical responsibility without needing its own public page.	yes	yes
SOURCE-471	02-collect/source-data/raw/assets.json	application/json	medium to high; machine-readable validation of routes, forms, links, assets, and collection counts			source record		Evidence and verification	consolidated	Source supports the reconciled site record, coverage ledger, verification, or a broader canonical responsibility without needing its own public page.	yes	yes
SOURCE-472	02-collect/source-data/raw/crawl-summary.json	application/json	medium to high; machine-readable validation of routes, forms, links, assets, and collection counts			source record		Evidence and verification	consolidated	Source supports the reconciled site record, coverage ledger, verification, or a broader canonical responsibility without needing its own public page.	yes	yes
SOURCE-473	02-collect/source-data/raw/external-sources.json	application/json	medium to high; machine-readable validation of routes, forms, links, assets, and collection counts			source record		Evidence and verification	consolidated	Source supports the reconciled site record, coverage ledger, verification, or a broader canonical responsibility without needing its own public page.	yes	yes
SOURCE-474	02-collect/source-data/raw/fetch-log.json	application/json	high; directly controls source boundary, page responsibilities, routes, documents, forms, or cross-file verification			source record		Evidence and verification	consolidated	Source supports the reconciled site record, coverage ledger, verification, or a broader canonical responsibility without needing its own public page.	yes	yes
SOURCE-475	02-collect/source-data/raw/final-validation.json	application/json	medium to high; machine-readable validation of routes, forms, links, assets, and collection counts			source record		Evidence and verification	consolidated	Source supports the reconciled site record, coverage ledger, verification, or a broader canonical responsibility without needing its own public page.	yes	yes
SOURCE-476	02-collect/source-data/raw/form-schema.json	application/json	high; directly controls source boundary, page responsibilities, routes, documents, forms, or cross-file verification			source record		Evidence and verification	consolidated	Source supports the reconciled site record, coverage ledger, verification, or a broader canonical responsibility without needing its own public page.	yes	yes
SOURCE-477	02-collect/source-data/raw/link-checks.json	application/json	medium to high; machine-readable validation of routes, forms, links, assets, and collection counts			source record		Evidence and verification	consolidated	Source supports the reconciled site record, coverage ledger, verification, or a broader canonical responsibility without needing its own public page.	yes	yes
SOURCE-478	02-collect/source-data/raw/links.json	application/json	medium to high; machine-readable validation of routes, forms, links, assets, and collection counts			source record		Evidence and verification	consolidated	Source supports the reconciled site record, coverage ledger, verification, or a broader canonical responsibility without needing its own public page.	yes	yes
SOURCE-479	02-collect/source-data/raw/official-image-downloads.json	application/json	medium to high; machine-readable validation of routes, forms, links, assets, and collection counts			source record		Evidence and verification	consolidated	Source supports the reconciled site record, coverage ledger, verification, or a broader canonical responsibility without needing its own public page.	yes	yes
SOURCE-480	02-collect/source-data/raw/official-image-file-validation.json	application/json	medium to high; machine-readable validation of routes, forms, links, assets, and collection counts			source record		Evidence and verification	consolidated	Source supports the reconciled site record, coverage ledger, verification, or a broader canonical responsibility without needing its own public page.	yes	yes
SOURCE-481	02-collect/source-data/raw/pages.json	application/json	high; directly controls source boundary, page responsibilities, routes, documents, forms, or cross-file verification			source record		Evidence and verification	consolidated	Source supports the reconciled site record, coverage ledger, verification, or a broader canonical responsibility without needing its own public page.	yes	yes
SOURCE-482	02-collect/source-data/raw/pdf-downloads.json	application/json	medium to high; machine-readable validation of routes, forms, links, assets, and collection counts			source record		Evidence and verification	consolidated	Source supports the reconciled site record, coverage ledger, verification, or a broader canonical responsibility without needing its own public page.	yes	yes
SOURCE-483	02-collect/source-data/raw/sitemap-records.json	application/json	high; directly controls source boundary, page responsibilities, routes, documents, forms, or cross-file verification			source record		Evidence and verification	consolidated	Source supports the reconciled site record, coverage ledger, verification, or a broader canonical responsibility without needing its own public page.	yes	yes
SOURCE-484	02-collect/source-data/raw/wayback-page-inventory.json	application/json	medium to high; machine-readable validation of routes, forms, links, assets, and collection counts			source record		Evidence and verification	consolidated	Source supports the reconciled site record, coverage ledger, verification, or a broader canonical responsibility without needing its own public page.	yes	yes
SOURCE-485	02-collect/source-data/raw/wayback-wix-available.json	application/json	medium to high; machine-readable validation of routes, forms, links, assets, and collection counts			source record		Evidence and verification	consolidated	Source supports the reconciled site record, coverage ledger, verification, or a broader canonical responsibility without needing its own public page.	yes	yes
SOURCE-486	02-collect/source-data/robots.txt	text/plain	low to medium; source administration, duplicate representation, or supporting context			source record		Evidence and verification	consolidated	Source supports the reconciled site record, coverage ledger, verification, or a broader canonical responsibility without needing its own public page.	yes	yes
SOURCE-487	02-collect/source-data/site-html/about-us--70c6ed48.html	text/html	medium; paired text controls copy meaning while HTML controls canonical, link, metadata, and form context			source record		Evidence and verification	consolidated	Source supports the reconciled site record, coverage ledger, verification, or a broader canonical responsibility without needing its own public page.	yes	yes
SOURCE-488	02-collect/source-data/site-html/articles-newsletters--57076117.html	text/html	medium; paired text controls copy meaning while HTML controls canonical, link, metadata, and form context			source record		Evidence and verification	consolidated	Source supports the reconciled site record, coverage ledger, verification, or a broader canonical responsibility without needing its own public page.	yes	yes
SOURCE-489	02-collect/source-data/site-html/articles-newsletters--blog-post-one-39wtm--a95cfc52.html	text/html	medium; paired text controls copy meaning while HTML controls canonical, link, metadata, and form context			source record		Dated News or Resource record	archive-record	Preserved through the repeatable date-aware News/Resource record type.	yes	yes
SOURCE-490	02-collect/source-data/site-html/articles-newsletters--building-community-through-play-establishing-belonging--28b81f2b.html	text/html	medium; paired text controls copy meaning while HTML controls canonical, link, metadata, and form context			source record		Dated News or Resource record	archive-record	Preserved through the repeatable date-aware News/Resource record type.	yes	yes
SOURCE-491	02-collect/source-data/site-html/articles-newsletters--december-2023--dc0c4e6c.html	text/html	medium; paired text controls copy meaning while HTML controls canonical, link, metadata, and form context			source record		Dated News or Resource record	archive-record	Preserved through the repeatable date-aware News/Resource record type.	yes	yes
SOURCE-492	02-collect/source-data/site-html/articles-newsletters--march-2024-newsletter--cc3c0afd.html	text/html	medium; paired text controls copy meaning while HTML controls canonical, link, metadata, and form context			source record		Dated News or Resource record	archive-record	Preserved through the repeatable date-aware News/Resource record type.	yes	yes
SOURCE-493	02-collect/source-data/site-html/articles-newsletters--new-combined-kindergartenpreschool-program-at-garden-gate--52959ee4.html	text/html	medium; paired text controls copy meaning while HTML controls canonical, link, metadata, and form context			source record		Dated News or Resource record	archive-record	Preserved through the repeatable date-aware News/Resource record type.	yes	yes
SOURCE-494	02-collect/source-data/site-html/articles-newsletters--november-2023-newsletter-g3swg--28338882.html	text/html	medium; paired text controls copy meaning while HTML controls canonical, link, metadata, and form context			source record		Dated News or Resource record	archive-record	Preserved through the repeatable date-aware News/Resource record type.	yes	yes
SOURCE-495	02-collect/source-data/site-html/articles-newsletters--october-2023-newsletter--a0d6fa24.html	text/html	medium; paired text controls copy meaning while HTML controls canonical, link, metadata, and form context			source record		Dated News or Resource record	archive-record	Preserved through the repeatable date-aware News/Resource record type.	yes	yes
SOURCE-496	02-collect/source-data/site-html/articles-newsletters--oid0tejm6tuo4hriyq50mybfkk4z4b--72d148bd.html	text/html	medium; paired text controls copy meaning while HTML controls canonical, link, metadata, and form context			source record		Dated News or Resource record	archive-record	Preserved through the repeatable date-aware News/Resource record type.	yes	yes
SOURCE-497	02-collect/source-data/site-html/articles-newsletters--september-2023-newsletter--6b6675cd.html	text/html	medium; paired text controls copy meaning while HTML controls canonical, link, metadata, and form context			source record		Dated News or Resource record	archive-record	Preserved through the repeatable date-aware News/Resource record type.	yes	yes
SOURCE-498	02-collect/source-data/site-html/articles-newsletters--silver-lining-story--3e87b1f6.html	text/html	medium; paired text controls copy meaning while HTML controls canonical, link, metadata, and form context			source record		Dated News or Resource record	archive-record	Preserved through the repeatable date-aware News/Resource record type.	yes	yes
SOURCE-499	02-collect/source-data/site-html/articles-newsletters--supporting-an-inclusive-and-equitable-school-community--b00d8885.html	text/html	medium; paired text controls copy meaning while HTML controls canonical, link, metadata, and form context			source record		Dated News or Resource record	archive-record	Preserved through the repeatable date-aware News/Resource record type.	yes	yes
SOURCE-500	02-collect/source-data/site-html/articles-newsletters--taking-care-of-the-caregivers--17c28f6e.html	text/html	medium; paired text controls copy meaning while HTML controls canonical, link, metadata, and form context			source record		Dated News or Resource record	archive-record	Preserved through the repeatable date-aware News/Resource record type.	yes	yes
SOURCE-501	02-collect/source-data/site-html/articles-newsletters--the-nerdling--5ac94376.html	text/html	medium; paired text controls copy meaning while HTML controls canonical, link, metadata, and form context			source record		Dated News or Resource record	archive-record	Preserved through the repeatable date-aware News/Resource record type.	yes	yes
SOURCE-502	02-collect/source-data/site-html/articles-newsletters--year-end-report-2020--702a33c8.html	text/html	medium; paired text controls copy meaning while HTML controls canonical, link, metadata, and form context			source record		Dated News or Resource record	archive-record	Preserved through the repeatable date-aware News/Resource record type.	yes	yes
SOURCE-503	02-collect/source-data/site-html/articles-newsletters--year-end-report-2021--44e62b2b.html	text/html	medium; paired text controls copy meaning while HTML controls canonical, link, metadata, and form context			source record		Dated News or Resource record	archive-record	Preserved through the repeatable date-aware News/Resource record type.	yes	yes
SOURCE-504	02-collect/source-data/site-html/articles-newsletters--year-end-report-2022--f9701cd2.html	text/html	medium; paired text controls copy meaning while HTML controls canonical, link, metadata, and form context			source record		Dated News or Resource record	archive-record	Preserved through the repeatable date-aware News/Resource record type.	yes	yes
SOURCE-505	02-collect/source-data/site-html/babycow--ed5ac122.html	text/html	medium; paired text controls copy meaning while HTML controls canonical, link, metadata, and form context			source record		Evidence and verification	consolidated	Source supports the reconciled site record, coverage ledger, verification, or a broader canonical responsibility without needing its own public page.	yes	yes
SOURCE-506	02-collect/source-data/site-html/belonging--9483ca2c.html	text/html	medium; paired text controls copy meaning while HTML controls canonical, link, metadata, and form context			source record		Evidence and verification	consolidated	Source supports the reconciled site record, coverage ledger, verification, or a broader canonical responsibility without needing its own public page.	yes	yes
SOURCE-507	02-collect/source-data/site-html/cart--f4b89dcd.html	text/html	medium; paired text controls copy meaning while HTML controls canonical, link, metadata, and form context			source record		Evidence and verification	consolidated	Source supports the reconciled site record, coverage ledger, verification, or a broader canonical responsibility without needing its own public page.	yes	yes
SOURCE-508	02-collect/source-data/site-html/donate--52452f46.html	text/html	medium; paired text controls copy meaning while HTML controls canonical, link, metadata, and form context			source record		Evidence and verification	consolidated	Source supports the reconciled site record, coverage ledger, verification, or a broader canonical responsibility without needing its own public page.	yes	yes
SOURCE-509	02-collect/source-data/site-html/em-portugues--95973a54.html	text/html	medium; paired text controls copy meaning while HTML controls canonical, link, metadata, and form context			source record			deferred	Portuguese source retained in evidence but the public language destination is intentionally inactive pending currentness, translation, accessibility, ownership, and service review.	yes	yes
SOURCE-510	02-collect/source-data/site-html/employment-opportunities--45ef9e11.html	text/html	medium; paired text controls copy meaning while HTML controls canonical, link, metadata, and form context			source record		Evidence and verification	consolidated	Source supports the reconciled site record, coverage ledger, verification, or a broader canonical responsibility without needing its own public page.	yes	yes
SOURCE-511	02-collect/source-data/site-html/enrollment-application--5c279b88.html	text/html	medium; paired text controls copy meaning while HTML controls canonical, link, metadata, and form context			source record		Evidence and verification	consolidated	Source supports the reconciled site record, coverage ledger, verification, or a broader canonical responsibility without needing its own public page.	yes	yes
SOURCE-512	02-collect/source-data/site-html/for-educators--432f0173.html	text/html	medium; paired text controls copy meaning while HTML controls canonical, link, metadata, and form context			source record		Evidence and verification	consolidated	Source supports the reconciled site record, coverage ledger, verification, or a broader canonical responsibility without needing its own public page.	yes	yes
SOURCE-513	02-collect/source-data/site-html/garden-gate-at-featherstone--8365f3d6.html	text/html	medium; paired text controls copy meaning while HTML controls canonical, link, metadata, and form context			source record		Evidence and verification	consolidated	Source supports the reconciled site record, coverage ledger, verification, or a broader canonical responsibility without needing its own public page.	yes	yes
SOURCE-514	02-collect/source-data/site-html/home--8b92c69b.html	text/html	medium; paired text controls copy meaning while HTML controls canonical, link, metadata, and form context			source record		Evidence and verification	consolidated	Source supports the reconciled site record, coverage ledger, verification, or a broader canonical responsibility without needing its own public page.	yes	yes
SOURCE-515	02-collect/source-data/site-html/kindergarten--534f5e8e.html	text/html	medium; paired text controls copy meaning while HTML controls canonical, link, metadata, and form context			source record		Evidence and verification	consolidated	Source supports the reconciled site record, coverage ledger, verification, or a broader canonical responsibility without needing its own public page.	yes	yes
SOURCE-516	02-collect/source-data/site-html/newsletters-press--53e1ba87.html	text/html	medium; paired text controls copy meaning while HTML controls canonical, link, metadata, and form context			source record		Evidence and verification	consolidated	Source supports the reconciled site record, coverage ledger, verification, or a broader canonical responsibility without needing its own public page.	yes	yes
SOURCE-517	02-collect/source-data/site-html/newsletters2025--08a0dd00.html	text/html	medium; paired text controls copy meaning while HTML controls canonical, link, metadata, and form context			source record			duplicate	Duplicate of 02-collect/source-data/site-html/newsletters-press--53e1ba87.html; represented once through the controlling record.	yes	yes
SOURCE-518	02-collect/source-data/site-html/our-approach--e7eaef97.html	text/html	medium; paired text controls copy meaning while HTML controls canonical, link, metadata, and form context			source record		Evidence and verification	consolidated	Source supports the reconciled site record, coverage ledger, verification, or a broader canonical responsibility without needing its own public page.	yes	yes
SOURCE-519	02-collect/source-data/site-html/our-mission--43c2d968.html	text/html	medium; paired text controls copy meaning while HTML controls canonical, link, metadata, and form context			source record		Evidence and verification	consolidated	Source supports the reconciled site record, coverage ledger, verification, or a broader canonical responsibility without needing its own public page.	yes	yes
SOURCE-520	02-collect/source-data/site-html/our-programs--4e812e3b.html	text/html	medium; paired text controls copy meaning while HTML controls canonical, link, metadata, and form context			source record		Evidence and verification	consolidated	Source supports the reconciled site record, coverage ledger, verification, or a broader canonical responsibility without needing its own public page.	yes	yes
SOURCE-521	02-collect/source-data/site-html/our-story--4d4c3ab7.html	text/html	medium; paired text controls copy meaning while HTML controls canonical, link, metadata, and form context			source record		Evidence and verification	consolidated	Source supports the reconciled site record, coverage ledger, verification, or a broader canonical responsibility without needing its own public page.	yes	yes
SOURCE-522	02-collect/source-data/site-html/our-team--0da52a36.html	text/html	medium; paired text controls copy meaning while HTML controls canonical, link, metadata, and form context			source record			duplicate	Duplicate of 02-collect/source-data/site-html/about-us--70c6ed48.html; represented once through the controlling record.	yes	yes
SOURCE-523	02-collect/source-data/site-html/ouroutdoorclassrooms--945f7582.html	text/html	medium; paired text controls copy meaning while HTML controls canonical, link, metadata, and form context			source record		Evidence and verification	consolidated	Source supports the reconciled site record, coverage ledger, verification, or a broader canonical responsibility without needing its own public page.	yes	yes
SOURCE-524	02-collect/source-data/site-html/press--bf7a766b.html	text/html	medium; paired text controls copy meaning while HTML controls canonical, link, metadata, and form context			source record		Evidence and verification	consolidated	Source supports the reconciled site record, coverage ledger, verification, or a broader canonical responsibility without needing its own public page.	yes	yes
SOURCE-525	02-collect/source-data/site-html/professional-development--3df64ae7.html	text/html	medium; paired text controls copy meaning while HTML controls canonical, link, metadata, and form context			source record			duplicate	Duplicate of 02-collect/source-data/site-html/for-educators--432f0173.html; represented once through the controlling record.	yes	yes
SOURCE-526	02-collect/source-data/site-html/questions--40e47008.html	text/html	medium; paired text controls copy meaning while HTML controls canonical, link, metadata, and form context			source record		Evidence and verification	consolidated	Source supports the reconciled site record, coverage ledger, verification, or a broader canonical responsibility without needing its own public page.	yes	yes
SOURCE-527	02-collect/source-data/site-html/root--34bff215.html	text/html	medium; paired text controls copy meaning while HTML controls canonical, link, metadata, and form context			source record		Evidence and verification	consolidated	Source supports the reconciled site record, coverage ledger, verification, or a broader canonical responsibility without needing its own public page.	yes	yes
SOURCE-528	02-collect/source-data/site-html/studio-classrooms--c0a1ee92.html	text/html	medium; paired text controls copy meaning while HTML controls canonical, link, metadata, and form context			source record			duplicate	Duplicate of 02-collect/source-data/site-html/our-programs--4e812e3b.html; represented once through the controlling record.	yes	yes
SOURCE-529	02-collect/source-data/site-html/summer-at-gardengate--0ac8e0d0.html	text/html	medium; paired text controls copy meaning while HTML controls canonical, link, metadata, and form context			source record		Evidence and verification	consolidated	Source supports the reconciled site record, coverage ledger, verification, or a broader canonical responsibility without needing its own public page.	yes	yes
SOURCE-530	02-collect/source-data/site-text/about-us--70c6ed48.txt	text/plain	high for the represented route; current page responsibility or dated record checked through Stage 3 and Stage 4			source record	/about	Evergreen page evidence	consolidated	Source-grounded information is represented on its locked canonical route with evidence-era qualifiers.	yes	yes
SOURCE-531	02-collect/source-data/site-text/articles-newsletters--57076117.txt	text/plain	high for the represented route; current page responsibility or dated record checked through Stage 3 and Stage 4			source record	/news	News & Resources evidence	consolidated	Source-grounded information is represented on its locked canonical route with evidence-era qualifiers.	yes	yes
SOURCE-532	02-collect/source-data/site-text/articles-newsletters--blog-post-one-39wtm--a95cfc52.txt	text/plain	high for the represented route; current page responsibility or dated record checked through Stage 3 and Stage 4			source record	/news/professional-development-2018	Dated News or Resource record	archive-record	Preserved through the repeatable date-aware News/Resource record type.	yes	yes
SOURCE-533	02-collect/source-data/site-text/articles-newsletters--building-community-through-play-establishing-belonging--28b81f2b.txt	text/plain	high for the represented route; current page responsibility or dated record checked through Stage 3 and Stage 4			source record	/news/building-community-through-play-establishing-belonging	Dated News or Resource record	archive-record	Preserved through the repeatable date-aware News/Resource record type.	yes	yes
SOURCE-534	02-collect/source-data/site-text/articles-newsletters--december-2023--dc0c4e6c.txt	text/plain	high for the represented route; current page responsibility or dated record checked through Stage 3 and Stage 4			source record	/news/december-2023	Dated News or Resource record	archive-record	Preserved through the repeatable date-aware News/Resource record type.	yes	yes
SOURCE-535	02-collect/source-data/site-text/articles-newsletters--march-2024-newsletter--cc3c0afd.txt	text/plain	high for the represented route; current page responsibility or dated record checked through Stage 3 and Stage 4			source record	/news/march-2024-newsletter	Dated News or Resource record	archive-record	Preserved through the repeatable date-aware News/Resource record type.	yes	yes
SOURCE-536	02-collect/source-data/site-text/articles-newsletters--new-combined-kindergartenpreschool-program-at-garden-gate--52959ee4.txt	text/plain	high for the represented route; current page responsibility or dated record checked through Stage 3 and Stage 4			source record	/news/new-combined-kindergartenpreschool-program-at-garden-gate	Dated News or Resource record	archive-record	Preserved through the repeatable date-aware News/Resource record type.	yes	yes
SOURCE-537	02-collect/source-data/site-text/articles-newsletters--november-2023-newsletter-g3swg--28338882.txt	text/plain	high for the represented route; current page responsibility or dated record checked through Stage 3 and Stage 4			source record	/news/november-2023-newsletter-g3swg	Dated News or Resource record	archive-record	Preserved through the repeatable date-aware News/Resource record type.	yes	yes
SOURCE-538	02-collect/source-data/site-text/articles-newsletters--october-2023-newsletter--a0d6fa24.txt	text/plain	high for the represented route; current page responsibility or dated record checked through Stage 3 and Stage 4			source record	/news/october-2023-newsletter	Dated News or Resource record	archive-record	Preserved through the repeatable date-aware News/Resource record type.	yes	yes
SOURCE-539	02-collect/source-data/site-text/articles-newsletters--oid0tejm6tuo4hriyq50mybfkk4z4b--72d148bd.txt	text/plain	high for the represented route; current page responsibility or dated record checked through Stage 3 and Stage 4			source record	/news/the-essential-elements	Dated News or Resource record	archive-record	Preserved through the repeatable date-aware News/Resource record type.	yes	yes
SOURCE-540	02-collect/source-data/site-text/articles-newsletters--september-2023-newsletter--6b6675cd.txt	text/plain	high for the represented route; current page responsibility or dated record checked through Stage 3 and Stage 4			source record	/news/september-2023-newsletter	Dated News or Resource record	archive-record	Preserved through the repeatable date-aware News/Resource record type.	yes	yes
SOURCE-541	02-collect/source-data/site-text/articles-newsletters--silver-lining-story--3e87b1f6.txt	text/plain	high for the represented route; current page responsibility or dated record checked through Stage 3 and Stage 4			source record	/news/silver-lining-story	Dated News or Resource record	archive-record	Preserved through the repeatable date-aware News/Resource record type.	yes	yes
SOURCE-542	02-collect/source-data/site-text/articles-newsletters--supporting-an-inclusive-and-equitable-school-community--b00d8885.txt	text/plain	high for the represented route; current page responsibility or dated record checked through Stage 3 and Stage 4			source record	/news/supporting-an-inclusive-and-equitable-school-community	Dated News or Resource record	archive-record	Preserved through the repeatable date-aware News/Resource record type.	yes	yes
SOURCE-543	02-collect/source-data/site-text/articles-newsletters--taking-care-of-the-caregivers--17c28f6e.txt	text/plain	high for the represented route; current page responsibility or dated record checked through Stage 3 and Stage 4			source record	/news/taking-care-of-the-caregivers	Dated News or Resource record	archive-record	Preserved through the repeatable date-aware News/Resource record type.	yes	yes
SOURCE-544	02-collect/source-data/site-text/articles-newsletters--the-nerdling--5ac94376.txt	text/plain	high for the represented route; current page responsibility or dated record checked through Stage 3 and Stage 4			source record	/news/the-nerdling	Dated News or Resource record	archive-record	Preserved through the repeatable date-aware News/Resource record type.	yes	yes
SOURCE-545	02-collect/source-data/site-text/articles-newsletters--year-end-report-2020--702a33c8.txt	text/plain	high for the represented route; current page responsibility or dated record checked through Stage 3 and Stage 4			source record	/news/year-end-report-2020	Dated News or Resource record	archive-record	Preserved through the repeatable date-aware News/Resource record type.	yes	yes
SOURCE-546	02-collect/source-data/site-text/articles-newsletters--year-end-report-2021--44e62b2b.txt	text/plain	high for the represented route; current page responsibility or dated record checked through Stage 3 and Stage 4			source record	/news/year-end-report-2021	Dated News or Resource record	archive-record	Preserved through the repeatable date-aware News/Resource record type.	yes	yes
SOURCE-547	02-collect/source-data/site-text/articles-newsletters--year-end-report-2022--f9701cd2.txt	text/plain	high for the represented route; current page responsibility or dated record checked through Stage 3 and Stage 4			source record	/news/year-end-report-2022	Dated News or Resource record	archive-record	Preserved through the repeatable date-aware News/Resource record type.	yes	yes
SOURCE-548	02-collect/source-data/site-text/babycow--ed5ac122.txt	text/plain	high for the represented route; current page responsibility or dated record checked through Stage 3 and Stage 4			source record	/news/baby-cow-scholarship-fund	Evergreen page evidence	consolidated	Source-grounded information is represented on its locked canonical route with evidence-era qualifiers.	yes	yes
SOURCE-549	02-collect/source-data/site-text/belonging--9483ca2c.txt	text/plain	high for the represented route; current page responsibility or dated record checked through Stage 3 and Stage 4			source record	/approach	Evergreen page evidence	consolidated	Source-grounded information is represented on its locked canonical route with evidence-era qualifiers.	yes	yes
SOURCE-550	02-collect/source-data/site-text/cart--f4b89dcd.txt	text/plain	high for the represented route; current page responsibility or dated record checked through Stage 3 and Stage 4			source record		Evidence and verification	consolidated	Source supports the reconciled site record, coverage ledger, verification, or a broader canonical responsibility without needing its own public page.	yes	yes
SOURCE-551	02-collect/source-data/site-text/donate--52452f46.txt	text/plain	high for the represented route; current page responsibility or dated record checked through Stage 3 and Stage 4			source record	/support	Evergreen page evidence	consolidated	Source-grounded information is represented on its locked canonical route with evidence-era qualifiers.	yes	yes
SOURCE-552	02-collect/source-data/site-text/em-portugues--95973a54.txt	text/plain	high for the represented route; current page responsibility or dated record checked through Stage 3 and Stage 4			source record			deferred	Portuguese source retained in evidence but the public language destination is intentionally inactive pending currentness, translation, accessibility, ownership, and service review.	yes	yes
SOURCE-553	02-collect/source-data/site-text/employment-opportunities--45ef9e11.txt	text/plain	high for the represented route; current page responsibility or dated record checked through Stage 3 and Stage 4			source record	/employment	Evergreen page evidence	consolidated	Source-grounded information is represented on its locked canonical route with evidence-era qualifiers.	yes	yes
SOURCE-554	02-collect/source-data/site-text/enrollment-application--5c279b88.txt	text/plain	high for the represented route; current page responsibility or dated record checked through Stage 3 and Stage 4			source record	/enrollment	Evergreen page evidence	consolidated	Source-grounded information is represented on its locked canonical route with evidence-era qualifiers.	yes	yes
SOURCE-555	02-collect/source-data/site-text/for-educators--432f0173.txt	text/plain	high for the represented route; current page responsibility or dated record checked through Stage 3 and Stage 4			source record	/professional-development	Evergreen page evidence	consolidated	Source-grounded information is represented on its locked canonical route with evidence-era qualifiers.	yes	yes
SOURCE-556	02-collect/source-data/site-text/garden-gate-at-featherstone--8365f3d6.txt	text/plain	high for the represented route; current page responsibility or dated record checked through Stage 3 and Stage 4			source record	/about	Evergreen page evidence	consolidated	Source-grounded information is represented on its locked canonical route with evidence-era qualifiers.	yes	yes
SOURCE-557	02-collect/source-data/site-text/home--8b92c69b.txt	text/plain	high for the represented route; current page responsibility or dated record checked through Stage 3 and Stage 4			source record	/	Evergreen page evidence	consolidated	Source-grounded information is represented on its locked canonical route with evidence-era qualifiers.	yes	yes
SOURCE-558	02-collect/source-data/site-text/kindergarten--534f5e8e.txt	text/plain	high for the represented route; current page responsibility or dated record checked through Stage 3 and Stage 4			source record	/programs	Evergreen page evidence	consolidated	Source-grounded information is represented on its locked canonical route with evidence-era qualifiers.	yes	yes
SOURCE-559	02-collect/source-data/site-text/newsletters-press--53e1ba87.txt	text/plain	high for the represented route; current page responsibility or dated record checked through Stage 3 and Stage 4			source record	/news	News & Resources evidence	consolidated	Source-grounded information is represented on its locked canonical route with evidence-era qualifiers.	yes	yes
SOURCE-560	02-collect/source-data/site-text/newsletters2025--08a0dd00.txt	text/plain	high for the represented route; current page responsibility or dated record checked through Stage 3 and Stage 4			source record	/news		duplicate	Duplicate of 02-collect/source-data/site-text/newsletters-press--53e1ba87.txt; represented once through the controlling record.	yes	yes
SOURCE-561	02-collect/source-data/site-text/our-approach--e7eaef97.txt	text/plain	high for the represented route; current page responsibility or dated record checked through Stage 3 and Stage 4			source record	/approach	Evergreen page evidence	consolidated	Source-grounded information is represented on its locked canonical route with evidence-era qualifiers.	yes	yes
SOURCE-562	02-collect/source-data/site-text/our-mission--43c2d968.txt	text/plain	high for the represented route; current page responsibility or dated record checked through Stage 3 and Stage 4			source record	/about	Evergreen page evidence	consolidated	Source-grounded information is represented on its locked canonical route with evidence-era qualifiers.	yes	yes
SOURCE-563	02-collect/source-data/site-text/our-programs--4e812e3b.txt	text/plain	high for the represented route; current page responsibility or dated record checked through Stage 3 and Stage 4			source record	/programs	Evergreen page evidence	consolidated	Source-grounded information is represented on its locked canonical route with evidence-era qualifiers.	yes	yes
SOURCE-564	02-collect/source-data/site-text/our-story--4d4c3ab7.txt	text/plain	high for the represented route; current page responsibility or dated record checked through Stage 3 and Stage 4			source record	/about	Evergreen page evidence	consolidated	Source-grounded information is represented on its locked canonical route with evidence-era qualifiers.	yes	yes
SOURCE-565	02-collect/source-data/site-text/our-team--0da52a36.txt	text/plain	high for the represented route; current page responsibility or dated record checked through Stage 3 and Stage 4			source record	/about/people		duplicate	Duplicate of 02-collect/source-data/site-text/about-us--70c6ed48.txt; represented once through the controlling record.	yes	yes
SOURCE-566	02-collect/source-data/site-text/ouroutdoorclassrooms--945f7582.txt	text/plain	high for the represented route; current page responsibility or dated record checked through Stage 3 and Stage 4			source record	/approach	Evergreen page evidence	consolidated	Source-grounded information is represented on its locked canonical route with evidence-era qualifiers.	yes	yes
SOURCE-567	02-collect/source-data/site-text/press--bf7a766b.txt	text/plain	high for the represented route; current page responsibility or dated record checked through Stage 3 and Stage 4			source record	/news	News & Resources evidence	consolidated	Source-grounded information is represented on its locked canonical route with evidence-era qualifiers.	yes	yes
SOURCE-568	02-collect/source-data/site-text/professional-development--3df64ae7.txt	text/plain	high for the represented route; current page responsibility or dated record checked through Stage 3 and Stage 4			source record	/professional-development		duplicate	Duplicate of 02-collect/source-data/site-text/for-educators--432f0173.txt; represented once through the controlling record.	yes	yes
SOURCE-569	02-collect/source-data/site-text/questions--40e47008.txt	text/plain	high for the represented route; current page responsibility or dated record checked through Stage 3 and Stage 4			source record	/contact	Evergreen page evidence	consolidated	Source-grounded information is represented on its locked canonical route with evidence-era qualifiers.	yes	yes
SOURCE-570	02-collect/source-data/site-text/root--34bff215.txt	text/plain	high for the represented route; current page responsibility or dated record checked through Stage 3 and Stage 4			source record	/		duplicate	Duplicate of 02-collect/source-data/site-text/home--8b92c69b.txt; represented once through the controlling record.	yes	yes
SOURCE-571	02-collect/source-data/site-text/studio-classrooms--c0a1ee92.txt	text/plain	high for the represented route; current page responsibility or dated record checked through Stage 3 and Stage 4			source record	/programs		duplicate	Duplicate of 02-collect/source-data/site-text/our-programs--4e812e3b.txt; represented once through the controlling record.	yes	yes
SOURCE-572	02-collect/source-data/site-text/summer-at-gardengate--0ac8e0d0.txt	text/plain	high for the represented route; current page responsibility or dated record checked through Stage 3 and Stage 4			source record	/programs	Evergreen page evidence	consolidated	Source-grounded information is represented on its locked canonical route with evidence-era qualifiers.	yes	yes
SOURCE-573	02-collect/source-data/sitemap.xml	text/xml	low to medium; source administration, duplicate representation, or supporting context			source record		Evidence and verification	consolidated	Source supports the reconciled site record, coverage ledger, verification, or a broader canonical responsibility without needing its own public page.	yes	yes
SOURCE-574	03-organize-content/FILE-COVERAGE.tsv	text/plain	high; directly controls source boundary, page responsibilities, routes, documents, forms, or cross-file verification			source record		Evidence and verification	consolidated	Source supports the reconciled site record, coverage ledger, verification, or a broader canonical responsibility without needing its own public page.	yes	yes
SOURCE-575	03-organize-content/ORGANIZE-CONTENT.md	text/plain	high; directly controls source boundary, page responsibilities, routes, documents, forms, or cross-file verification			source record		Evidence and verification	consolidated	Source supports the reconciled site record, coverage ledger, verification, or a broader canonical responsibility without needing its own public page.	yes	yes
SOURCE-576	EARLY-HOMEPAGE-CONTENT-BRIEF.md	text/plain	high; directly controls source boundary, page responsibilities, routes, documents, forms, or cross-file verification			source record		Evidence and verification	consolidated	Source supports the reconciled site record, coverage ledger, verification, or a broader canonical responsibility without needing its own public page.	yes	yes
SOURCE-577	STAGE-3-ORGANIZE-CONTENT-PROMPT.md	text/plain	low to medium; source administration, duplicate representation, or supporting context			source record		Evidence and verification	consolidated	Source supports the reconciled site record, coverage ledger, verification, or a broader canonical responsibility without needing its own public page.	yes	yes
SOURCE-578	STAGE-4-SITEMAP-CONTENT-STRUCTURE-PROMPT.md	text/plain	high; directly controls source boundary, page responsibilities, routes, documents, forms, or cross-file verification			source record		Evidence and verification	consolidated	Source supports the reconciled site record, coverage ledger, verification, or a broader canonical responsibility without needing its own public page.	yes	yes
URL-1	https://www.gardengatemv.org/	URL transition	02-collect/source-data/raw/fetch-log.json | 02-collect/source-data/link-status.tsv | 02-collect/SOURCE-MAP.md		live canonical homepage; saved HTTP 200	live canonical homepage; saved HTTP 200	/	Identity, mission, concise program/approach orientation, current contact facts, and source-grounded trust.	publish-current	Keep the canonical site root as the family-first orientation page.	yes	yes
URL-2	https://www.gardengatemv.org/articles-newsletters	URL transition	02-collect/source-data/raw/fetch-log.json | 02-collect/source-data/link-status.tsv | 02-collect/SOURCE-MAP.md		live official archive collection; saved HTTP 200	live official archive collection; saved HTTP 200	/news	Chronology, 16 HTML records, current/historical distinction, and discoverability.	publish-current	Create one News & Resources hub for newsletters, archive records, reports, and press.	yes	yes
URL-3	https://www.gardengatemv.org/articles-newsletters/blog-post-one-39wtm	URL transition	02-collect/source-data/raw/fetch-log.json | 02-collect/source-data/link-status.tsv | 02-collect/SOURCE-MAP.md		live official dated article, story, or report; saved HTTP 200	live official dated article, story, or report; saved HTTP 200	/news/professional-development-2018	Dated title, author/source, publication date, relevant body or summary, attachments, and source-era context.	archive-record	Preserve the record through the single repeatable News or Resource type and move it under the consolidated news hierarchy.	yes	yes
URL-4	https://www.gardengatemv.org/articles-newsletters/building-community-through-play-establishing-belonging	URL transition	02-collect/source-data/raw/fetch-log.json | 02-collect/source-data/link-status.tsv | 02-collect/SOURCE-MAP.md		live official dated article, story, or report; saved HTTP 200	live official dated article, story, or report; saved HTTP 200	/news/building-community-through-play-establishing-belonging	Dated title, author/source, publication date, relevant body or summary, attachments, and source-era context.	archive-record	Preserve the record through the single repeatable News or Resource type and move it under the consolidated news hierarchy.	yes	yes
URL-5	https://www.gardengatemv.org/articles-newsletters/december-2023	URL transition	02-collect/source-data/raw/fetch-log.json | 02-collect/source-data/link-status.tsv | 02-collect/SOURCE-MAP.md		live official dated article, story, or report; saved HTTP 200	live official dated article, story, or report; saved HTTP 200	/news/december-2023	Dated title, author/source, publication date, relevant body or summary, attachments, and source-era context.	archive-record	Preserve the record through the single repeatable News or Resource type and move it under the consolidated news hierarchy.	yes	yes
URL-6	https://www.gardengatemv.org/articles-newsletters/march-2024-newsletter	URL transition	02-collect/source-data/raw/fetch-log.json | 02-collect/source-data/link-status.tsv | 02-collect/SOURCE-MAP.md		live official dated article, story, or report; saved HTTP 200	live official dated article, story, or report; saved HTTP 200	/news/march-2024-newsletter	Dated title, author/source, publication date, relevant body or summary, attachments, and source-era context.	archive-record	Preserve the record through the single repeatable News or Resource type and move it under the consolidated news hierarchy.	yes	yes
URL-7	https://www.gardengatemv.org/articles-newsletters/new-combined-kindergartenpreschool-program-at-garden-gate	URL transition	02-collect/source-data/raw/fetch-log.json | 02-collect/source-data/link-status.tsv | 02-collect/SOURCE-MAP.md		live official dated article, story, or report; saved HTTP 200	live official dated article, story, or report; saved HTTP 200	/news/new-combined-kindergartenpreschool-program-at-garden-gate	Dated title, author/source, publication date, relevant body or summary, attachments, and source-era context.	archive-record	Preserve the record through the single repeatable News or Resource type and move it under the consolidated news hierarchy.	yes	yes
URL-8	https://www.gardengatemv.org/articles-newsletters/november-2023-newsletter-g3swg	URL transition	02-collect/source-data/raw/fetch-log.json | 02-collect/source-data/link-status.tsv | 02-collect/SOURCE-MAP.md		live official dated article, story, or report; saved HTTP 200	live official dated article, story, or report; saved HTTP 200	/news/november-2023-newsletter-g3swg	Dated title, author/source, publication date, relevant body or summary, attachments, and source-era context.	archive-record	Preserve the record through the single repeatable News or Resource type and move it under the consolidated news hierarchy.	yes	yes
URL-9	https://www.gardengatemv.org/articles-newsletters/october-2023-newsletter	URL transition	02-collect/source-data/raw/fetch-log.json | 02-collect/source-data/link-status.tsv | 02-collect/SOURCE-MAP.md		live official dated article, story, or report; saved HTTP 200	live official dated article, story, or report; saved HTTP 200	/news/october-2023-newsletter	Dated title, author/source, publication date, relevant body or summary, attachments, and source-era context.	archive-record	Preserve the record through the single repeatable News or Resource type and move it under the consolidated news hierarchy.	yes	yes
URL-10	https://www.gardengatemv.org/articles-newsletters/oid0tejm6tuo4hriyq50mybfkk4z4b	URL transition	02-collect/source-data/raw/fetch-log.json | 02-collect/source-data/link-status.tsv | 02-collect/SOURCE-MAP.md		live official dated article, story, or report; saved HTTP 200	live official dated article, story, or report; saved HTTP 200	/news/the-essential-elements	Dated title, author/source, publication date, relevant body or summary, attachments, and source-era context.	archive-record	Preserve the record through the single repeatable News or Resource type and move it under the consolidated news hierarchy.	yes	yes
URL-11	https://www.gardengatemv.org/articles-newsletters/september-2023-newsletter	URL transition	02-collect/source-data/raw/fetch-log.json | 02-collect/source-data/link-status.tsv | 02-collect/SOURCE-MAP.md		live official dated article, story, or report; saved HTTP 200	live official dated article, story, or report; saved HTTP 200	/news/september-2023-newsletter	Dated title, author/source, publication date, relevant body or summary, attachments, and source-era context.	archive-record	Preserve the record through the single repeatable News or Resource type and move it under the consolidated news hierarchy.	yes	yes
URL-12	https://www.gardengatemv.org/articles-newsletters/silver-lining-story	URL transition	02-collect/source-data/raw/fetch-log.json | 02-collect/source-data/link-status.tsv | 02-collect/SOURCE-MAP.md		live official dated article, story, or report; saved HTTP 200	live official dated article, story, or report; saved HTTP 200	/news/silver-lining-story	Dated title, author/source, publication date, relevant body or summary, attachments, and source-era context.	archive-record	Preserve the record through the single repeatable News or Resource type and move it under the consolidated news hierarchy.	yes	yes
URL-13	https://www.gardengatemv.org/articles-newsletters/supporting-an-inclusive-and-equitable-school-community	URL transition	02-collect/source-data/raw/fetch-log.json | 02-collect/source-data/link-status.tsv | 02-collect/SOURCE-MAP.md		live official dated article, story, or report; saved HTTP 200	live official dated article, story, or report; saved HTTP 200	/news/supporting-an-inclusive-and-equitable-school-community	Dated title, author/source, publication date, relevant body or summary, attachments, and source-era context.	archive-record	Preserve the record through the single repeatable News or Resource type and move it under the consolidated news hierarchy.	yes	yes
URL-14	https://www.gardengatemv.org/articles-newsletters/taking-care-of-the-caregivers	URL transition	02-collect/source-data/raw/fetch-log.json | 02-collect/source-data/link-status.tsv | 02-collect/SOURCE-MAP.md		live official dated article, story, or report; saved HTTP 200	live official dated article, story, or report; saved HTTP 200	/news/taking-care-of-the-caregivers	Dated title, author/source, publication date, relevant body or summary, attachments, and source-era context.	archive-record	Preserve the record through the single repeatable News or Resource type and move it under the consolidated news hierarchy.	yes	yes
URL-15	https://www.gardengatemv.org/articles-newsletters/the-nerdling	URL transition	02-collect/source-data/raw/fetch-log.json | 02-collect/source-data/link-status.tsv | 02-collect/SOURCE-MAP.md		live official dated article, story, or report; saved HTTP 200	live official dated article, story, or report; saved HTTP 200	/news/the-nerdling	Dated title, author/source, publication date, relevant body or summary, attachments, and source-era context.	archive-record	Preserve the record through the single repeatable News or Resource type and move it under the consolidated news hierarchy.	yes	yes
URL-16	https://www.gardengatemv.org/articles-newsletters/year-end-report-2020	URL transition	02-collect/source-data/raw/fetch-log.json | 02-collect/source-data/link-status.tsv | 02-collect/SOURCE-MAP.md		live official dated article, story, or report; saved HTTP 200	live official dated article, story, or report; saved HTTP 200	/news/year-end-report-2020	Dated title, author/source, publication date, relevant body or summary, attachments, and source-era context.	archive-record	Preserve the record through the single repeatable News or Resource type and move it under the consolidated news hierarchy.	yes	yes
URL-17	https://www.gardengatemv.org/articles-newsletters/year-end-report-2021	URL transition	02-collect/source-data/raw/fetch-log.json | 02-collect/source-data/link-status.tsv | 02-collect/SOURCE-MAP.md		live official dated article, story, or report; saved HTTP 200	live official dated article, story, or report; saved HTTP 200	/news/year-end-report-2021	Dated title, author/source, publication date, relevant body or summary, attachments, and source-era context.	archive-record	Preserve the record through the single repeatable News or Resource type and move it under the consolidated news hierarchy.	yes	yes
URL-18	https://www.gardengatemv.org/articles-newsletters/year-end-report-2022	URL transition	02-collect/source-data/raw/fetch-log.json | 02-collect/source-data/link-status.tsv | 02-collect/SOURCE-MAP.md		live official dated article, story, or report; saved HTTP 200	live official dated article, story, or report; saved HTTP 200	/news/year-end-report-2022	Dated title, author/source, publication date, relevant body or summary, attachments, and source-era context.	archive-record	Preserve the record through the single repeatable News or Resource type and move it under the consolidated news hierarchy.	yes	yes
URL-19	https://www.gardengatemv.org/babycow	URL transition	02-collect/source-data/raw/fetch-log.json | 02-collect/source-data/link-status.tsv | 02-collect/SOURCE-MAP.md		live historical fundraiser/story page; saved HTTP 200	live historical fundraiser/story page; saved HTTP 200	/news/baby-cow-scholarship-fund	Dated 2020–22 Baby Cow story, collaborative art context, and scholarship-fund history.	archive-record	Preserve the story as a dated record, not a current store or standing campaign page.	yes	yes
URL-20	https://www.gardengatemv.org/belonging	URL transition	02-collect/source-data/raw/fetch-log.json | 02-collect/source-data/link-status.tsv | 02-collect/SOURCE-MAP.md		live official current belonging page; saved HTTP 200	live official current belonging page; saved HTTP 200	/approach	Belonging, anti-bias practice, family participation, Safe Space statement, and Equitable Tuition Model existence.	consolidated	Belonging is part of the educational approach, not a separate navigation responsibility.	yes	yes
URL-21	https://www.gardengatemv.org/donate	URL transition	02-collect/source-data/raw/fetch-log.json | 02-collect/source-data/link-status.tsv | 02-collect/SOURCE-MAP.md		live official support page with embedded donation flow; saved HTTP 200	live official support page with embedded donation flow; saved HTTP 200	/support	Nonprofit purpose, evidence-backed support areas, current donation-flow existence, and dated accountability context.	publish-current	Use a broader Support Garden Gate responsibility while retaining donation context.	yes	yes
URL-22	https://www.gardengatemv.org/em-portugues	URL transition	02-collect/source-data/raw/fetch-log.json | 02-collect/source-data/link-status.tsv | 02-collect/SOURCE-MAP.md		live official Portuguese overview and document hub; saved HTTP 200	live official Portuguese overview and document hub; saved HTTP 200		Portuguese overview, current contact facts, and six translated document links.	deferred	The available source set supports a stable language-access hub at the current route.	yes	yes
URL-23	https://www.gardengatemv.org/employment-opportunities	URL transition	02-collect/source-data/raw/fetch-log.json | 02-collect/source-data/link-status.tsv | 02-collect/SOURCE-MAP.md		live official time-sensitive employment-interest page; saved HTTP 200	live official time-sensitive employment-interest page; saved HTTP 200	/employment	Educational values and invitation for future educator connection.	publish-current	Use a shorter durable route for the distinct candidate journey.	yes	yes
URL-24	https://www.gardengatemv.org/enrollment-application	URL transition	02-collect/source-data/raw/fetch-log.json | 02-collect/source-data/link-status.tsv | 02-collect/SOURCE-MAP.md		live official enrollment page with 16-field form and 2025 PDF; saved HTTP 200	live official enrollment page with 16-field form and 2025 PDF; saved HTTP 200	/enrollment	Published process, current form evidence, 2025 document label, and waitlist distinction.	publish-current	Use the visitor label Enrollment as the canonical route while preserving the current evidence.	yes	yes
URL-25	https://www.gardengatemv.org/garden-gate-at-featherstone	URL transition	02-collect/source-data/raw/fetch-log.json | 02-collect/source-data/link-status.tsv | 02-collect/SOURCE-MAP.md		live but empty/outdated collection; saved HTTP 200	live but empty/outdated collection; saved HTTP 200	/about	Only the supported campus-location concept.	consolidated	Featherstone context belongs with mission, story, history, and institutional trust on About.	yes	yes
URL-26	https://www.gardengatemv.org/home	URL transition	02-collect/source-data/raw/fetch-log.json | 02-collect/source-data/link-status.tsv | 02-collect/SOURCE-MAP.md		live duplicate homepage URL with canonical root but no redirect; saved HTTP 200	live duplicate homepage URL with canonical root but no redirect; saved HTTP 200	/	No independent content; canonical root content controls.	redirect	Eliminate duplicate-homepage ambiguity.	yes	yes
URL-27	https://www.gardengatemv.org/kindergarten	URL transition	02-collect/source-data/raw/fetch-log.json | 02-collect/source-data/link-status.tsv | 02-collect/SOURCE-MAP.md		live official program page with stale event/availability language; saved HTTP 200	live official program page with stale event/availability language; saved HTTP 200	/programs	Combined preschool/Kindergarten model, age cutoff, inquiry/play/relationships, and first-grade statement in context.	consolidated	Kindergarten is a responsibility within the consolidated family program comparison.	yes	yes
URL-28	https://www.gardengatemv.org/newsletters2025	URL transition	02-collect/source-data/raw/fetch-log.json | 02-collect/source-data/link-status.tsv | 02-collect/SOURCE-MAP.md		live official 2025–26 newsletter index; saved HTTP 200	live official 2025–26 newsletter index; saved HTTP 200	/news	All 31 school-year newsletter document links, titles, and dates.	consolidated	One News & Resources hub can keep current and historical materials visibly distinct.	yes	yes
URL-29	https://www.gardengatemv.org/our-approach	URL transition	02-collect/source-data/raw/fetch-log.json | 02-collect/source-data/link-status.tsv | 02-collect/SOURCE-MAP.md		live official approach page; saved HTTP 200	live official approach page; saved HTTP 200	/approach	Child image, emergent projects, listening, documentation, and Reggio-inspired framing.	publish-current	Use the shorter canonical route for the consolidated approach responsibility.	yes	yes
URL-30	https://www.gardengatemv.org/our-mission	URL transition	02-collect/source-data/raw/fetch-log.json | 02-collect/source-data/link-status.tsv | 02-collect/SOURCE-MAP.md		live official mission page; saved HTTP 200	live official mission page; saved HTTP 200	/about	Exact current mission and family-support extension.	consolidated	Mission belongs with identity, history, place, and nonprofit credibility on About.	yes	yes
URL-31	https://www.gardengatemv.org/our-story	URL transition	02-collect/source-data/raw/fetch-log.json | 02-collect/source-data/link-status.tsv | 02-collect/SOURCE-MAP.md		live official story/history page; saved HTTP 200	live official story/history page; saved HTTP 200	/about	1999 history, arts relationship, Featherstone context, and dated community connection.	consolidated	Story and institutional identity are one About responsibility.	yes	yes
URL-32	https://www.gardengatemv.org/our-team	URL transition	02-collect/source-data/raw/fetch-log.json | 02-collect/source-data/link-status.tsv | 02-collect/SOURCE-MAP.md		live official staff and board page; saved HTTP 200	live official staff and board page; saved HTTP 200	/about/people	Current public administration, teaching, summer, board, and role presentation.	publish-current	People remains a distinct roster page under About.	yes	yes
URL-33	https://www.gardengatemv.org/ouroutdoorclassrooms	URL transition	02-collect/source-data/raw/fetch-log.json | 02-collect/source-data/link-status.tsv | 02-collect/SOURCE-MAP.md		live official outdoor-learning page; saved HTTP 200	live official outdoor-learning page; saved HTTP 200	/approach	Outdoor learning purpose, campus/open-space/trail context, and place-based inquiry.	consolidated	Outdoor learning is an approach unit rather than a separate page.	yes	yes
URL-34	https://www.gardengatemv.org/press	URL transition	02-collect/source-data/raw/fetch-log.json | 02-collect/source-data/link-status.tsv | 02-collect/SOURCE-MAP.md		live official press index with eight external records; saved HTTP 200	live official press index with eight external records; saved HTTP 200	/news	Eight dated press references, titles, publication dates, and external destinations.	consolidated	Press belongs in the single dated News & Resources system.	yes	yes
URL-35	https://www.gardengatemv.org/professional-development	URL transition	02-collect/source-data/raw/fetch-log.json | 02-collect/source-data/link-status.tsv | 02-collect/SOURCE-MAP.md		live official educator service page; saved HTTP 200	live official educator service page; saved HTTP 200	/professional-development	Current topics, 90-minute/half-day/full-day formats, times, group size, and named context.	publish-current	The distinct educator offering is strong enough to retain its existing canonical route.	yes	yes
URL-36	https://www.gardengatemv.org/questions	URL transition	02-collect/source-data/raw/fetch-log.json | 02-collect/source-data/link-status.tsv | 02-collect/SOURCE-MAP.md		live official contact page with four-field form; saved HTTP 200	live official contact page with four-field form; saved HTTP 200	/contact	Current address, mailing address, phone, email, and general contact purpose.	publish-current	Use the expected visitor route Contact and preserve general-contact responsibility.	yes	yes
URL-37	https://www.gardengatemv.org/studio-classrooms	URL transition	02-collect/source-data/raw/fetch-log.json | 02-collect/source-data/link-status.tsv | 02-collect/SOURCE-MAP.md		live official Studio One/Two page; saved HTTP 200	live official Studio One/Two page; saved HTTP 200	/programs	Studio One/Two current English age wording, published ratios, combined model, and program approach.	publish-current	This is the primary source for the consolidated Programs responsibility.	yes	yes
URL-38	https://www.gardengatemv.org/summer-at-gardengate	URL transition	02-collect/source-data/raw/fetch-log.json | 02-collect/source-data/link-status.tsv | 02-collect/SOURCE-MAP.md		live official summer page; saved HTTP 200	live official summer page; saved HTTP 200	/programs	Summer as a current program category, 2026 themes, and relationship to place/creative learning.	consolidated	Summer belongs in the complete family program comparison.	yes	yes
URL-39	https://www.gardengatemv.org/cart	URL transition	02-collect/source-data/raw/fetch-log.json | 02-collect/source-data/link-status.tsv | 02-collect/SOURCE-MAP.md		live Squarespace cart shell with no public products found; saved HTTP 200	live Squarespace cart shell with no public products found; saved HTTP 200		No visitor-facing content; retain the technical finding internally.	exclude-obsolete	The recommended site has no evidence-supported store responsibility.	yes	yes
URL-40	https://www.gardengatemv.org/about-us	URL transition	02-collect/source-data/raw/fetch-log.json | 02-collect/source-data/link-status.tsv | 02-collect/SOURCE-MAP.md		redirect alias to current Our Team; saved HTTP 200; final https://www.gardengatemv.org/our-team	redirect alias to current Our Team; saved HTTP 200; final https://www.gardengatemv.org/our-team	/about	No independent content; preserve relevant institutional entry intent.	redirect	Point the broad About label to the consolidated About page.	yes	yes
URL-41	https://www.gardengatemv.org/our-programs	URL transition	02-collect/source-data/raw/fetch-log.json | 02-collect/source-data/link-status.tsv | 02-collect/SOURCE-MAP.md		redirect alias to current Studio Classrooms; saved HTTP 200; final https://www.gardengatemv.org/studio-classrooms	redirect alias to current Studio Classrooms; saved HTTP 200; final https://www.gardengatemv.org/studio-classrooms	/programs	No independent content; preserve family program intent.	redirect	Point directly to the new consolidated Programs page.	yes	yes
URL-42	https://www.gardengatemv.org/newsletters-press	URL transition	02-collect/source-data/raw/fetch-log.json | 02-collect/source-data/link-status.tsv | 02-collect/SOURCE-MAP.md		redirect alias to current newsletter index; saved HTTP 200; final https://www.gardengatemv.org/newsletters2025	redirect alias to current newsletter index; saved HTTP 200; final https://www.gardengatemv.org/newsletters2025	/news	No independent content; preserve news/press discovery intent.	redirect	Point directly to the consolidated News & Resources hub.	yes	yes
URL-43	https://www.gardengatemv.org/for-educators	URL transition	02-collect/source-data/raw/fetch-log.json | 02-collect/source-data/link-status.tsv | 02-collect/SOURCE-MAP.md		redirect alias to current Professional Development; saved HTTP 200; final https://www.gardengatemv.org/professional-development	redirect alias to current Professional Development; saved HTTP 200; final https://www.gardengatemv.org/professional-development	/professional-development	No independent content; preserve educator intent.	redirect	Point directly to the retained educator page.	yes	yes
URL-44	https://www.gardengatemv.org/enrollment	URL transition	02-collect/source-data/raw/fetch-log.json | 02-collect/source-data/link-status.tsv | 02-collect/SOURCE-MAP.md		broken current label/route variant; saved HTTP 404	broken current label/route variant; saved HTTP 404	/enrollment	The visitor-facing Enrollment route intent.	publish-current	Restore this clean route as the proposed canonical Enrollment destination.	yes	yes
URL-45	https://www.gardengatemv.org/programs	URL transition	02-collect/source-data/raw/fetch-log.json | 02-collect/source-data/link-status.tsv | 02-collect/SOURCE-MAP.md		broken current internal-link destination; saved HTTP 404	broken current internal-link destination; saved HTTP 404	/programs	The visitor-facing Programs route intent.	publish-current	Restore this clean route as the proposed canonical Programs destination.	yes	yes
URL-46	https://www.gardengatemv.org/summer-newsletters	URL transition	02-collect/source-data/raw/fetch-log.json | 02-collect/source-data/link-status.tsv | 02-collect/SOURCE-MAP.md		broken current internal-link destination; saved HTTP 404	broken current internal-link destination; saved HTTP 404	/news	Summer newsletter discovery intent.	redirect	Point to the unified dated resource hub.	yes	yes
URL-47	https://www.gardengatemv.org/faqs	URL transition	02-collect/source-data/raw/fetch-log.json | 02-collect/source-data/link-status.tsv | 02-collect/SOURCE-MAP.md		deleted/indexed route with recoverable claims/testimonials; saved HTTP 404	deleted/indexed route with recoverable claims/testimonials; saved HTTP 404		Only internal evidence of former questions and concerns.	exclude-obsolete	The source is unsafe as current content and does not justify a new FAQ page.	yes	yes
URL-48	https://www.gardengatemv.org/art-for-education	URL transition	02-collect/source-data/raw/fetch-log.json | 02-collect/source-data/link-status.tsv | 02-collect/SOURCE-MAP.md		deleted/indexed historical route; saved HTTP 404	deleted/indexed historical route; saved HTTP 404		Historical evidence of arts/funding framing only.	exclude-obsolete	Current evidence does not support a standalone page.	yes	yes
URL-49	https://www.gardengatemv.org/projects	URL transition	02-collect/source-data/raw/fetch-log.json | 02-collect/source-data/link-status.tsv | 02-collect/SOURCE-MAP.md		deleted/unavailable historical route with no body recovered; saved HTTP 404	deleted/unavailable historical route with no body recovered; saved HTTP 404		No publishable page content.	exclude-obsolete	No current or recoverable evidence supports a page.	yes	yes
URL-50	https://www.gardengatemv.org/contact	URL transition	02-collect/source-data/raw/fetch-log.json | 02-collect/source-data/link-status.tsv | 02-collect/SOURCE-MAP.md		broken current label/route variant; saved HTTP 404	broken current label/route variant; saved HTTP 404	/contact	The visitor-facing Contact route intent.	publish-current	Restore this clean route as the proposed canonical Contact destination.	yes	yes
URL-51	https://www.gardengatemv.org/archive	URL transition	02-collect/source-data/raw/fetch-log.json | 02-collect/source-data/link-status.tsv | 02-collect/SOURCE-MAP.md		broken current navigation-label route; saved HTTP 404	broken current navigation-label route; saved HTTP 404	/news	Archive discovery intent.	redirect	Point to the unified News & Resources hub.	yes	yes
URL-52	https://www.gardengatemv.org/2025-2026	URL transition	02-collect/source-data/raw/fetch-log.json | 02-collect/source-data/link-status.tsv | 02-collect/SOURCE-MAP.md		broken current navigation-label route; saved HTTP 404	broken current navigation-label route; saved HTTP 404	/news	Current newsletter-year discovery intent.	redirect	Point to the unified News & Resources hub.	yes	yes
URL-53	https://mcusercontent.com/8684e29023b3f7e7bbb7cc2f2/files/7189df35-96a0-4791-a5b5-0cb629bbab6a/Silver_Lining_Stories_for_Newsletter.pdf	URL transition	02-collect/source-data/pdf-inventory.tsv | 02-collect/source-data/pdfs/Silver_Lining_Stories_for_Newsletter--cacaf5f2.pdf		public official or official-linked Garden Gate document; PDF-002; document date not stated; English	public official or official-linked Garden Gate document; PDF-002; document date not stated; English	/news/silver-lining-story	Historical existence and relationship to the migrated Silver Lining Story record.	archive-record	The unneeded attachment is historical and rights-limited; the dated HTML record carries the public story.	yes	yes
URL-54	https://www.gardengatemv.org/s/2-Newsletter-April-3-2026.pdf	URL transition	02-collect/source-data/pdf-inventory.tsv | 02-collect/source-data/pdfs/2-Newsletter-April-3-2026--1b2374bd.pdf		public official or official-linked Garden Gate document; PDF-004; April 3, 2026; English	public official or official-linked Garden Gate document; PDF-004; April 3, 2026; English	https://www.gardengatemv.org/s/2-Newsletter-April-3-2026.pdf	Dated newsletter file, public title, document date where present, and relationship to the News & Resources index.	resource-file	Keep dated documents as documents under one resource hub rather than creating a separate page design for each file.	yes	yes
URL-55	https://www.gardengatemv.org/s/2025-Enrollment-Application-1.pdf	URL transition	02-collect/source-data/pdf-inventory.tsv | 02-collect/source-data/pdfs/2025-Enrollment-Application-1--3cd8c8c6.pdf		public official or official-linked Garden Gate document; PDF-005; 2025; English	public official or official-linked Garden Gate document; PDF-005; 2025; English		Blank English enrollment application and visible 2025 label.	deferred	Keep the current public document from Enrollment without relabeling it.	yes	yes
URL-56	https://www.gardengatemv.org/s/Copy-of-Newsletter-August-12-2026.pdf	URL transition	02-collect/source-data/pdf-inventory.tsv | 02-collect/source-data/pdfs/Copy-of-Newsletter-August-12-2026--c324fe11.pdf		public official or official-linked Garden Gate document; PDF-006; document date not stated; English	public official or official-linked Garden Gate document; PDF-006; document date not stated; English	https://www.gardengatemv.org/s/Copy-of-Newsletter-August-12-2026.pdf	Dated newsletter file, public title, document date where present, and relationship to the News & Resources index.	resource-file	Keep dated documents as documents under one resource hub rather than creating a separate page design for each file.	yes	yes
URL-57	https://www.gardengatemv.org/s/Newsletter-April-10-2026.pdf	URL transition	02-collect/source-data/pdf-inventory.tsv | 02-collect/source-data/pdfs/Newsletter-April-10-2026--20c51349.pdf		public official or official-linked Garden Gate document; PDF-007; April 10, 2026; English	public official or official-linked Garden Gate document; PDF-007; April 10, 2026; English	https://www.gardengatemv.org/s/Newsletter-April-10-2026.pdf	Dated newsletter file, public title, document date where present, and relationship to the News & Resources index.	resource-file	Keep dated documents as documents under one resource hub rather than creating a separate page design for each file.	yes	yes
URL-58	https://www.gardengatemv.org/s/Newsletter-August-12-2026.pdf	URL transition	02-collect/source-data/pdf-inventory.tsv | 02-collect/source-data/pdfs/Newsletter-August-12-2026--4addf26e.pdf		public official or official-linked Garden Gate document; PDF-008; document date not stated; English	public official or official-linked Garden Gate document; PDF-008; document date not stated; English	https://www.gardengatemv.org/s/Newsletter-August-12-2026.pdf	Dated newsletter file, public title, document date where present, and relationship to the News & Resources index.	resource-file	Keep dated documents as documents under one resource hub rather than creating a separate page design for each file.	yes	yes
URL-59	https://www.gardengatemv.org/s/Newsletter-August-5-2026.pdf	URL transition	02-collect/source-data/pdf-inventory.tsv | 02-collect/source-data/pdfs/Newsletter-August-5-2026--06b22423.pdf		public official or official-linked Garden Gate document; PDF-009; document date not stated; English	public official or official-linked Garden Gate document; PDF-009; document date not stated; English	https://www.gardengatemv.org/s/Newsletter-August-5-2026.pdf	Dated newsletter file, public title, document date where present, and relationship to the News & Resources index.	resource-file	Keep dated documents as documents under one resource hub rather than creating a separate page design for each file.	yes	yes
URL-60	https://www.gardengatemv.org/s/Newsletter-December-12-2025.pdf	URL transition	02-collect/source-data/pdf-inventory.tsv | 02-collect/source-data/pdfs/Newsletter-December-12-2025--7149d671.pdf		public official or official-linked Garden Gate document; PDF-010; December 12, 2025; English	public official or official-linked Garden Gate document; PDF-010; December 12, 2025; English	https://www.gardengatemv.org/s/Newsletter-December-12-2025.pdf	Dated newsletter file, public title, document date where present, and relationship to the News & Resources index.	resource-file	Keep dated documents as documents under one resource hub rather than creating a separate page design for each file.	yes	yes
URL-61	https://www.gardengatemv.org/s/Newsletter-December-5-2025.pdf	URL transition	02-collect/source-data/pdf-inventory.tsv | 02-collect/source-data/pdfs/Newsletter-December-5-2025--914a895f.pdf		public official or official-linked Garden Gate document; PDF-011; December 5, 2025; English	public official or official-linked Garden Gate document; PDF-011; December 5, 2025; English	https://www.gardengatemv.org/s/Newsletter-December-5-2025.pdf	Dated newsletter file, public title, document date where present, and relationship to the News & Resources index.	resource-file	Keep dated documents as documents under one resource hub rather than creating a separate page design for each file.	yes	yes
URL-62	https://www.gardengatemv.org/s/Newsletter-February-13-2026.pdf	URL transition	02-collect/source-data/pdf-inventory.tsv | 02-collect/source-data/pdfs/Newsletter-February-13-2026--bbccbaea.pdf		public official or official-linked Garden Gate document; PDF-012; February 13, 2026; English	public official or official-linked Garden Gate document; PDF-012; February 13, 2026; English	https://www.gardengatemv.org/s/Newsletter-February-13-2026.pdf	Dated newsletter file, public title, document date where present, and relationship to the News & Resources index.	resource-file	Keep dated documents as documents under one resource hub rather than creating a separate page design for each file.	yes	yes
URL-63	https://www.gardengatemv.org/s/Newsletter-February-6-2026.pdf	URL transition	02-collect/source-data/pdf-inventory.tsv | 02-collect/source-data/pdfs/Newsletter-February-6-2026--084e1a8d.pdf		public official or official-linked Garden Gate document; PDF-013; February 6, 2026; English	public official or official-linked Garden Gate document; PDF-013; February 6, 2026; English	https://www.gardengatemv.org/s/Newsletter-February-6-2026.pdf	Dated newsletter file, public title, document date where present, and relationship to the News & Resources index.	resource-file	Keep dated documents as documents under one resource hub rather than creating a separate page design for each file.	yes	yes
URL-64	https://www.gardengatemv.org/s/Newsletter-January-16-2026.pdf	URL transition	02-collect/source-data/pdf-inventory.tsv | 02-collect/source-data/pdfs/Newsletter-January-16-2026--4ade4827.pdf		public official or official-linked Garden Gate document; PDF-014; January 16, 2026; English	public official or official-linked Garden Gate document; PDF-014; January 16, 2026; English	https://www.gardengatemv.org/s/Newsletter-January-16-2026.pdf	Dated newsletter file, public title, document date where present, and relationship to the News & Resources index.	resource-file	Keep dated documents as documents under one resource hub rather than creating a separate page design for each file.	yes	yes
URL-65	https://www.gardengatemv.org/s/Newsletter-January-23-2026.pdf	URL transition	02-collect/source-data/pdf-inventory.tsv | 02-collect/source-data/pdfs/Newsletter-January-23-2026--38487e36.pdf		public official or official-linked Garden Gate document; PDF-015; January 23, 2026; English	public official or official-linked Garden Gate document; PDF-015; January 23, 2026; English	https://www.gardengatemv.org/s/Newsletter-January-23-2026.pdf	Dated newsletter file, public title, document date where present, and relationship to the News & Resources index.	resource-file	Keep dated documents as documents under one resource hub rather than creating a separate page design for each file.	yes	yes
URL-66	https://www.gardengatemv.org/s/Newsletter-January-30-2026.pdf	URL transition	02-collect/source-data/pdf-inventory.tsv | 02-collect/source-data/pdfs/Newsletter-January-30-2026--66e4848b.pdf		public official or official-linked Garden Gate document; PDF-016; January 30, 2026; English	public official or official-linked Garden Gate document; PDF-016; January 30, 2026; English	https://www.gardengatemv.org/s/Newsletter-January-30-2026.pdf	Dated newsletter file, public title, document date where present, and relationship to the News & Resources index.	resource-file	Keep dated documents as documents under one resource hub rather than creating a separate page design for each file.	yes	yes
URL-67	https://www.gardengatemv.org/s/Newsletter-January-9-2026.pdf	URL transition	02-collect/source-data/pdf-inventory.tsv | 02-collect/source-data/pdfs/Newsletter-January-9-2026--67d63f1f.pdf		public official or official-linked Garden Gate document; PDF-017; January 9, 2026; English	public official or official-linked Garden Gate document; PDF-017; January 9, 2026; English	https://www.gardengatemv.org/s/Newsletter-January-9-2026.pdf	Dated newsletter file, public title, document date where present, and relationship to the News & Resources index.	resource-file	Keep dated documents as documents under one resource hub rather than creating a separate page design for each file.	yes	yes
URL-68	https://www.gardengatemv.org/s/Newsletter-July-15-2026.pdf	URL transition	02-collect/source-data/pdf-inventory.tsv | 02-collect/source-data/pdfs/Newsletter-July-15-2026--63bfc9ed.pdf		public official or official-linked Garden Gate document; PDF-018; document date not stated; English	public official or official-linked Garden Gate document; PDF-018; document date not stated; English	https://www.gardengatemv.org/s/Newsletter-July-15-2026.pdf	Dated newsletter file, public title, document date where present, and relationship to the News & Resources index.	resource-file	Keep dated documents as documents under one resource hub rather than creating a separate page design for each file.	yes	yes
URL-69	https://www.gardengatemv.org/s/Newsletter-July-22-2026.pdf	URL transition	02-collect/source-data/pdf-inventory.tsv | 02-collect/source-data/pdfs/Newsletter-July-22-2026--0ebb475c.pdf		public official or official-linked Garden Gate document; PDF-019; document date not stated; English	public official or official-linked Garden Gate document; PDF-019; document date not stated; English	https://www.gardengatemv.org/s/Newsletter-July-22-2026.pdf	Dated newsletter file, public title, document date where present, and relationship to the News & Resources index.	resource-file	Keep dated documents as documents under one resource hub rather than creating a separate page design for each file.	yes	yes
URL-70	https://www.gardengatemv.org/s/Newsletter-July-29-2026-knf9.pdf	URL transition	02-collect/source-data/pdf-inventory.tsv | 02-collect/source-data/pdfs/Newsletter-July-29-2026-knf9--ef7b1f04.pdf		public official or official-linked Garden Gate document; PDF-020; document date not stated; English	public official or official-linked Garden Gate document; PDF-020; document date not stated; English	https://www.gardengatemv.org/s/Newsletter-July-29-2026-knf9.pdf	Dated newsletter file, public title, document date where present, and relationship to the News & Resources index.	resource-file	Keep dated documents as documents under one resource hub rather than creating a separate page design for each file.	yes	yes
URL-71	https://www.gardengatemv.org/s/Newsletter-July-8-2026.pdf	URL transition	02-collect/source-data/pdf-inventory.tsv | 02-collect/source-data/pdfs/Newsletter-July-8-2026--44be9989.pdf		public official or official-linked Garden Gate document; PDF-021; document date not stated; English	public official or official-linked Garden Gate document; PDF-021; document date not stated; English	https://www.gardengatemv.org/s/Newsletter-July-8-2026.pdf	Dated newsletter file, public title, document date where present, and relationship to the News & Resources index.	resource-file	Keep dated documents as documents under one resource hub rather than creating a separate page design for each file.	yes	yes
URL-72	https://www.gardengatemv.org/s/Newsletter-June-12-2026.pdf	URL transition	02-collect/source-data/pdf-inventory.tsv | 02-collect/source-data/pdfs/Newsletter-June-12-2026--af8d5eb9.pdf		public official or official-linked Garden Gate document; PDF-022; June 12, 2026; English	public official or official-linked Garden Gate document; PDF-022; June 12, 2026; English	https://www.gardengatemv.org/s/Newsletter-June-12-2026.pdf	Dated newsletter file, public title, document date where present, and relationship to the News & Resources index.	resource-file	Keep dated documents as documents under one resource hub rather than creating a separate page design for each file.	yes	yes
URL-73	https://www.gardengatemv.org/s/Newsletter-June-5-2026.pdf	URL transition	02-collect/source-data/pdf-inventory.tsv | 02-collect/source-data/pdfs/Newsletter-June-5-2026--52a5fd5f.pdf		public official or official-linked Garden Gate document; PDF-023; June 5, 2026; English	public official or official-linked Garden Gate document; PDF-023; June 5, 2026; English	https://www.gardengatemv.org/s/Newsletter-June-5-2026.pdf	Dated newsletter file, public title, document date where present, and relationship to the News & Resources index.	resource-file	Keep dated documents as documents under one resource hub rather than creating a separate page design for each file.	yes	yes
URL-74	https://www.gardengatemv.org/s/Newsletter-March-13-2026.pdf	URL transition	02-collect/source-data/pdf-inventory.tsv | 02-collect/source-data/pdfs/Newsletter-March-13-2026--1d8cda11.pdf		public official or official-linked Garden Gate document; PDF-024; March 13, 2026; English	public official or official-linked Garden Gate document; PDF-024; March 13, 2026; English	https://www.gardengatemv.org/s/Newsletter-March-13-2026.pdf	Dated newsletter file, public title, document date where present, and relationship to the News & Resources index.	resource-file	Keep dated documents as documents under one resource hub rather than creating a separate page design for each file.	yes	yes
URL-75	https://www.gardengatemv.org/s/Newsletter-March-20-2026.pdf	URL transition	02-collect/source-data/pdf-inventory.tsv | 02-collect/source-data/pdfs/Newsletter-March-20-2026--e1bd1dd1.pdf		public official or official-linked Garden Gate document; PDF-025; March 20, 2026; English	public official or official-linked Garden Gate document; PDF-025; March 20, 2026; English	https://www.gardengatemv.org/s/Newsletter-March-20-2026.pdf	Dated newsletter file, public title, document date where present, and relationship to the News & Resources index.	resource-file	Keep dated documents as documents under one resource hub rather than creating a separate page design for each file.	yes	yes
URL-76	https://www.gardengatemv.org/s/Newsletter-March-27-2026.pdf	URL transition	02-collect/source-data/pdf-inventory.tsv | 02-collect/source-data/pdfs/Newsletter-March-27-2026--99cca02b.pdf		public official or official-linked Garden Gate document; PDF-026; March 27, 2026; English	public official or official-linked Garden Gate document; PDF-026; March 27, 2026; English	https://www.gardengatemv.org/s/Newsletter-March-27-2026.pdf	Dated newsletter file, public title, document date where present, and relationship to the News & Resources index.	resource-file	Keep dated documents as documents under one resource hub rather than creating a separate page design for each file.	yes	yes
URL-77	https://www.gardengatemv.org/s/Newsletter-March-6-2026.pdf	URL transition	02-collect/source-data/pdf-inventory.tsv | 02-collect/source-data/pdfs/Newsletter-March-6-2026--3a997f8e.pdf		public official or official-linked Garden Gate document; PDF-027; March 6, 2026; English	public official or official-linked Garden Gate document; PDF-027; March 6, 2026; English	https://www.gardengatemv.org/s/Newsletter-March-6-2026.pdf	Dated newsletter file, public title, document date where present, and relationship to the News & Resources index.	resource-file	Keep dated documents as documents under one resource hub rather than creating a separate page design for each file.	yes	yes
URL-78	https://www.gardengatemv.org/s/Newsletter-May-1-2026.pdf	URL transition	02-collect/source-data/pdf-inventory.tsv | 02-collect/source-data/pdfs/Newsletter-May-1-2026--df410ab2.pdf		public official or official-linked Garden Gate document; PDF-028; May 1, 2026; English	public official or official-linked Garden Gate document; PDF-028; May 1, 2026; English	https://www.gardengatemv.org/s/Newsletter-May-1-2026.pdf	Dated newsletter file, public title, document date where present, and relationship to the News & Resources index.	resource-file	Keep dated documents as documents under one resource hub rather than creating a separate page design for each file.	yes	yes
URL-79	https://www.gardengatemv.org/s/Newsletter-May-15-2026.pdf	URL transition	02-collect/source-data/pdf-inventory.tsv | 02-collect/source-data/pdfs/Newsletter-May-15-2026--adc82779.pdf		public official or official-linked Garden Gate document; PDF-029; May 15, 2026; English	public official or official-linked Garden Gate document; PDF-029; May 15, 2026; English	https://www.gardengatemv.org/s/Newsletter-May-15-2026.pdf	Dated newsletter file, public title, document date where present, and relationship to the News & Resources index.	resource-file	Keep dated documents as documents under one resource hub rather than creating a separate page design for each file.	yes	yes
URL-80	https://www.gardengatemv.org/s/Newsletter-May-22-2026.pdf	URL transition	02-collect/source-data/pdf-inventory.tsv | 02-collect/source-data/pdfs/Newsletter-May-22-2026--1df144e2.pdf		public official or official-linked Garden Gate document; PDF-030; May 22, 2026; English	public official or official-linked Garden Gate document; PDF-030; May 22, 2026; English	https://www.gardengatemv.org/s/Newsletter-May-22-2026.pdf	Dated newsletter file, public title, document date where present, and relationship to the News & Resources index.	resource-file	Keep dated documents as documents under one resource hub rather than creating a separate page design for each file.	yes	yes
URL-81	https://www.gardengatemv.org/s/Newsletter-May-29-2026.pdf	URL transition	02-collect/source-data/pdf-inventory.tsv | 02-collect/source-data/pdfs/Newsletter-May-29-2026--50003baf.pdf		public official or official-linked Garden Gate document; PDF-031; May 29, 2026; English	public official or official-linked Garden Gate document; PDF-031; May 29, 2026; English	https://www.gardengatemv.org/s/Newsletter-May-29-2026.pdf	Dated newsletter file, public title, document date where present, and relationship to the News & Resources index.	resource-file	Keep dated documents as documents under one resource hub rather than creating a separate page design for each file.	yes	yes
URL-82	https://www.gardengatemv.org/s/Newsletter-May-8-2026.pdf	URL transition	02-collect/source-data/pdf-inventory.tsv | 02-collect/source-data/pdfs/Newsletter-May-8-2026--55807b9d.pdf		public official or official-linked Garden Gate document; PDF-032; May 8, 2026; English	public official or official-linked Garden Gate document; PDF-032; May 8, 2026; English	https://www.gardengatemv.org/s/Newsletter-May-8-2026.pdf	Dated newsletter file, public title, document date where present, and relationship to the News & Resources index.	resource-file	Keep dated documents as documents under one resource hub rather than creating a separate page design for each file.	yes	yes
URL-83	https://www.gardengatemv.org/s/Newsletter-November-14-2025.pdf	URL transition	02-collect/source-data/pdf-inventory.tsv | 02-collect/source-data/pdfs/Newsletter-November-14-2025--c4f16d91.pdf		public official or official-linked Garden Gate document; PDF-033; November 14, 2025; English	public official or official-linked Garden Gate document; PDF-033; November 14, 2025; English	https://www.gardengatemv.org/s/Newsletter-November-14-2025.pdf	Dated newsletter file, public title, document date where present, and relationship to the News & Resources index.	resource-file	Keep dated documents as documents under one resource hub rather than creating a separate page design for each file.	yes	yes
URL-84	https://www.gardengatemv.org/s/Newsletter-November-21-2025-9y2b.pdf	URL transition	02-collect/source-data/pdf-inventory.tsv | 02-collect/source-data/pdfs/Newsletter-November-21-2025-9y2b--65de3227.pdf		public official or official-linked Garden Gate document; PDF-034; November 21, 2025; English	public official or official-linked Garden Gate document; PDF-034; November 21, 2025; English	https://www.gardengatemv.org/s/Newsletter-November-21-2025-9y2b.pdf	Dated newsletter file, public title, document date where present, and relationship to the News & Resources index.	resource-file	Keep dated documents as documents under one resource hub rather than creating a separate page design for each file.	yes	yes
URL-85	https://www.gardengatemv.org/s/Newsletter-November-7-2025.pdf	URL transition	02-collect/source-data/pdf-inventory.tsv | 02-collect/source-data/pdfs/Newsletter-November-7-2025--ae7d5041.pdf		public official or official-linked Garden Gate document; PDF-035; November 7, 2025; English	public official or official-linked Garden Gate document; PDF-035; November 7, 2025; English	https://www.gardengatemv.org/s/Newsletter-November-7-2025.pdf	Dated newsletter file, public title, document date where present, and relationship to the News & Resources index.	resource-file	Keep dated documents as documents under one resource hub rather than creating a separate page design for each file.	yes	yes
URL-86	https://www.gardengatemv.org/s/Newsletter-October-10-2025-yzty.pdf	URL transition	02-collect/source-data/pdf-inventory.tsv | 02-collect/source-data/pdfs/Newsletter-October-10-2025-yzty--572002a9.pdf		public official or official-linked Garden Gate document; PDF-036; October 10, 2025; English	public official or official-linked Garden Gate document; PDF-036; October 10, 2025; English	https://www.gardengatemv.org/s/Newsletter-October-10-2025-yzty.pdf	Dated newsletter file, public title, document date where present, and relationship to the News & Resources index.	resource-file	Keep dated documents as documents under one resource hub rather than creating a separate page design for each file.	yes	yes
URL-87	https://www.gardengatemv.org/s/Newsletter-October-17-2025.pdf	URL transition	02-collect/source-data/pdf-inventory.tsv | 02-collect/source-data/pdfs/Newsletter-October-17-2025--09fe4018.pdf		public official or official-linked Garden Gate document; PDF-037; October 17, 2025; English	public official or official-linked Garden Gate document; PDF-037; October 17, 2025; English	https://www.gardengatemv.org/s/Newsletter-October-17-2025.pdf	Dated newsletter file, public title, document date where present, and relationship to the News & Resources index.	resource-file	Keep dated documents as documents under one resource hub rather than creating a separate page design for each file.	yes	yes
URL-88	https://www.gardengatemv.org/s/Newsletter-October-24-2025-bf59.pdf	URL transition	02-collect/source-data/pdf-inventory.tsv | 02-collect/source-data/pdfs/Newsletter-October-24-2025-bf59--e5000bac.pdf		public official or official-linked Garden Gate document; PDF-038; October 24, 2025; English	public official or official-linked Garden Gate document; PDF-038; October 24, 2025; English	https://www.gardengatemv.org/s/Newsletter-October-24-2025-bf59.pdf	Dated newsletter file, public title, document date where present, and relationship to the News & Resources index.	resource-file	Keep dated documents as documents under one resource hub rather than creating a separate page design for each file.	yes	yes
URL-89	https://www.gardengatemv.org/s/Newsletter-October-3-2025.pdf	URL transition	02-collect/source-data/pdf-inventory.tsv | 02-collect/source-data/pdfs/Newsletter-October-3-2025--612571a4.pdf		public official or official-linked Garden Gate document; PDF-039; October 3, 2025; English	public official or official-linked Garden Gate document; PDF-039; October 3, 2025; English	https://www.gardengatemv.org/s/Newsletter-October-3-2025.pdf	Dated newsletter file, public title, document date where present, and relationship to the News & Resources index.	resource-file	Keep dated documents as documents under one resource hub rather than creating a separate page design for each file.	yes	yes
URL-90	https://www.gardengatemv.org/s/Newsletter-October-31-2025-1.pdf	URL transition	02-collect/source-data/pdf-inventory.tsv | 02-collect/source-data/pdfs/Newsletter-October-31-2025-1--0487389c.pdf		public official or official-linked Garden Gate document; PDF-040; October 31, 2025; English	public official or official-linked Garden Gate document; PDF-040; October 31, 2025; English	https://www.gardengatemv.org/s/Newsletter-October-31-2025-1.pdf	Dated newsletter file, public title, document date where present, and relationship to the News & Resources index.	resource-file	Keep dated documents as documents under one resource hub rather than creating a separate page design for each file.	yes	yes
URL-91	https://www.gardengatemv.org/s/Newsletter-September-12-2025.pdf	URL transition	02-collect/source-data/pdf-inventory.tsv | 02-collect/source-data/pdfs/Newsletter-September-12-2025--2de0faf9.pdf		public official or official-linked Garden Gate document; PDF-041; September 12, 2025; English	public official or official-linked Garden Gate document; PDF-041; September 12, 2025; English	https://www.gardengatemv.org/s/Newsletter-September-12-2025.pdf	Dated newsletter file, public title, document date where present, and relationship to the News & Resources index.	resource-file	Keep dated documents as documents under one resource hub rather than creating a separate page design for each file.	yes	yes
URL-92	https://www.gardengatemv.org/s/Newsletter-September-5-2025.pdf	URL transition	02-collect/source-data/pdf-inventory.tsv | 02-collect/source-data/pdfs/Newsletter-September-5-2025--eac84f86.pdf		public official or official-linked Garden Gate document; PDF-042; September 5, 2025; English	public official or official-linked Garden Gate document; PDF-042; September 5, 2025; English	https://www.gardengatemv.org/s/Newsletter-September-5-2025.pdf	Dated newsletter file, public title, document date where present, and relationship to the News & Resources index.	resource-file	Keep dated documents as documents under one resource hub rather than creating a separate page design for each file.	yes	yes
URL-93	https://www.gardengatemv.org/s/Translated-copy-of-Community-of-Belonging.pdf	URL transition	02-collect/source-data/pdf-inventory.tsv | 02-collect/source-data/pdfs/Translated-copy-of-Community-of-Belonging--4724dfa7.pdf		public official or official-linked Garden Gate document; PDF-043; document date not stated; Portuguese	public official or official-linked Garden Gate document; PDF-043; document date not stated; Portuguese		Translated document, Portuguese title/label, document language, and version/currentness context.	deferred	Keep each translated document discoverable from the Portuguese hub.	yes	yes
URL-94	https://www.gardengatemv.org/s/Translated-copy-of-Enrollment.pdf	URL transition	02-collect/source-data/pdf-inventory.tsv | 02-collect/source-data/pdfs/Translated-copy-of-Enrollment--0fdd4e68.pdf		public official or official-linked Garden Gate document; PDF-044; document date not stated; Portuguese	public official or official-linked Garden Gate document; PDF-044; document date not stated; Portuguese		Translated document, Portuguese title/label, document language, and version/currentness context.	deferred	Keep each translated document discoverable from the Portuguese hub.	yes	yes
URL-95	https://www.gardengatemv.org/s/Translated-copy-of-Kindergarten-QA.pdf	URL transition	02-collect/source-data/pdf-inventory.tsv | 02-collect/source-data/pdfs/Translated-copy-of-Kindergarten-QA--1bc9195b.pdf		public official or official-linked Garden Gate document; PDF-045; document date not stated; Portuguese	public official or official-linked Garden Gate document; PDF-045; document date not stated; Portuguese		Translated document, Portuguese title/label, document language, and version/currentness context.	deferred	Keep each translated document discoverable from the Portuguese hub.	yes	yes
URL-96	https://www.gardengatemv.org/s/Translated20copy20of20Our20MissionC2A028129.pdf	URL transition	02-collect/source-data/pdf-inventory.tsv | 02-collect/source-data/pdfs/Translated20copy20of20Our20MissionC2A028129--cfb9c358.pdf		public official or official-linked Garden Gate document; PDF-046; document date not stated; Portuguese	public official or official-linked Garden Gate document; PDF-046; document date not stated; Portuguese		Translated document, Portuguese title/label, document language, and version/currentness context.	deferred	Keep each translated document discoverable from the Portuguese hub.	yes	yes
URL-97	https://www.gardengatemv.org/s/Translated20copy20of20Our20Studio20Classrooms.pdf	URL transition	02-collect/source-data/pdf-inventory.tsv | 02-collect/source-data/pdfs/Translated20copy20of20Our20Studio20Classrooms--dc559c91.pdf		public official or official-linked Garden Gate document; PDF-047; document date not stated; Portuguese	public official or official-linked Garden Gate document; PDF-047; document date not stated; Portuguese		Translated document, Portuguese title/label, document language, and version/currentness context.	deferred	Keep each translated document discoverable from the Portuguese hub.	yes	yes
URL-98	https://www.gardengatemv.org/s/Translated2Bcopy2Bof2B2BOur2BStory2B.pdf	URL transition	02-collect/source-data/pdf-inventory.tsv | 02-collect/source-data/pdfs/Translated2Bcopy2Bof2B2BOur2BStory2B--f6bac4f2.pdf		public official or official-linked Garden Gate document; PDF-048; document date not stated; Portuguese	public official or official-linked Garden Gate document; PDF-048; document date not stated; Portuguese		Translated document, Portuguese title/label, document language, and version/currentness context.	deferred	Keep each translated document discoverable from the Portuguese hub.	yes	yes
URL-99	https://www.facebook.com/GardenGateCDC/	URL transition	02-collect/source-data/link-status.tsv | 02-collect/SOURCE-MAP.md		official external social profile; access-restricted shell during Stage 2	official external social profile; access-restricted shell during Stage 2	https://www.facebook.com/GardenGateCDC/	Verified organizational profile destination only.	external-destination	Retain as a footer/contextual external social destination.	yes	yes
URL-100	https://www.instagram.com/gardengatecdc/	URL transition	02-collect/source-data/link-status.tsv | 02-collect/SOURCE-MAP.md		official external social profile; restricted/lazy-loaded during Stage 2	official external social profile; restricted/lazy-loaded during Stage 2	https://www.instagram.com/gardengatecdc/	Verified organizational profile destination only.	external-destination	Retain as a footer/contextual external social destination.	yes	yes
URL-101	mailto:gardengatecdc@hotmail.com	URL transition	02-collect/source-data/link-status.tsv | 02-collect/source-data/site-text/questions--40e47008.txt | 02-collect/source-data/site-text/em-portugues--95973a54.txt		current public organizational email destination	current public organizational email destination	mailto:gardengatecdc@hotmail.com	Current public email address.	external-destination	Keep as a contact method while routing sensitive information elsewhere.	yes	yes
URL-102	tel:+17745632435	URL transition	02-collect/source-data/link-status.tsv | 02-collect/source-data/site-text/questions--40e47008.txt | 02-collect/source-data/site-text/root--34bff215.txt		current public organizational telephone destination	current public organizational telephone destination	tel:+17745632435	Current public phone number.	external-destination	Keep as a direct contact method.	yes	yes
URL-103	https://projects.propublica.org/nonprofits/organizations/43470389/202502799349301940/full	URL transition	02-collect/source-data/external/nonprofit-filings/2024-form-990-full.html | 02-collect/source-data/external/pdf-text/garden-gate-2024-form-990.txt | 02-collect/SOURCE-MAP.md		stable external public FY2024 Form 990 filing page	stable external public FY2024 Form 990 filing page	https://projects.propublica.org/nonprofits/organizations/43470389/202502799349301940/full	Dated legal, governance, and financial accountability source.	external-destination	Offer a stable external evidence destination from About or Support Us when later copy calls for it.	yes	yes
URL-104	https://www.featherstoneart.org/visit.html	URL transition	02-collect/source-data/external/html/featherstone-visit.txt | 02-collect/SOURCE-MAP.md		current external Featherstone campus/visit source	current external Featherstone campus/visit source	https://www.featherstoneart.org/visit.html	Campus/place context and independent location reference.	external-destination	Use only as a contextual external place reference from About.	yes	yes
URL-105	squarespace-form:5fcdacc805ddc9599d3f75d2	URL transition	02-collect/source-data/raw/form-schema.json | 02-collect/source-data/site-text/enrollment-application--5c279b88.txt		existing hosted 16-field enrollment form service identifier	existing hosted 16-field enrollment form service identifier		Evidence that the current site has an online enrollment form and its public field schema.	needs-owner	Stage 4 fixes the Enrollment page but Stage 5 must choose the future intake destination and form behavior.	yes	yes
URL-106	squarespace-form:5f38b675e734c879bcaea04c	URL transition	02-collect/source-data/raw/form-schema.json | 02-collect/source-data/site-text/questions--40e47008.txt		existing hosted four-field general contact form service identifier	existing hosted four-field general contact form service identifier		Evidence that the current site has a general contact form and its public field schema.	needs-owner	Stage 4 fixes Contact as a page; Stage 5 must choose routing, destination, fields, and behavior.	yes	yes
URL-107	squarespace-donation-modal:5f38b1b22c6d5078f6d9658b	URL transition	02-collect/source-data/site-text/donate--52452f46.txt | 02-collect/source-data/raw/pages.json | 02-collect/SOURCE-MAP.md		existing embedded Squarespace donation-flow service identifier	existing embedded Squarespace donation-flow service identifier		Evidence that the current page exposes a multi-step embedded donation flow.	needs-owner	Stage 4 fixes the Support page; Stage 5 and launch must choose the transaction destination and terms.	yes	yes
URL-108	https://animoto.com/play/J8c33iP1x1pRgCswMHO9Rw	URL transition	02-collect/source-data/link-status.tsv | 02-collect/SOURCE-MAP.md | 02-collect/assets/ASSET-INVENTORY.tsv		external historical video link from the 2020 report; content not retained or reviewed	external historical video link from the 2020 report; content not retained or reviewed	/news/year-end-report-2020	Internal note that the dated report referenced an external video.	archive-record	Keep the historical report record but exclude unreviewed external media.	yes	yes
PDF-1	https://community.mvbank.com/hubfs/Community/userfiles/Giving-Report-2021.pdf	PDF	mvbank-giving-report-2021.pdf	2021	Martha's Vineyard Bank Charitable Foundation	Dated 2021		Deferred document evidence	deferred	Attachment is historical or rights-limited; a dated HTML record carries the supported public context.	yes	yes
PDF-2	https://mcusercontent.com/8684e29023b3f7e7bbb7cc2f2/files/7189df35-96a0-4791-a5b5-0cb629bbab6a/Silver_Lining_Stories_for_Newsletter.pdf	PDF	Silver_Lining_Stories_for_Newsletter.pdf		official Garden Gate site or official-linked Mailchimp document	Date not stated; do not present as current	/news	Dated document resources	resource-file	Retained as a clearly labeled dated document resource with file and date context.	yes	yes
PDF-3	https://projects.propublica.org/nonprofits/organizations/43470389/202502799349301940/full	PDF	garden-gate-2024-form-990.pdf	2024; filed 2025-10-06	IRS public filing via ProPublica Nonprofit Explorer	Dated 2024; filed 2025-10-06	/news	Dated document resources	resource-file	Retained as a clearly labeled dated document resource with file and date context.	yes	yes
PDF-4	https://www.gardengatemv.org/s/2-Newsletter-April-3-2026.pdf	PDF	Newsletter April 3 2026	April 3, 2026	official Garden Gate site or official-linked Mailchimp document	Dated April 3, 2026	/news	Dated document resources	resource-file	Retained as a clearly labeled dated document resource with file and date context.	yes	yes
PDF-5	https://www.gardengatemv.org/s/2025-Enrollment-Application-1.pdf	PDF	2025 Enrollment Application	2025	official Garden Gate site or official-linked Mailchimp document	Dated 2025		Deferred document evidence	deferred	The visible 2025 application is preserved but not activated as a current enrollment document.	yes	yes
PDF-6	https://www.gardengatemv.org/s/Copy-of-Newsletter-August-12-2026.pdf	PDF	Copy of Newsletter August 12 2026		official Garden Gate site or official-linked Mailchimp document	Date not stated; do not present as current	/news	Dated document resources	resource-file	Retained as a clearly labeled dated document resource with file and date context.	yes	yes
PDF-7	https://www.gardengatemv.org/s/Newsletter-April-10-2026.pdf	PDF	Newsletter April 10 2026	April 10, 2026	official Garden Gate site or official-linked Mailchimp document	Dated April 10, 2026	/news	Dated document resources	resource-file	Retained as a clearly labeled dated document resource with file and date context.	yes	yes
PDF-8	https://www.gardengatemv.org/s/Newsletter-August-12-2026.pdf	PDF	Newsletter August 12 2026		official Garden Gate site or official-linked Mailchimp document	Date not stated; do not present as current	/news	Dated document resources	resource-file	Retained as a clearly labeled dated document resource with file and date context.	yes	yes
PDF-9	https://www.gardengatemv.org/s/Newsletter-August-5-2026.pdf	PDF	Newsletter August 5 2026		official Garden Gate site or official-linked Mailchimp document	Date not stated; do not present as current	/news	Dated document resources	resource-file	Retained as a clearly labeled dated document resource with file and date context.	yes	yes
PDF-10	https://www.gardengatemv.org/s/Newsletter-December-12-2025.pdf	PDF	Newsletter December 12 2025	December 12, 2025	official Garden Gate site or official-linked Mailchimp document	Dated December 12, 2025	/news	Dated document resources	resource-file	Retained as a clearly labeled dated document resource with file and date context.	yes	yes
PDF-11	https://www.gardengatemv.org/s/Newsletter-December-5-2025.pdf	PDF	Newsletter December 5 2025	December 5, 2025	official Garden Gate site or official-linked Mailchimp document	Dated December 5, 2025	/news	Dated document resources	resource-file	Retained as a clearly labeled dated document resource with file and date context.	yes	yes
PDF-12	https://www.gardengatemv.org/s/Newsletter-February-13-2026.pdf	PDF	Newsletter February 13 2026	February 13, 2026	official Garden Gate site or official-linked Mailchimp document	Dated February 13, 2026	/news	Dated document resources	resource-file	Retained as a clearly labeled dated document resource with file and date context.	yes	yes
PDF-13	https://www.gardengatemv.org/s/Newsletter-February-6-2026.pdf	PDF	Newsletter February 6 2026	February 6, 2026	official Garden Gate site or official-linked Mailchimp document	Dated February 6, 2026	/news	Dated document resources	resource-file	Retained as a clearly labeled dated document resource with file and date context.	yes	yes
PDF-14	https://www.gardengatemv.org/s/Newsletter-January-16-2026.pdf	PDF	Newsletter January 16 2026	January 16, 2026	official Garden Gate site or official-linked Mailchimp document	Dated January 16, 2026	/news	Dated document resources	resource-file	Retained as a clearly labeled dated document resource with file and date context.	yes	yes
PDF-15	https://www.gardengatemv.org/s/Newsletter-January-23-2026.pdf	PDF	Newsletter January 23 2026	January 23, 2026	official Garden Gate site or official-linked Mailchimp document	Dated January 23, 2026	/news	Dated document resources	resource-file	Retained as a clearly labeled dated document resource with file and date context.	yes	yes
PDF-16	https://www.gardengatemv.org/s/Newsletter-January-30-2026.pdf	PDF	Newsletter January 30 2026	January 30, 2026	official Garden Gate site or official-linked Mailchimp document	Dated January 30, 2026	/news	Dated document resources	resource-file	Retained as a clearly labeled dated document resource with file and date context.	yes	yes
PDF-17	https://www.gardengatemv.org/s/Newsletter-January-9-2026.pdf	PDF	Newsletter January 9 2026	January 9, 2026	official Garden Gate site or official-linked Mailchimp document	Dated January 9, 2026	/news	Dated document resources	resource-file	Retained as a clearly labeled dated document resource with file and date context.	yes	yes
PDF-18	https://www.gardengatemv.org/s/Newsletter-July-15-2026.pdf	PDF	Newsletter July 15 2026		official Garden Gate site or official-linked Mailchimp document	Date not stated; do not present as current	/news	Dated document resources	resource-file	Retained as a clearly labeled dated document resource with file and date context.	yes	yes
PDF-19	https://www.gardengatemv.org/s/Newsletter-July-22-2026.pdf	PDF	Newsletter July 22 2026		official Garden Gate site or official-linked Mailchimp document	Date not stated; do not present as current	/news	Dated document resources	resource-file	Retained as a clearly labeled dated document resource with file and date context.	yes	yes
PDF-20	https://www.gardengatemv.org/s/Newsletter-July-29-2026-knf9.pdf	PDF	Newsletter July 29 2026		official Garden Gate site or official-linked Mailchimp document	Date not stated; do not present as current	/news	Dated document resources	resource-file	Retained as a clearly labeled dated document resource with file and date context.	yes	yes
PDF-21	https://www.gardengatemv.org/s/Newsletter-July-8-2026.pdf	PDF	Newsletter July 8 2026		official Garden Gate site or official-linked Mailchimp document	Date not stated; do not present as current	/news	Dated document resources	resource-file	Retained as a clearly labeled dated document resource with file and date context.	yes	yes
PDF-22	https://www.gardengatemv.org/s/Newsletter-June-12-2026.pdf	PDF	Newsletter June 12 2026	June 12, 2026	official Garden Gate site or official-linked Mailchimp document	Dated June 12, 2026	/news	Dated document resources	resource-file	Retained as a clearly labeled dated document resource with file and date context.	yes	yes
PDF-23	https://www.gardengatemv.org/s/Newsletter-June-5-2026.pdf	PDF	Newsletter June 5 2026	June 5, 2026	official Garden Gate site or official-linked Mailchimp document	Dated June 5, 2026	/news	Dated document resources	resource-file	Retained as a clearly labeled dated document resource with file and date context.	yes	yes
PDF-24	https://www.gardengatemv.org/s/Newsletter-March-13-2026.pdf	PDF	Newsletter March 13 2026	March 13, 2026	official Garden Gate site or official-linked Mailchimp document	Dated March 13, 2026	/news	Dated document resources	resource-file	Retained as a clearly labeled dated document resource with file and date context.	yes	yes
PDF-25	https://www.gardengatemv.org/s/Newsletter-March-20-2026.pdf	PDF	Newsletter March 20 2026	March 20, 2026	official Garden Gate site or official-linked Mailchimp document	Dated March 20, 2026	/news	Dated document resources	resource-file	Retained as a clearly labeled dated document resource with file and date context.	yes	yes
PDF-26	https://www.gardengatemv.org/s/Newsletter-March-27-2026.pdf	PDF	Newsletter March 27 2026	March 27, 2026	official Garden Gate site or official-linked Mailchimp document	Dated March 27, 2026	/news	Dated document resources	resource-file	Retained as a clearly labeled dated document resource with file and date context.	yes	yes
PDF-27	https://www.gardengatemv.org/s/Newsletter-March-6-2026.pdf	PDF	Newsletter March 6 2026	March 6, 2026	official Garden Gate site or official-linked Mailchimp document	Dated March 6, 2026	/news	Dated document resources	resource-file	Retained as a clearly labeled dated document resource with file and date context.	yes	yes
PDF-28	https://www.gardengatemv.org/s/Newsletter-May-1-2026.pdf	PDF	Newsletter May 1 2026	May 1, 2026	official Garden Gate site or official-linked Mailchimp document	Dated May 1, 2026	/news	Dated document resources	resource-file	Retained as a clearly labeled dated document resource with file and date context.	yes	yes
PDF-29	https://www.gardengatemv.org/s/Newsletter-May-15-2026.pdf	PDF	Newsletter May 15 2026	May 15, 2026	official Garden Gate site or official-linked Mailchimp document	Dated May 15, 2026	/news	Dated document resources	resource-file	Retained as a clearly labeled dated document resource with file and date context.	yes	yes
PDF-30	https://www.gardengatemv.org/s/Newsletter-May-22-2026.pdf	PDF	Newsletter May 22 2026	May 22, 2026	official Garden Gate site or official-linked Mailchimp document	Dated May 22, 2026	/news	Dated document resources	resource-file	Retained as a clearly labeled dated document resource with file and date context.	yes	yes
PDF-31	https://www.gardengatemv.org/s/Newsletter-May-29-2026.pdf	PDF	Newsletter May 29 2026	May 29, 2026	official Garden Gate site or official-linked Mailchimp document	Dated May 29, 2026	/news	Dated document resources	resource-file	Retained as a clearly labeled dated document resource with file and date context.	yes	yes
PDF-32	https://www.gardengatemv.org/s/Newsletter-May-8-2026.pdf	PDF	Newsletter May 8 2026	May 8, 2026	official Garden Gate site or official-linked Mailchimp document	Dated May 8, 2026	/news	Dated document resources	resource-file	Retained as a clearly labeled dated document resource with file and date context.	yes	yes
PDF-33	https://www.gardengatemv.org/s/Newsletter-November-14-2025.pdf	PDF	Newsletter November 14 2025	November 14, 2025	official Garden Gate site or official-linked Mailchimp document	Dated November 14, 2025	/news	Dated document resources	resource-file	Retained as a clearly labeled dated document resource with file and date context.	yes	yes
PDF-34	https://www.gardengatemv.org/s/Newsletter-November-21-2025-9y2b.pdf	PDF	Newsletter November 21 2025	November 21, 2025	official Garden Gate site or official-linked Mailchimp document	Dated November 21, 2025	/news	Dated document resources	resource-file	Retained as a clearly labeled dated document resource with file and date context.	yes	yes
PDF-35	https://www.gardengatemv.org/s/Newsletter-November-7-2025.pdf	PDF	Newsletter November 7 2025	November 7, 2025	official Garden Gate site or official-linked Mailchimp document	Dated November 7, 2025	/news	Dated document resources	resource-file	Retained as a clearly labeled dated document resource with file and date context.	yes	yes
PDF-36	https://www.gardengatemv.org/s/Newsletter-October-10-2025-yzty.pdf	PDF	Newsletter October 10 2025	October 10, 2025	official Garden Gate site or official-linked Mailchimp document	Dated October 10, 2025	/news	Dated document resources	resource-file	Retained as a clearly labeled dated document resource with file and date context.	yes	yes
PDF-37	https://www.gardengatemv.org/s/Newsletter-October-17-2025.pdf	PDF	Newsletter October 17 2025	October 17, 2025	official Garden Gate site or official-linked Mailchimp document	Dated October 17, 2025	/news	Dated document resources	resource-file	Retained as a clearly labeled dated document resource with file and date context.	yes	yes
PDF-38	https://www.gardengatemv.org/s/Newsletter-October-24-2025-bf59.pdf	PDF	Newsletter October 24 2025	October 24, 2025	official Garden Gate site or official-linked Mailchimp document	Dated October 24, 2025	/news	Dated document resources	resource-file	Retained as a clearly labeled dated document resource with file and date context.	yes	yes
PDF-39	https://www.gardengatemv.org/s/Newsletter-October-3-2025.pdf	PDF	Newsletter October 3 2025	October 3, 2025	official Garden Gate site or official-linked Mailchimp document	Dated October 3, 2025	/news	Dated document resources	resource-file	Retained as a clearly labeled dated document resource with file and date context.	yes	yes
PDF-40	https://www.gardengatemv.org/s/Newsletter-October-31-2025-1.pdf	PDF	Newsletter October 31 2025	October 31, 2025	official Garden Gate site or official-linked Mailchimp document	Dated October 31, 2025	/news	Dated document resources	resource-file	Retained as a clearly labeled dated document resource with file and date context.	yes	yes
PDF-41	https://www.gardengatemv.org/s/Newsletter-September-12-2025.pdf	PDF	Newsletter September 12 2025	September 12, 2025	official Garden Gate site or official-linked Mailchimp document	Dated September 12, 2025	/news	Dated document resources	resource-file	Retained as a clearly labeled dated document resource with file and date context.	yes	yes
PDF-42	https://www.gardengatemv.org/s/Newsletter-September-5-2025.pdf	PDF	Newsletter September 5 2025	September 5, 2025	official Garden Gate site or official-linked Mailchimp document	Dated September 5, 2025	/news	Dated document resources	resource-file	Retained as a clearly labeled dated document resource with file and date context.	yes	yes
PDF-43	https://www.gardengatemv.org/s/Translated-copy-of-Community-of-Belonging.pdf	PDF	Translated-copy-of-Community-of-Belonging.pdf		official Garden Gate site or official-linked Mailchimp document	Date not stated; do not present as current		Deferred document evidence	deferred	Portuguese document retained but unavailable publicly until translation, currentness, accessibility, ownership, and service review.	yes	yes
PDF-44	https://www.gardengatemv.org/s/Translated-copy-of-Enrollment.pdf	PDF	Translated-copy-of-Enrollment.pdf		official Garden Gate site or official-linked Mailchimp document	Date not stated; do not present as current		Deferred document evidence	deferred	Portuguese document retained but unavailable publicly until translation, currentness, accessibility, ownership, and service review.	yes	yes
PDF-45	https://www.gardengatemv.org/s/Translated-copy-of-Kindergarten-QA.pdf	PDF	Translated-copy-of-Kindergarten-QA.pdf		official Garden Gate site or official-linked Mailchimp document	Date not stated; do not present as current		Deferred document evidence	deferred	Portuguese document retained but unavailable publicly until translation, currentness, accessibility, ownership, and service review.	yes	yes
PDF-46	https://www.gardengatemv.org/s/Translated20copy20of20Our20MissionC2A028129.pdf	PDF	Translated20copy20of20Our20MissionC2A028129.pdf		official Garden Gate site or official-linked Mailchimp document	Date not stated; do not present as current		Deferred document evidence	deferred	Portuguese document retained but unavailable publicly until translation, currentness, accessibility, ownership, and service review.	yes	yes
PDF-47	https://www.gardengatemv.org/s/Translated20copy20of20Our20Studio20Classrooms.pdf	PDF	Translated20copy20of20Our20Studio20Classrooms.pdf		official Garden Gate site or official-linked Mailchimp document	Date not stated; do not present as current		Deferred document evidence	deferred	Portuguese document retained but unavailable publicly until translation, currentness, accessibility, ownership, and service review.	yes	yes
PDF-48	https://www.gardengatemv.org/s/Translated2Bcopy2Bof2B2BOur2BStory2B.pdf	PDF	Translated2Bcopy2Bof2B2BOur2BStory2B.pdf		official Garden Gate site or official-linked Mailchimp document	Date not stated; do not present as current		Deferred document evidence	deferred	Portuguese document retained but unavailable publicly until translation, currentness, accessibility, ownership, and service review.	yes	yes
PDF-49	https://www.massdevelopment.com/assets/document/annual-reports/CFF_Annual_Report_2023.pdf	PDF	massdevelopment-cff-2023.pdf	2023	MassDevelopment / Massachusetts Cultural Council	Dated 2023	/news	Dated document resources	resource-file	Retained as a clearly labeled dated document resource with file and date context.	yes	yes
PDF-50	https://www.mvcommunityservices.org/wp-content/uploads/sites/38/2019/01/Updated-8.13.18-Family-Resource-Center-Guide.pdf	PDF	mvcs-family-resource-guide-2018.pdf	2018-08-13	Martha's Vineyard Community Services	Dated 2018-08-13	/news	Dated document resources	resource-file	Retained as a clearly labeled dated document resource with file and date context.	yes	yes
TEXT-1	02-collect/source-data/site-text/about-us--70c6ed48.txt	Official page text inventory	about us		Verified current public information	captured-current; launch review still required	/about	Canonical page evidence	consolidated	Consolidated into the locked canonical page responsibility.	yes	yes
TEXT-2	02-collect/source-data/site-text/articles-newsletters--57076117.txt	Official page text inventory	articles newsletters		Verified current public information	captured-current; launch review still required	/news	Canonical page evidence	consolidated	Consolidated into the locked canonical page responsibility.	yes	yes
TEXT-3	02-collect/source-data/site-text/articles-newsletters--blog-post-one-39wtm--a95cfc52.txt	Official page text inventory	articles newsletters blog post one 39wtm		Historical evidence	dated-or-historical	/news/professional-development-2018	Dated News or Resource record	archive-record	Migrated into the repeatable dated record system.	yes	yes
TEXT-4	02-collect/source-data/site-text/articles-newsletters--building-community-through-play-establishing-belonging--28b81f2b.txt	Official page text inventory	articles newsletters building community through play establishing belonging		Historical evidence	dated-or-historical	/news/building-community-through-play-establishing-belonging	Dated News or Resource record	archive-record	Migrated into the repeatable dated record system.	yes	yes
TEXT-5	02-collect/source-data/site-text/articles-newsletters--december-2023--dc0c4e6c.txt	Official page text inventory	articles newsletters december 2023		Historical evidence	dated-or-historical	/news/december-2023	Dated News or Resource record	archive-record	Migrated into the repeatable dated record system.	yes	yes
TEXT-6	02-collect/source-data/site-text/articles-newsletters--march-2024-newsletter--cc3c0afd.txt	Official page text inventory	articles newsletters march 2024 newsletter		Historical evidence	dated-or-historical	/news/march-2024-newsletter	Dated News or Resource record	archive-record	Migrated into the repeatable dated record system.	yes	yes
TEXT-7	02-collect/source-data/site-text/articles-newsletters--new-combined-kindergartenpreschool-program-at-garden-gate--52959ee4.txt	Official page text inventory	articles newsletters new combined kindergartenpreschool program at garden gate		Historical evidence	dated-or-historical	/news/new-combined-kindergartenpreschool-program-at-garden-gate	Dated News or Resource record	archive-record	Migrated into the repeatable dated record system.	yes	yes
TEXT-8	02-collect/source-data/site-text/articles-newsletters--november-2023-newsletter-g3swg--28338882.txt	Official page text inventory	articles newsletters november 2023 newsletter g3swg		Historical evidence	dated-or-historical	/news/november-2023-newsletter-g3swg	Dated News or Resource record	archive-record	Migrated into the repeatable dated record system.	yes	yes
TEXT-9	02-collect/source-data/site-text/articles-newsletters--october-2023-newsletter--a0d6fa24.txt	Official page text inventory	articles newsletters october 2023 newsletter		Historical evidence	dated-or-historical	/news/october-2023-newsletter	Dated News or Resource record	archive-record	Migrated into the repeatable dated record system.	yes	yes
TEXT-10	02-collect/source-data/site-text/articles-newsletters--oid0tejm6tuo4hriyq50mybfkk4z4b--72d148bd.txt	Official page text inventory	articles newsletters oid0tejm6tuo4hriyq50mybfkk4z4b		Historical evidence	dated-or-historical	/news/the-essential-elements	Dated News or Resource record	archive-record	Migrated into the repeatable dated record system.	yes	yes
TEXT-11	02-collect/source-data/site-text/articles-newsletters--september-2023-newsletter--6b6675cd.txt	Official page text inventory	articles newsletters september 2023 newsletter		Historical evidence	dated-or-historical	/news/september-2023-newsletter	Dated News or Resource record	archive-record	Migrated into the repeatable dated record system.	yes	yes
TEXT-12	02-collect/source-data/site-text/articles-newsletters--silver-lining-story--3e87b1f6.txt	Official page text inventory	articles newsletters silver lining story		Historical evidence	dated-or-historical	/news/silver-lining-story	Dated News or Resource record	archive-record	Migrated into the repeatable dated record system.	yes	yes
TEXT-13	02-collect/source-data/site-text/articles-newsletters--supporting-an-inclusive-and-equitable-school-community--b00d8885.txt	Official page text inventory	articles newsletters supporting an inclusive and equitable school community		Historical evidence	dated-or-historical	/news/supporting-an-inclusive-and-equitable-school-community	Dated News or Resource record	archive-record	Migrated into the repeatable dated record system.	yes	yes
TEXT-14	02-collect/source-data/site-text/articles-newsletters--taking-care-of-the-caregivers--17c28f6e.txt	Official page text inventory	articles newsletters taking care of the caregivers		Historical evidence	dated-or-historical	/news/taking-care-of-the-caregivers	Dated News or Resource record	archive-record	Migrated into the repeatable dated record system.	yes	yes
TEXT-15	02-collect/source-data/site-text/articles-newsletters--the-nerdling--5ac94376.txt	Official page text inventory	articles newsletters the nerdling		Historical evidence	dated-or-historical	/news/the-nerdling	Dated News or Resource record	archive-record	Migrated into the repeatable dated record system.	yes	yes
TEXT-16	02-collect/source-data/site-text/articles-newsletters--year-end-report-2020--702a33c8.txt	Official page text inventory	articles newsletters year end report 2020		Historical evidence	dated-or-historical	/news/year-end-report-2020	Dated News or Resource record	archive-record	Migrated into the repeatable dated record system.	yes	yes
TEXT-17	02-collect/source-data/site-text/articles-newsletters--year-end-report-2021--44e62b2b.txt	Official page text inventory	articles newsletters year end report 2021		Historical evidence	dated-or-historical	/news/year-end-report-2021	Dated News or Resource record	archive-record	Migrated into the repeatable dated record system.	yes	yes
TEXT-18	02-collect/source-data/site-text/articles-newsletters--year-end-report-2022--f9701cd2.txt	Official page text inventory	articles newsletters year end report 2022		Historical evidence	dated-or-historical	/news/year-end-report-2022	Dated News or Resource record	archive-record	Migrated into the repeatable dated record system.	yes	yes
TEXT-19	02-collect/source-data/site-text/babycow--ed5ac122.txt	Official page text inventory	babycow		Historical evidence	dated-or-historical	/news/baby-cow-scholarship-fund	Dated News or Resource record	archive-record	Migrated into the repeatable dated record system.	yes	yes
TEXT-20	02-collect/source-data/site-text/belonging--9483ca2c.txt	Official page text inventory	belonging		Verified current public information	captured-current; launch review still required	/approach	Canonical page evidence	consolidated	Consolidated into the locked canonical page responsibility.	yes	yes
TEXT-21	02-collect/source-data/site-text/cart--f4b89dcd.txt	Official page text inventory	cart		Verified current public information	captured-current; launch review still required		Canonical page evidence	exclude-obsolete	Obsolete empty/store responsibility is not recreated.	yes	yes
TEXT-22	02-collect/source-data/site-text/donate--52452f46.txt	Official page text inventory	donate		Verified current public information	captured-current; launch review still required	/support	Canonical page evidence	consolidated	Consolidated into the locked canonical page responsibility.	yes	yes
TEXT-23	02-collect/source-data/site-text/em-portugues--95973a54.txt	Official page text inventory	em portugues		Verified current public information	captured-current; launch review still required		Canonical page evidence	deferred	Preserved in evidence but intentionally unavailable pending a documented owner/currentness decision.	yes	yes
TEXT-24	02-collect/source-data/site-text/employment-opportunities--45ef9e11.txt	Official page text inventory	employment opportunities		Verified current public information	captured-current; launch review still required	/employment	Canonical page evidence	consolidated	Consolidated into the locked canonical page responsibility.	yes	yes
TEXT-25	02-collect/source-data/site-text/enrollment-application--5c279b88.txt	Official page text inventory	enrollment application		Verified current public information	captured-current; launch review still required	/enrollment	Canonical page evidence	consolidated	Consolidated into the locked canonical page responsibility.	yes	yes
TEXT-26	02-collect/source-data/site-text/for-educators--432f0173.txt	Official page text inventory	for educators		Verified current public information	captured-current; launch review still required	/professional-development	Canonical page evidence	consolidated	Consolidated into the locked canonical page responsibility.	yes	yes
TEXT-27	02-collect/source-data/site-text/garden-gate-at-featherstone--8365f3d6.txt	Official page text inventory	garden gate at featherstone		Verified current public information	captured-current; launch review still required	/about	Canonical page evidence	consolidated	Consolidated into the locked canonical page responsibility.	yes	yes
TEXT-28	02-collect/source-data/site-text/home--8b92c69b.txt	Official page text inventory	home		Verified current public information	captured-current; launch review still required	/	Canonical page evidence	consolidated	Consolidated into the locked canonical page responsibility.	yes	yes
TEXT-29	02-collect/source-data/site-text/kindergarten--534f5e8e.txt	Official page text inventory	kindergarten		Verified current public information	captured-current; launch review still required	/programs	Canonical page evidence	consolidated	Consolidated into the locked canonical page responsibility.	yes	yes
TEXT-30	02-collect/source-data/site-text/newsletters-press--53e1ba87.txt	Official page text inventory	newsletters press		Verified current public information	captured-current; launch review still required	/news	Canonical page evidence	consolidated	Consolidated into the locked canonical page responsibility.	yes	yes
TEXT-31	02-collect/source-data/site-text/newsletters2025--08a0dd00.txt	Official page text inventory	newsletters2025		Verified current public information	captured-current; launch review still required	/news	Canonical page evidence	consolidated	Consolidated into the locked canonical page responsibility.	yes	yes
TEXT-32	02-collect/source-data/site-text/our-approach--e7eaef97.txt	Official page text inventory	our approach		Verified current public information	captured-current; launch review still required	/approach	Canonical page evidence	consolidated	Consolidated into the locked canonical page responsibility.	yes	yes
TEXT-33	02-collect/source-data/site-text/our-mission--43c2d968.txt	Official page text inventory	our mission		Verified current public information	captured-current; launch review still required	/about	Canonical page evidence	consolidated	Consolidated into the locked canonical page responsibility.	yes	yes
TEXT-34	02-collect/source-data/site-text/our-programs--4e812e3b.txt	Official page text inventory	our programs		Verified current public information	captured-current; launch review still required	/programs	Canonical page evidence	consolidated	Consolidated into the locked canonical page responsibility.	yes	yes
TEXT-35	02-collect/source-data/site-text/our-story--4d4c3ab7.txt	Official page text inventory	our story		Verified current public information	captured-current; launch review still required	/about	Canonical page evidence	consolidated	Consolidated into the locked canonical page responsibility.	yes	yes
TEXT-36	02-collect/source-data/site-text/our-team--0da52a36.txt	Official page text inventory	our team		Verified current public information	captured-current; launch review still required	/about/people	Canonical page evidence	consolidated	Consolidated into the locked canonical page responsibility.	yes	yes
TEXT-37	02-collect/source-data/site-text/ouroutdoorclassrooms--945f7582.txt	Official page text inventory	ouroutdoorclassrooms		Verified current public information	captured-current; launch review still required	/approach	Canonical page evidence	consolidated	Consolidated into the locked canonical page responsibility.	yes	yes
TEXT-38	02-collect/source-data/site-text/press--bf7a766b.txt	Official page text inventory	press		Verified current public information	captured-current; launch review still required	/news	Canonical page evidence	consolidated	Consolidated into the locked canonical page responsibility.	yes	yes
TEXT-39	02-collect/source-data/site-text/professional-development--3df64ae7.txt	Official page text inventory	professional development		Verified current public information	captured-current; launch review still required	/professional-development	Canonical page evidence	consolidated	Consolidated into the locked canonical page responsibility.	yes	yes
TEXT-40	02-collect/source-data/site-text/questions--40e47008.txt	Official page text inventory	questions		Verified current public information	captured-current; launch review still required	/contact	Canonical page evidence	consolidated	Consolidated into the locked canonical page responsibility.	yes	yes
TEXT-41	02-collect/source-data/site-text/root--34bff215.txt	Official page text inventory	root		Verified current public information	captured-current; launch review still required	/	Canonical page evidence	consolidated	Consolidated into the locked canonical page responsibility.	yes	yes
TEXT-42	02-collect/source-data/site-text/studio-classrooms--c0a1ee92.txt	Official page text inventory	studio classrooms		Verified current public information	captured-current; launch review still required	/programs	Canonical page evidence	consolidated	Consolidated into the locked canonical page responsibility.	yes	yes
TEXT-43	02-collect/source-data/site-text/summer-at-gardengate--0ac8e0d0.txt	Official page text inventory	summer at gardengate		Verified current public information	captured-current; launch review still required	/programs	Canonical page evidence	consolidated	Consolidated into the locked canonical page responsibility.	yes	yes
